pitcher,season,name,n,acc_count,acc_seq,gain
434378,2024,"Verlander, Justin",1580,0.46954314720812185,0.4686971235194585,-0.0008460236886633221
434378,2025,"Verlander, Justin",2608,0.44964028776978415,0.4686536485097636,0.019013360739979446
445276,2024,"Jansen, Kenley",801,0.8044596912521441,0.8044596912521441,0.0
445276,2025,"Jansen, Kenley",869,0.7610062893081762,0.7610062893081762,0.0
445276,2026,"Jansen, Kenley",725,0.7802197802197802,0.7802197802197802,0.0
445926,2024,"Chavez, Jesse",1044,0.5352112676056338,0.5428937259923176,0.007682458386683799
450203,2024,"Morton, Charlie",2791,0.46957355055103017,0.4686152371825587,-0.000958313368471464
450203,2025,"Morton, Charlie",2548,0.4276663146779303,0.40707497360084477,-0.020591341077085545
453286,2024,"Scherzer, Max",669,0.42362525458248473,0.4195519348268839,-0.004073319755600824
453286,2025,"Scherzer, Max",1390,0.44713870029097963,0.4655674102812803,0.018428709990300662
453286,2026,"Scherzer, Max",1461,0.4470802919708029,0.458029197080292,0.010948905109489093
455119,2024,"Martin, Chris",657,0.44025157232704404,0.4989517819706499,0.05870020964360584
455119,2025,"Martin, Chris",638,0.3634408602150538,0.44946236559139785,0.08602150537634407
458677,2024,"Wilson, Justin",816,0.4769736842105263,0.4901315789473684,0.01315789473684209
458677,2025,"Wilson, Justin",816,0.4729064039408867,0.4663382594417077,-0.006568144499178974
458681,2024,"Lynn, Lance",2039,0.43455497382198954,0.5445026178010471,0.1099476439790576
471911,2024,"Carrasco, Carlos",1693,0.3311897106109325,0.3392282958199357,0.00803858520900319
471911,2025,"Carrasco, Carlos",779,0.3985890652557319,0.4056437389770723,0.007054673721340388
472610,2024,"García, Luis",897,0.5738724727838258,0.5847589424572317,0.010886469673405896
472610,2025,"García, Luis",896,0.6381381381381381,0.6186186186186187,-0.019519519519519468
472610,2026,"García, Luis",265,0.6282722513089005,0.6178010471204188,-0.010471204188481686
476594,2026,"Stock, Robert",560,0.4174757281553398,0.44902912621359226,0.03155339805825247
477132,2024,"Kershaw, Clayton",504,0.44986449864498645,0.4634146341463415,0.013550135501355032
477132,2025,"Kershaw, Clayton",1768,0.46283524904214557,0.47432950191570883,0.01149425287356326
489446,2024,"Yates, Kirby",1026,0.5939470365699874,0.6204287515762925,0.02648171500630514
489446,2025,"Yates, Kirby",762,0.6072041166380789,0.6037735849056604,-0.0034305317324185847
489446,2026,"Yates, Kirby",726,0.6313868613138686,0.666058394160584,0.034671532846715425
493603,2024,"Ottavino, Adam",1003,0.4182058047493404,0.4419525065963061,0.0237467018469657
500779,2024,"Quintana, Jose",2819,0.406755470980019,0.41531874405328256,0.008563273073263544
500779,2025,"Quintana, Jose",2174,0.4588744588744589,0.4427952999381571,-0.016079158936301796
500779,2026,"Quintana, Jose",816,0.3466003316749585,0.39303482587064675,0.046434494195688236
502043,2024,"Gibson, Kyle",2764,0.33692458374143,0.3388834476003918,0.0019588638589618235
502043,2025,"Gibson, Kyle",280,0.32367149758454106,0.32367149758454106,0.0
502085,2024,"Robertson, David",1211,0.644880174291939,0.664488017429194,0.019607843137254943
502085,2025,"Robertson, David",304,0.44493392070484583,0.44052863436123346,-0.004405286343612369
502624,2024,"Anderson, Chase",1016,0.45860709592641263,0.4507227332457293,-0.007884362680683321
506433,2024,"Darvish, Yu",1260,0.24245689655172414,0.25754310344827586,0.015086206896551713
506433,2025,"Darvish, Yu",1156,0.2100350058343057,0.24970828471411902,0.03967327887981331
518397,2024,"Alexander, Scott",566,0.6601941747572816,0.6893203883495146,0.029126213592232997
518397,2025,"Alexander, Scott",313,0.6594827586206896,0.6293103448275862,-0.030172413793103425
518489,2024,"Brasier, Ryan",374,0.4696969696969697,0.4659090909090909,-0.00378787878787884
518489,2025,"Brasier, Ryan",404,0.45819397993311034,0.43478260869565216,-0.02341137123745818
518585,2024,"Cruz, Fernando",1138,0.6549295774647887,0.653755868544601,-0.0011737089201877549
518585,2025,"Cruz, Fernando",792,0.727580372250423,0.7597292724196277,0.032148900169204686
518585,2026,"Cruz, Fernando",944,0.7130801687763713,0.7144866385372715,0.0014064697609001975
518617,2024,"Diekman, Jake",627,0.549792531120332,0.5394190871369294,-0.010373443983402564
518876,2024,"Kelly, Merrill",1142,0.2845238095238095,0.28809523809523807,0.0035714285714285587
518876,2025,"Kelly, Merrill",2833,0.3333333333333333,0.3222862632084534,-0.011047070124879932
518876,2026,"Kelly, Merrill",2616,0.3422431865828092,0.35115303983228513,0.008909853249475908
518886,2024,"Kimbrel, Craig",963,0.6941015089163237,0.7037037037037037,0.009602194787380003
518886,2026,"Kimbrel, Craig",776,0.6517241379310345,0.6517241379310345,0.0
519008,2024,"McFarland, T.J.",836,0.39603960396039606,0.466996699669967,0.07095709570957093
519008,2025,"McFarland, T.J.",272,0.4494949494949495,0.42424242424242425,-0.02525252525252525
519043,2024,"Moore, Matt",854,0.5769828926905132,0.5987558320373251,0.021772939346811904
519141,2025,"Pomeranz, Drew",800,0.7307692307692307,0.7658862876254181,0.03511705685618738
519141,2026,"Pomeranz, Drew",478,0.7377521613832853,0.7435158501440923,0.0057636887608070175
519151,2024,"Pressly, Ryan",969,0.31215469613259667,0.35220994475138123,0.04005524861878457
519151,2025,"Pressly, Ryan",661,0.325678496868476,0.31941544885177453,-0.006263048016701467
519242,2024,"Sale, Chris",2815,0.423495973472288,0.4992894362861203,0.07579346281383231
519242,2025,"Sale, Chris",2031,0.5138522427440633,0.5804749340369393,0.06662269129287601
519242,2026,"Sale, Chris",2574,0.4903796151846074,0.5195007800312013,0.029121164846593883
519293,2024,"Smith, Will",673,0.5316973415132924,0.5541922290388548,0.02249488752556239
519326,2024,"Strickland, Hunter",1157,0.3626882966396292,0.3986095017381228,0.035921205098493614
519326,2025,"Strickland, Hunter",332,0.34156378600823045,0.30864197530864196,-0.032921810699588494
523260,2024,"Kelly, Joe",552,0.36097560975609755,0.4195121951219512,0.058536585365853655
527048,2024,"Pérez, Martín",2204,0.3930564166150031,0.3862368257904526,-0.0068195908245505255
527048,2025,"Pérez, Martín",902,0.38095238095238093,0.38244047619047616,0.0014880952380952328
527048,2026,"Pérez, Martín",2244,0.4520631067961165,0.4690533980582524,0.016990291262135915
541640,2024,"Ramírez, Erasmo",302,0.3778801843317972,0.3686635944700461,-0.009216589861751112
542585,2024,"Cisnero, José",313,0.4100418410041841,0.4435146443514644,0.03347280334728031
542881,2024,"Anderson, Tyler",2914,0.4644020474639367,0.49139134481154023,0.026989297347603525
542881,2025,"Anderson, Tyler",2339,0.4334098737083812,0.4632606199770379,0.02985074626865669
542888,2024,"Armstrong, Shawn",1109,0.4132841328413284,0.4182041820418204,0.004920049200491994
542888,2025,"Armstrong, Shawn",1118,0.34772182254196643,0.38848920863309355,0.04076738609112712
542888,2026,"Armstrong, Shawn",628,0.3860759493670886,0.35654008438818563,-0.02953586497890298
543037,2024,"Cole, Gerrit",1534,0.45676855895196505,0.45327510917030567,-0.0034934497816593857
543037,2026,"Cole, Gerrit",1923,0.4836879432624113,0.47375886524822697,-0.009929078014184356
543056,2024,"Coulombe, Danny",466,0.45403899721448465,0.4596100278551532,0.005571030640668551
543056,2025,"Coulombe, Danny",719,0.45571955719557194,0.44649446494464945,-0.009225092250922495
543056,2026,"Coulombe, Danny",385,0.3391003460207612,0.38408304498269896,0.04498269896193774
543101,2025,"DeSclafani, Anthony",634,0.36774193548387096,0.35053763440860214,-0.017204301075268824
543135,2024,"Eovaldi, Nathan",2622,0.43896103896103894,0.4587012987012987,0.01974025974025978
543135,2025,"Eovaldi, Nathan",1919,0.38764044943820225,0.398876404494382,0.011235955056179747
543135,2026,"Eovaldi, Nathan",2220,0.40722291407222916,0.39975093399750933,-0.007471980074719831
543243,2024,"Gray, Sonny",2483,0.46047540077390825,0.44776119402985076,-0.012714206744057488
543243,2025,"Gray, Sonny",2718,0.41539245667686037,0.44240570846075433,0.027013251783893966
543243,2026,"Gray, Sonny",2474,0.4161073825503356,0.3965324384787472,-0.019574944071588385
543294,2024,"Hendricks, Kyle",2135,0.4827365728900256,0.5006393861892583,0.01790281329923271
543294,2025,"Hendricks, Kyle",2571,0.4989350372736954,0.4968051118210863,-0.0021299254526091493
543339,2024,"Hudson, Daniel",999,0.5804289544235925,0.546916890080429,-0.03351206434316356
543351,2024,"Jackson, Jay",453,0.5663716814159292,0.5752212389380531,0.008849557522123908
543518,2024,"McGough, Scott",577,0.44730679156908665,0.4449648711943794,-0.0023419203747072626
543518,2025,"McGough, Scott",297,0.30180180180180183,0.33783783783783783,0.036036036036036
543859,2024,"Tonkin, Michael",1419,0.4925925925925926,0.5212962962962963,0.028703703703703676
543859,2025,"Tonkin, Michael",397,0.6143344709897611,0.6143344709897611,0.0
544150,2024,"Suárez, Albert",2233,0.47422062350119903,0.5245803357314148,0.05035971223021579
544150,2026,"Suárez, Albert",970,0.5021216407355021,0.57001414427157,0.0678925035360679
547001,2024,"Poteet, Cody",384,0.2881944444444444,0.3020833333333333,0.013888888888888895
547179,2024,"Lorenzen, Michael",2092,0.3410553410553411,0.3507078507078507,0.009652509652509633
547179,2025,"Lorenzen, Michael",2318,0.27001753360607833,0.2706019871420222,0.0005844535359438852
547179,2026,"Lorenzen, Michael",2399,0.30842696629213484,0.3112359550561798,0.0028089887640449507
547184,2024,"Kelly, Michael",470,0.6180758017492711,0.6326530612244898,0.014577259475218707
547184,2025,"Kelly, Michael",658,0.5314401622718052,0.5598377281947262,0.028397565922920975
547973,2024,"Chapman, Aroldis",1128,0.48491879350348027,0.5162412993039444,0.031322505800464084
547973,2025,"Chapman, Aroldis",917,0.502177068214804,0.4949201741654572,-0.007256894049346818
547973,2026,"Chapman, Aroldis",841,0.4729299363057325,0.4856687898089172,0.01273885350318471
548384,2025,"Raley, Brooks",388,0.4359861591695502,0.4359861591695502,0.0
548384,2026,"Raley, Brooks",842,0.4281098546042003,0.4297253634894992,0.0016155088852988775
548389,2024,"Stripling, Ross",1358,0.3421859039836568,0.36363636363636365,0.021450459652706866
552640,2024,"Kittredge, Andrew",1028,0.5558546433378196,0.5545087483176312,-0.0013458950201884479
552640,2025,"Kittredge, Andrew",768,0.6060606060606061,0.6149732620320856,0.0089126559714795
552640,2026,"Kittredge, Andrew",711,0.536144578313253,0.5602409638554217,0.02409638554216864
554340,2024,"García, Yimi",619,0.44871794871794873,0.41239316239316237,-0.03632478632478636
554340,2025,"García, Yimi",359,0.4888888888888889,0.5,0.011111111111111127
554430,2024,"Wheeler, Zack",3134,0.4191897654584222,0.41407249466950957,-0.005117270788912609
554430,2025,"Wheeler, Zack",2394,0.42081949058693247,0.42248062015503873,0.0016611295681062677
554430,2026,"Wheeler, Zack",2649,0.37325349301397204,0.35528942115768464,-0.0179640718562874
570632,2024,"Ureña, José",1759,0.4394757131842714,0.4818812644564379,0.0424055512721665
570632,2025,"Ureña, José",934,0.41739130434782606,0.4405797101449275,0.023188405797101463
571510,2024,"Boyd, Matthew",669,0.3538767395626243,0.3856858846918489,0.031809145129224614
571510,2025,"Boyd, Matthew",2746,0.4866732477788746,0.5004935834155972,0.013820335636722636
571510,2026,"Boyd, Matthew",1957,0.4745644599303136,0.47874564459930313,0.004181184668989535
571578,2024,"Corbin, Patrick",2888,0.38650306748466257,0.38839075035394055,0.0018876828692779846
571578,2025,"Corbin, Patrick",2588,0.3668054110301769,0.42247658688865763,0.05567117585848075
571578,2026,"Corbin, Patrick",1412,0.332697807435653,0.3517635843660629,0.019065776930409895
571656,2024,"Farmer, Buck",1168,0.494279176201373,0.4919908466819222,-0.0022883295194507935
571670,2024,"Floro, Dylan",1018,0.4871447902571042,0.5087956698240866,0.021650879566982417
571760,2024,"Heaney, Andrew",2731,0.5083415112855741,0.5117762512266928,0.0034347399411186474
571760,2025,"Heaney, Andrew",2082,0.46567357512953367,0.4579015544041451,-0.007772020725388573
571882,2024,"Law, Derek",1368,0.4646061814556331,0.47058823529411764,0.005982053838484547
571927,2024,"Matz, Steven",754,0.5681415929203539,0.5716814159292035,0.0035398230088495852
571927,2025,"Matz, Steven",1159,0.5529411764705883,0.5611764705882353,0.008235294117647007
571927,2026,"Matz, Steven",1345,0.4905284147557328,0.5254237288135594,0.03489531405782659
571945,2024,"Mikolas, Miles",2703,0.32088799192734613,0.30625630676084764,-0.014631685166498487
571945,2025,"Mikolas, Miles",2480,0.31860850358917725,0.36664826062948647,0.04803975704030922
571945,2026,"Mikolas, Miles",1826,0.2616892911010558,0.3190045248868778,0.057315233785821984
571946,2024,"Miller, Shelby",850,0.5984,0.584,-0.01440000000000008
571946,2025,"Miller, Shelby",705,0.5950095969289827,0.5489443378119002,-0.04606525911708248
571948,2024,"Milner, Hoby",1043,0.3634020618556701,0.4252577319587629,0.061855670103092786
571948,2025,"Milner, Hoby",1157,0.3517877739331027,0.4429065743944637,0.091118800461361
571948,2026,"Milner, Hoby",674,0.40963855421686746,0.41767068273092367,0.008032128514056214
572020,2024,"Paxton, James",1708,0.5239968528717546,0.5515342250196695,0.027537372147914962
572143,2024,"Smith, Burch",896,0.5374045801526718,0.5374045801526718,0.0
572143,2026,"Smith, Burch",287,0.45794392523364486,0.4485981308411215,-0.009345794392523366
572955,2024,"Johnson, Pierce",916,0.7033773861967695,0.7033773861967695,0.0
572955,2025,"Johnson, Pierce",968,0.7184065934065934,0.7184065934065934,0.0
572955,2026,"Johnson, Pierce",840,0.6184419713831478,0.6359300476947536,0.01748807631160576
572971,2024,"Keuchel, Dallas",308,0.5764192139737991,0.5851528384279476,0.008733624454148492
573009,2024,"Mantiply, Joe",867,0.6196513470681458,0.5816164817749604,-0.03803486529318545
573009,2026,"Mantiply, Joe",399,0.6202090592334495,0.6236933797909407,0.0034843205574912606
573124,2024,"Rogers, Taylor",1082,0.5498199279711885,0.5366146458583433,-0.013205282112845218
573124,2025,"Rogers, Taylor",894,0.5830860534124629,0.5845697329376854,0.0014836795252225476
573124,2026,"Rogers, Taylor",1076,0.5174129353233831,0.5024875621890548,-0.01492537313432829
573186,2024,"Stroman, Marcus",2657,0.36409480584972265,0.3787191124558749,0.01462430660615227
573186,2025,"Stroman, Marcus",704,0.3629489603024575,0.3648393194706994,0.0018903591682419285
573204,2024,"Thielbar, Caleb",887,0.5453194650817236,0.5170876671619614,-0.028231797919762158
573204,2025,"Thielbar, Caleb",839,0.441747572815534,0.48705501618122976,0.045307443365695754
573204,2026,"Thielbar, Caleb",848,0.44043887147335425,0.4106583072100313,-0.02978056426332293
579328,2024,"Kikuchi, Yusei",2923,0.45350435180943655,0.4489234997709574,-0.004580852038479133
579328,2025,"Kikuchi, Yusei",3094,0.49440619621342513,0.4974182444061962,0.0030120481927710663
579328,2026,"Kikuchi, Yusei",1202,0.4209354120267261,0.4354120267260579,0.014476614699331813
592094,2024,"Adam, Jason",1109,0.4147521160822249,0.4026602176541717,-0.012091898428053194
592094,2025,"Adam, Jason",1087,0.4339853300733496,0.44254278728606355,0.008557457212713948
592094,2026,"Adam, Jason",583,0.3877551020408163,0.3673469387755102,-0.02040816326530609
592155,2024,"Booser, Cam",695,0.571150097465887,0.5750487329434698,0.003898635477582846
592155,2025,"Booser, Cam",571,0.48243559718969553,0.48711943793911006,0.004683840749414525
592155,2026,"Booser, Cam",573,0.3523809523809524,0.3904761904761905,0.03809523809523807
592288,2024,"Emanuel, Kent",302,0.5909090909090909,0.5818181818181818,-0.00909090909090915
592332,2024,"Gausman, Kevin",2868,0.5002348520432128,0.529356505401597,0.029121653358384125
592332,2025,"Gausman, Kevin",3030,0.526595744680851,0.5678191489361702,0.04122340425531923
592332,2026,"Gausman, Kevin",3003,0.5448888888888889,0.5515555555555556,0.00666666666666671
592351,2024,"Gray, Jon",1620,0.505922165820643,0.5820642978003384,0.07614213197969544
592426,2024,"Jackson, Luke",917,0.5315712187958884,0.5256975036710719,-0.005873715124816492
592426,2025,"Jackson, Luke",782,0.5477031802120141,0.5512367491166078,0.0035335689045936647
592454,2024,"Kahnle, Tommy",750,0.736013986013986,0.736013986013986,0.0
592454,2025,"Kahnle, Tommy",1035,0.8359375,0.8359375,0.0
592662,2024,"Ray, Robbie",568,0.5570776255707762,0.5616438356164384,0.004566210045662156
592662,2025,"Ray, Robbie",3069,0.5291828793774319,0.5248594898400346,-0.004323389537397304
592662,2026,"Ray, Robbie",2854,0.38361266294227186,0.40782122905027934,0.02420856610800748
592767,2024,"Smyly, Drew",1016,0.5643044619422573,0.6601049868766404,0.09580052493438318
592773,2024,"Stanek, Ryne",977,0.5894308943089431,0.5826558265582655,-0.006775067750677599
592773,2025,"Stanek, Ryne",1063,0.5643564356435643,0.5544554455445545,-0.009900990099009799
592773,2026,"Stanek, Ryne",1079,0.5110837438423645,0.5197044334975369,0.008620689655172376
592779,2024,"Stewart, Brock",268,0.475,0.46,-0.014999999999999958
592779,2025,"Stewart, Brock",610,0.5432372505543237,0.5365853658536586,-0.006651884700665134
592779,2026,"Stewart, Brock",382,0.46953405017921146,0.4551971326164875,-0.014336917562723983
592791,2024,"Taillon, Jameson",2483,0.40099557522123896,0.42146017699115046,0.020464601769911495
592791,2025,"Taillon, Jameson",1979,0.4407128169979438,0.4537354352296093,0.013022618231665506
592791,2026,"Taillon, Jameson",1443,0.4044734389561976,0.4119291705498602,0.00745573159366264
592836,2024,"Walker, Taijuan",1435,0.3288973384030418,0.3203422053231939,-0.008555133079847899
592836,2025,"Walker, Taijuan",2061,0.375,0.3651315789473684,-0.009868421052631582
592836,2026,"Walker, Taijuan",424,0.33116883116883117,0.32142857142857145,-0.009740259740259716
592866,2024,"Williams, Trevor",1064,0.3835616438356164,0.37982565379825656,-0.00373599003735986
592866,2025,"Williams, Trevor",1448,0.4306976744186046,0.4493023255813953,0.018604651162790697
592866,2026,"Williams, Trevor",514,0.4263959390862944,0.4543147208121827,0.027918781725888298
593334,2024,"Germán, Domingo",373,0.45054945054945056,0.4358974358974359,-0.014652014652014655
593423,2024,"Montas, Frankie",2633,0.4013191273465246,0.3982749873160832,-0.0030441400304414
593423,2025,"Montas, Frankie",708,0.2622641509433962,0.24716981132075472,-0.015094339622641506
593576,2024,"Neris, Héctor",1008,0.5374331550802139,0.5320855614973262,-0.005347593582887722
593576,2025,"Neris, Héctor",548,0.41843971631205673,0.46099290780141844,0.04255319148936171
593958,2024,"Rodriguez, Eduardo",866,0.43146417445482865,0.4501557632398754,0.01869158878504673
593958,2025,"Rodriguez, Eduardo",2588,0.4545934530095037,0.455649419218585,0.0010559662090812716
593958,2026,"Rodriguez, Eduardo",3066,0.3974527887571366,0.42160737812911725,0.024154589371980673
593974,2024,"Peralta, Wandy",613,0.54,0.5422222222222223,0.0022222222222222365
593974,2025,"Peralta, Wandy",1138,0.5465538089480049,0.5465538089480049,0.0
593974,2026,"Peralta, Wandy",1224,0.4844789356984479,0.5077605321507761,0.02328159645232819
594027,2026,"Guerrero, Tyron",607,0.8257918552036199,0.8257918552036199,0.0
594580,2024,"Moll, Sam",624,0.3691983122362869,0.4029535864978903,0.03375527426160341
594580,2025,"Moll, Sam",332,0.508,0.516,0.008000000000000007
594580,2026,"Moll, Sam",1073,0.6132190942472461,0.6193390452876377,0.006119951040391647
594798,2025,"deGrom, Jacob",2614,0.4647452393206382,0.45856922285126095,-0.006176016469377266
594798,2026,"deGrom, Jacob",2735,0.4641819941916747,0.49080348499515974,0.026621490803485026
594835,2024,"Gonzales, Marco",546,0.2810126582278481,0.28354430379746837,0.0025316455696202667
594902,2024,"Lively, Ben",2406,0.40349887133182843,0.41817155756207675,0.01467268623024831
594902,2025,"Lively, Ben",719,0.44074074074074077,0.44074074074074077,0.0
595014,2024,"Treinen, Blake",737,0.5281306715063521,0.5335753176043557,0.005444646098003658
595014,2025,"Treinen, Blake",511,0.5272727272727272,0.5376623376623376,0.010389610389610393
595014,2026,"Treinen, Blake",494,0.4958904109589041,0.5205479452054794,0.024657534246575297
595345,2024,"Okert, Steven",616,0.6013071895424836,0.6013071895424836,0.0
595345,2025,"Okert, Steven",1051,0.5909677419354838,0.6335483870967742,0.04258064516129034
595345,2026,"Okert, Steven",1050,0.6776649746192893,0.6776649746192893,0.0
595881,2024,"Beede, Tyler",265,0.41116751269035534,0.43147208121827413,0.020304568527918787
595928,2025,"Curtiss, John",545,0.5445544554455446,0.5346534653465347,-0.00990099009900991
596001,2024,"Junis, Jakob",943,0.4927536231884058,0.48405797101449277,-0.008695652173913049
596001,2025,"Junis, Jakob",1032,0.49340369393139843,0.49604221635883905,0.002638522427440615
596001,2026,"Junis, Jakob",845,0.4290375203915171,0.4371941272430669,0.008156606851549786
596133,2024,"Weaver, Luke",1374,0.48322147651006714,0.4851390220517737,0.001917545541706589
596133,2025,"Weaver, Luke",1049,0.5730622617534943,0.5717916137229987,-0.0012706480304955914
596133,2026,"Weaver, Luke",903,0.5075075075075075,0.5,-0.007507507507507505
596271,2025,"Lawrence, Casey",276,0.45918367346938777,0.4642857142857143,0.005102040816326536
596295,2024,"Gomber, Austin",2621,0.38513513513513514,0.39293139293139295,0.007796257796257811
596295,2025,"Gomber, Austin",999,0.33975240715268223,0.3631361760660248,0.02338376891334254
600917,2024,"Leclerc, José",1204,0.37595628415300547,0.4568306010928962,0.08087431693989072
600986,2024,"Vieira, Thyago",737,0.45357142857142857,0.45,-0.0035714285714285587
601713,2024,"Pivetta, Nick",2386,0.5153545505304299,0.5142378559463987,-0.001116694584031186
601713,2025,"Pivetta, Nick",2851,0.468075117370892,0.49389671361502346,0.02582159624413144
601713,2026,"Pivetta, Nick",578,0.5606407322654462,0.5606407322654462,0.0
605121,2024,"Anderson, Justin",945,0.5320056899004267,0.5277382645803699,-0.004267425320056861
605130,2024,"Barlow, Scott",1022,0.4398976982097187,0.45268542199488493,0.012787723785166238
605130,2025,"Barlow, Scott",1272,0.35118434603501547,0.36251287332646753,0.011328527291452062
605130,2026,"Barlow, Scott",581,0.40093240093240096,0.4358974358974359,0.03496503496503495
605135,2024,"Bassitt, Chris",2959,0.4012738853503185,0.4067333939945405,0.005459508644222011
605135,2025,"Bassitt, Chris",2829,0.40009560229445507,0.41204588910133844,0.01195028680688337
605135,2026,"Bassitt, Chris",1731,0.3750985027580772,0.39164696611505123,0.01654846335697402
605154,2024,"Brebbia, John",994,0.5193075898801598,0.5898801597869507,0.07057256990679095
605154,2025,"Brebbia, John",459,0.45930232558139533,0.45930232558139533,0.0
605155,2024,"Brewer, Colten",391,0.43243243243243246,0.44594594594594594,0.013513513513513487
605156,2024,"Brooks, Aaron",403,0.4225352112676056,0.4225352112676056,0.0
605177,2024,"Chafin, Andrew",967,0.5822959889349931,0.5601659751037344,-0.022130013831258677
605177,2025,"Chafin, Andrew",614,0.5872340425531914,0.6340425531914894,0.04680851063829794
605182,2024,"Clevinger, Mike",303,0.3584070796460177,0.35398230088495575,-0.004424778761061954
605242,2026,"Fulmer, Michael",264,0.4411764705882353,0.45588235294117646,0.01470588235294118
605280,2024,"Holmes, Clay",1085,0.5540540540540541,0.5614250614250614,0.0073710073710073765
605280,2025,"Holmes, Clay",2764,0.47322297955209347,0.47127555988315484,-0.0019474196689386325
605280,2026,"Holmes, Clay",1613,0.5217755443886097,0.5293132328308208,0.007537688442211032
605288,2024,"Houser, Adrian",1131,0.4378048780487805,0.4329268292682927,-0.004878048780487809
605288,2025,"Houser, Adrian",1892,0.4653537563822028,0.47045951859956237,0.0051057622173595885
605288,2026,"Houser, Adrian",1731,0.44126984126984126,0.4388888888888889,-0.0023809523809523725
605347,2024,"López, Jorge",802,0.4341880341880342,0.4239316239316239,-0.010256410256410275
605347,2025,"López, Jorge",386,0.5,0.5178571428571429,0.017857142857142905
605397,2024,"Musgrove, Joe",1582,0.3099315068493151,0.2902397260273973,-0.019691780821917804
605400,2024,"Nola, Aaron",3189,0.37293868921775897,0.35306553911205074,-0.019873150105708226
605400,2025,"Nola, Aaron",1568,0.34108527131782945,0.34280792420327305,0.0017226528854435985
605400,2026,"Nola, Aaron",2946,0.36466848319709355,0.37693006357856496,0.012261580381471404
605447,2025,"Romano, Jordan",701,0.629126213592233,0.6640776699029126,0.03495145631067964
605447,2026,"Romano, Jordan",643,0.5458248472505092,0.5885947046843177,0.04276985743380857
605452,2024,"Ross, Joe",1197,0.38857142857142857,0.39085714285714285,0.00228571428571428
605452,2025,"Ross, Joe",862,0.3864353312302839,0.37697160883280756,-0.009463722397476337
605463,2024,"Scott, Tayler",1203,0.496199782844734,0.5146579804560261,0.018458197611292082
605463,2025,"Scott, Tayler",536,0.5124378109452736,0.5074626865671642,-0.00497512437810943
605483,2024,"Snell, Blake",1773,0.4582409460458241,0.4597191426459719,0.0014781966001478075
605483,2025,"Snell, Blake",1028,0.3911917098445596,0.3873056994818653,-0.0038860103626943143
605483,2026,"Snell, Blake",741,0.4664310954063604,0.4664310954063604,0.0
605488,2024,"Springs, Jeffrey",565,0.36879432624113473,0.39243498817966904,0.023640661938534313
605488,2025,"Springs, Jeffrey",2847,0.45944678856071264,0.45569620253164556,-0.0037505860290670823
605488,2026,"Springs, Jeffrey",2464,0.4707809939923539,0.4849808847624249,0.014199890770071
605513,2024,"Turnbull, Spencer",916,0.3818443804034582,0.38328530259365995,0.0014409221902017544
605540,2025,"Woodruff, Brandon",964,0.44837340876944837,0.4497878359264498,0.0014144271570014078
605540,2026,"Woodruff, Brandon",639,0.4396551724137931,0.46336206896551724,0.023706896551724144
606149,2024,"Gallegos, Giovanny",401,0.48534201954397393,0.504885993485342,0.019543973941368087
606160,2024,"Montero, Rafael",683,0.46332046332046334,0.44787644787644787,-0.015444015444015469
606160,2025,"Montero, Rafael",1088,0.47607655502392343,0.5382775119617225,0.062200956937799035
606303,2024,"Payamps, Joel",899,0.39430284857571213,0.42278860569715143,0.028485757121439303
606303,2025,"Payamps, Joel",449,0.49096385542168675,0.5,0.009036144578313254
606930,2024,"Barnes, Jacob",1117,0.5303210463733651,0.5469678953626635,0.01664684898929847
606965,2024,"Devenski, Chris",533,0.49878345498783455,0.5109489051094891,0.012165450121654542
606965,2025,"Devenski, Chris",262,0.49238578680203043,0.47715736040609136,-0.015228426395939076
606996,2025,"Hart, Kyle",691,0.296875,0.310546875,0.013671875
606996,2026,"Hart, Kyle",1071,0.4533001245330012,0.4383561643835616,-0.014943960149439606
607067,2024,"Rea, Colin",2650,0.3488372093023256,0.3524547803617571,0.0036175710594315014
607067,2025,"Rea, Colin",2533,0.389186295503212,0.38383297644539616,-0.005353319057815831
607067,2026,"Rea, Colin",2226,0.41366687004270897,0.3947528981086028,-0.018913971934106155
607074,2024,"Rodón, Carlos",3102,0.516934801016088,0.5182049110922947,0.0012701100762066986
607074,2025,"Rodón, Carlos",3212,0.4576621230896324,0.459727385377943,0.0020652622883106098
607074,2026,"Rodón, Carlos",1438,0.47584320875113945,0.4658158614402917,-0.010027347310847756
607179,2024,"Weems, Jordan",733,0.595903165735568,0.5921787709497207,-0.003724394785847296
607192,2024,"Glasnow, Tyler",2011,0.41318977119784656,0.45423956931359355,0.041049798115746994
607192,2025,"Glasnow, Tyler",1480,0.41778975741239893,0.431266846361186,0.013477088948787075
607192,2026,"Glasnow, Tyler",1149,0.39211136890951276,0.3990719257540603,0.00696055684454755
607200,2024,"Fedde, Erick",2891,0.4265249537892791,0.45471349353049906,0.02818853974121993
607200,2025,"Fedde, Erick",2369,0.3853211009174312,0.3973623853211009,0.012041284403669694
607200,2026,"Fedde, Erick",2413,0.40841173215273935,0.442169341449917,0.03375760929717764
607259,2024,"Martinez, Nick",2125,0.35434083601286176,0.34662379421221867,-0.007717041800643087
607259,2025,"Martinez, Nick",2577,0.32118330692023245,0.3079767564712097,-0.013206550449022747
607259,2026,"Martinez, Nick",2522,0.3622222222222222,0.41388888888888886,0.05166666666666664
607455,2024,"Banda, Anthony",774,0.4868189806678383,0.5413005272407733,0.05448154657293497
607455,2025,"Banda, Anthony",1065,0.52125,0.495,-0.026249999999999996
607455,2026,"Banda, Anthony",608,0.4567627494456763,0.4656319290465632,0.0088691796008869
607481,2024,"Bummer, Aaron",974,0.5383561643835616,0.5315068493150685,-0.006849315068493067
607481,2025,"Bummer, Aaron",932,0.4699140401146132,0.5157593123209169,0.04584527220630369
607481,2026,"Bummer, Aaron",328,0.4375,0.42083333333333334,-0.016666666666666663
607536,2024,"Freeland, Kyle",1769,0.29153605015673983,0.3377742946708464,0.046238244514106575
607536,2025,"Freeland, Kyle",2482,0.38366197183098594,0.38760563380281693,0.003943661971830992
607536,2026,"Freeland, Kyle",2187,0.28417037507946596,0.2739987285441831,-0.010171646535282852
607625,2024,"Lugo, Seth",3112,0.29243623570800353,0.297273526824978,0.0048372911169744515
607625,2025,"Lugo, Seth",2380,0.288385269121813,0.288385269121813,0.0
607625,2026,"Lugo, Seth",2858,0.2611585944919278,0.24358974358974358,-0.017568850902184213
607644,2024,"Means, John",320,0.37916666666666665,0.39166666666666666,0.012500000000000011
608032,2024,"Estévez, Carlos",821,0.6372549019607843,0.6519607843137255,0.014705882352941235
608032,2025,"Estévez, Carlos",1043,0.5282776349614395,0.5282776349614395,0.0
608331,2024,"Fried, Max",2761,0.31915933528836754,0.34359726295210163,0.024437927663734094
608331,2025,"Fried, Max",3109,0.3245233968804159,0.33882149046793764,0.01429809358752171
608331,2026,"Fried, Max",1696,0.31245043616177637,0.3164155432196669,0.003965107057890549
608334,2024,"Fulmer, Carson",1472,0.3895985401459854,0.3777372262773723,-0.01186131386861311
608334,2025,"Fulmer, Carson",460,0.3857566765578635,0.4065281899109792,0.020771513353115723
608337,2025,"Giolito, Lucas",2367,0.4540262707024557,0.4603083952027413,0.006282124500285591
608337,2026,"Giolito, Lucas",551,0.4213075060532688,0.45278450363196127,0.03147699757869249
608344,2024,"Irvin, Cole",1767,0.2456828885400314,0.3108320251177394,0.06514913657770799
608371,2024,"Sims, Lucas",885,0.4663677130044843,0.45440956651718983,-0.011958146487294485
608371,2025,"Sims, Lucas",279,0.45893719806763283,0.45410628019323673,-0.004830917874396101
608372,2025,"Sugano, Tomoyuki",2565,0.385918475383801,0.39015352038115403,0.004235044997353055
608372,2026,"Sugano, Tomoyuki",2522,0.2792068595927117,0.2802786709539121,0.0010718113612004365
608379,2024,"Wacha, Michael",2602,0.4001043296817945,0.4194053208137715,0.01930099113197703
608379,2025,"Wacha, Michael",2665,0.3453052847614161,0.3304258594150847,-0.01487942534633141
608379,2026,"Wacha, Michael",3028,0.3677797833935018,0.38041516245487367,0.012635379061371854
608566,2025,"Márquez, Germán",2085,0.46987951807228917,0.48125836680053546,0.011378848728246294
608566,2026,"Márquez, Germán",918,0.33480176211453744,0.368575624082232,0.03377386196769455
608638,2024,"Chargois, JT",529,0.6449086161879896,0.6657963446475196,0.02088772845953002
608650,2025,"Enns, Dietrich",741,0.4077490774907749,0.4132841328413284,0.005535055350553542
608650,2026,"Enns, Dietrich",291,0.5294117647058824,0.5248868778280543,-0.004524886877828038
608665,2025,"Graveman, Kendall",324,0.5352697095435685,0.5352697095435685,0.0
608678,2024,"Leone, Dominic",361,0.326007326007326,0.3333333333333333,0.0073260073260073
608717,2024,"Stratton, Chris",994,0.34417344173441733,0.37533875338753386,0.031165311653116534
608717,2025,"Stratton, Chris",411,0.41042345276872966,0.3811074918566775,-0.02931596091205213
608718,2024,"Suter, Brent",1022,0.3882978723404255,0.4521276595744681,0.06382978723404259
608718,2025,"Suter, Brent",1116,0.5126658624849216,0.5054282267792521,-0.007237635705669487
608718,2026,"Suter, Brent",1526,0.3996524761077324,0.4161598609904431,0.016507384882710696
608723,2024,"Voth, Austin",974,0.384297520661157,0.38292011019283745,-0.0013774104683195731
613534,2024,"Adams, Austin",805,0.7495934959349594,0.7495934959349594,0.0
614179,2024,"Ruiz, José",835,0.48303715670436187,0.46365105008077545,-0.01938610662358642
614179,2025,"Ruiz, José",302,0.2882882882882883,0.2927927927927928,0.004504504504504514
615698,2024,"Quantrill, Cal",2643,0.37367624810892586,0.42309631870902675,0.049420070600100896
615698,2025,"Quantrill, Cal",2004,0.3698722259583053,0.3698722259583053,0.0
615698,2026,"Quantrill, Cal",1669,0.39771801140994295,0.3895680521597392,-0.008149959250203731
620454,2025,"Castillo, José",543,0.5076142131979695,0.5329949238578681,0.025380710659898553
621016,2024,"Cuas, Jose",319,0.48945147679324896,0.48945147679324896,0.0
621016,2026,"Cuas, Jose",473,0.4808743169398907,0.4371584699453552,-0.04371584699453551
621051,2024,"Wilson, Steven",623,0.509719222462203,0.49892008639308855,-0.010799136069114479
621051,2025,"Wilson, Steven",974,0.601360544217687,0.6068027210884354,0.0054421768707483276
621053,2024,"Ferguson, Tyler",819,0.4469820554649266,0.4371941272430669,-0.009787928221859699
621053,2025,"Ferguson, Tyler",990,0.46236559139784944,0.4596774193548387,-0.0026881720430107503
621053,2026,"Ferguson, Tyler",293,0.46511627906976744,0.4372093023255814,-0.02790697674418602
621074,2026,"Rucker, Michael",757,0.415061295971979,0.425569176882662,0.010507880910682998
621097,2026,"Waguespack, Jacob",672,0.5030674846625767,0.4887525562372188,-0.014314928425357865
621107,2024,"Eflin, Zach",2447,0.3717366628830874,0.3745743473325766,0.0028376844494892306
621107,2025,"Eflin, Zach",1127,0.2974296205630355,0.3268053855569155,0.029375764993880005
621111,2024,"Buehler, Walker",1336,0.3218970736629667,0.34510595358224017,0.02320887991927345
621111,2025,"Buehler, Walker",2189,0.23551171393341552,0.25462392108508014,0.019112207151664617
621111,2026,"Buehler, Walker",2606,0.31131592421915005,0.3061955965181772,-0.005120327700972871
621112,2024,"Blackburn, Paul",1212,0.3076062639821029,0.3143176733780761,0.0067114093959732
621112,2025,"Blackburn, Paul",666,0.38085539714867617,0.37474541751527496,-0.006109979633401208
621112,2026,"Blackburn, Paul",1237,0.4428412874583796,0.4261931187569367,-0.016648168701442867
621114,2024,"Burr, Ryan",570,0.641860465116279,0.641860465116279,0.0
621121,2025,"McCullers Jr., Lance",1147,0.4261168384879725,0.41580756013745707,-0.010309278350515427
621121,2026,"McCullers Jr., Lance",793,0.38023450586264657,0.38023450586264657,0.0
621139,2025,"Kriske, Brooks",381,0.54421768707483,0.5374149659863946,-0.006802721088435382
621199,2024,"Bowman, Matt",497,0.46174863387978143,0.453551912568306,-0.008196721311475419
621199,2025,"Bowman, Matt",447,0.44144144144144143,0.4024024024024024,-0.03903903903903905
621237,2024,"Alvarado, José",1052,0.6486146095717884,0.6838790931989924,0.035264483627204024
621237,2025,"Alvarado, José",457,0.6239067055393586,0.6355685131195336,0.011661807580174988
621237,2026,"Alvarado, José",1129,0.6503496503496503,0.6736596736596736,0.023310023310023298
621242,2024,"Díaz, Edwin",912,0.6135057471264368,0.6436781609195402,0.030172413793103425
621242,2025,"Díaz, Edwin",1067,0.5662949194547707,0.6629491945477075,0.09665427509293678
621242,2026,"Díaz, Edwin",395,0.59,0.5966666666666667,0.00666666666666671
621244,2024,"Berríos, José",2914,0.40047058823529413,0.4131764705882353,0.012705882352941178
621244,2025,"Berríos, José",2583,0.3462559745087626,0.35581518852894317,0.009559214020180562
621294,2024,"Heller, Ben",255,0.32105263157894737,0.3157894736842105,-0.0052631578947368585
621345,2024,"Minter, A.J.",522,0.45219638242894056,0.5064599483204134,0.054263565891472854
621345,2026,"Minter, A.J.",677,0.5510204081632653,0.5551020408163265,0.004081632653061273
621363,2024,"Poche, Colin",543,0.6020408163265306,0.6505102040816326,0.04846938775510201
621366,2025,"Borucki, Ryan",594,0.4222222222222222,0.45111111111111113,0.02888888888888891
621366,2026,"Borucki, Ryan",380,0.4404332129963899,0.4223826714801444,-0.018050541516245466
621381,2024,"Strahm, Matt",981,0.5422818791946309,0.5463087248322148,0.004026845637583931
621381,2025,"Strahm, Matt",993,0.4762550881953867,0.47218453188602444,-0.004070556309362261
621381,2026,"Strahm, Matt",633,0.4597457627118644,0.4449152542372881,-0.014830508474576287
621383,2024,"Banks, Tanner",1174,0.39165701042873696,0.4171494785631518,0.02549246813441486
621383,2025,"Banks, Tanner",1084,0.43765281173594134,0.4229828850855746,-0.01466992665036676
621383,2026,"Banks, Tanner",669,0.42105263157894735,0.4311740890688259,0.010121457489878583
621389,2024,"Blach, Ty",1133,0.48318804483188044,0.4533001245330012,-0.02988792029887921
622065,2024,"Young, Alex",267,0.5326633165829145,0.5326633165829145,0.0
622072,2024,"Wood, Alex",756,0.45614035087719296,0.43859649122807015,-0.017543859649122806
622075,2024,"Almonte, Yency",267,0.572139303482587,0.5621890547263682,-0.00995024875621886
622088,2026,"Antone, Tejay",906,0.5417910447761194,0.5417910447761194,0.0
622098,2024,"Smith, Drew",328,0.4859437751004016,0.4859437751004016,0.0
622250,2024,"Sborz, Josh",284,0.5280373831775701,0.5233644859813084,-0.004672897196261738
622251,2024,"Staumont, Josh",420,0.6289308176100629,0.6194968553459119,-0.009433962264150941
622253,2024,"Tate, Dillon",590,0.5647058823529412,0.5764705882352941,0.0117647058823529
622491,2024,"Castillo, Luis",2858,0.4529714553111839,0.47075339260645765,0.017781937295273775
622491,2025,"Castillo, Luis",2988,0.48058902275769744,0.4725568942436412,-0.008032128514056214
622491,2026,"Castillo, Luis",2366,0.42019176536943037,0.42978003384094754,0.00958826847151717
622503,2025,"Crismatt, Nabil",534,0.4251968503937008,0.4356955380577428,0.010498687664041995
622554,2024,"Domínguez, Seranthony",1064,0.41903584672435107,0.44499381953028433,0.02595797280593326
622554,2025,"Domínguez, Seranthony",1101,0.5155131264916468,0.5536992840095465,0.038186157517899666
622554,2026,"Domínguez, Seranthony",1111,0.4894366197183099,0.5023474178403756,0.012910798122065748
622608,2025,"Senzatela, Antonio",2284,0.5663663663663664,0.5711711711711712,0.00480480480480483
622608,2026,"Senzatela, Antonio",1165,0.35864485981308414,0.3691588785046729,0.010514018691588745
622663,2024,"Severino, Luis",2889,0.44475787494123176,0.462153267512929,0.017395392571697255
622663,2025,"Severino, Luis",2731,0.3540740740740741,0.38419753086419756,0.03012345679012346
622663,2026,"Severino, Luis",1086,0.36486486486486486,0.36240786240786244,-0.002457002457002422
622694,2024,"Hernández, Elieser",251,0.49732620320855614,0.48663101604278075,-0.010695187165775388
622786,2024,"Tinoco, Jesus",644,0.4989648033126294,0.5134575569358178,0.01449275362318847
622786,2025,"Tinoco, Jesus",304,0.48878923766816146,0.49327354260089684,0.0044843049327353834
623149,2024,"Sewald, Paul",629,0.610752688172043,0.6408602150537634,0.03010752688172047
623149,2025,"Sewald, Paul",317,0.6127659574468085,0.6170212765957447,0.004255319148936176
623149,2026,"Sewald, Paul",854,0.559748427672956,0.589622641509434,0.029874213836478036
623167,2024,"Flexen, Chris",2797,0.38439444710387743,0.3829583532790809,-0.001436093824796536
623167,2025,"Flexen, Chris",673,0.4109311740890688,0.402834008097166,-0.0080971659919028
623211,2024,"Brazobán, Huascar",899,0.42668621700879766,0.4032258064516129,-0.023460410557184785
623211,2025,"Brazobán, Huascar",1011,0.5180240320427236,0.527369826435247,0.009345794392523366
623211,2026,"Brazobán, Huascar",1040,0.6134889753566797,0.6018158236057068,-0.011673151750972832
623352,2024,"Hader, Josh",1166,0.7274774774774775,0.7274774774774775,0.0
623352,2025,"Hader, Josh",847,0.5420560747663551,0.5342679127725857,-0.007788161993769416
623352,2026,"Hader, Josh",676,0.6758349705304518,0.6758349705304518,0.0
623433,2024,"Anderson, Nick",573,0.4166666666666667,0.4238095238095238,0.0071428571428571175
623437,2025,"Topa, Justin",979,0.4592696629213483,0.4508426966292135,-0.008426966292134797
623437,2026,"Topa, Justin",413,0.4491803278688525,0.4491803278688525,0.0
623454,2026,"Anderson, Drew",1770,0.43869002284843867,0.4523990860624524,0.013709063214013717
623465,2024,"Phillips, Evan",917,0.5028985507246376,0.5014492753623189,-0.0014492753623187582
623465,2026,"Phillips, Evan",423,0.53125,0.521875,-0.009375000000000022
623474,2025,"Herget, Jimmy",1281,0.38478027867095393,0.43944265809217575,0.05466237942122182
623474,2026,"Herget, Jimmy",946,0.3906911142454161,0.4033850493653032,0.012693935119887145
624133,2024,"Suarez, Ranger",2354,0.3159722222222222,0.3107638888888889,-0.005208333333333315
624133,2025,"Suarez, Ranger",2430,0.31833520809898763,0.33858267716535434,0.020247469066366708
624133,2026,"Suarez, Ranger",2384,0.303954802259887,0.31186440677966104,0.007909604519774016
624522,2024,"Thompson, Keegan",538,0.3853658536585366,0.4097560975609756,0.02439024390243899
624647,2024,"González, Victor",386,0.6055363321799307,0.6020761245674741,-0.0034602076124566894
625643,2024,"López, Reynaldo",2110,0.5504469987228607,0.5779054916985952,0.02745849297573444
625643,2026,"López, Reynaldo",1368,0.5337904015670911,0.5523996082272282,0.0186092066601371
628317,2024,"Maeda, Kenta",1958,0.3902107409925221,0.4112848402447315,0.021074099252209377
628452,2024,"Iglesias, Raisel",928,0.4375,0.47619047619047616,0.038690476190476164
628452,2025,"Iglesias, Raisel",964,0.48354792560801146,0.4663805436337625,-0.01716738197424894
628452,2026,"Iglesias, Raisel",911,0.40625,0.4166666666666667,0.010416666666666685
628708,2024,"Marte, Yunior",482,0.49859154929577465,0.49295774647887325,-0.005633802816901401
630023,2024,"Chirinos, Yonny",515,0.3746630727762803,0.3746630727762803,0.0
640448,2024,"Finnegan, Kyle",1067,0.6729323308270677,0.6892230576441103,0.016290726817042578
640448,2025,"Finnegan, Kyle",846,0.5365853658536586,0.5658536585365853,0.029268292682926744
640448,2026,"Finnegan, Kyle",1062,0.5227848101265823,0.5379746835443038,0.015189873417721489
640451,2024,"Harvey, Hunter",906,0.6244541484716157,0.6346433770014556,0.010189228529839833
640455,2024,"Manaea, Sean",2996,0.33141338059370845,0.46344705361098804,0.13203367301727958
640455,2025,"Manaea, Sean",1095,0.59375,0.6033653846153846,0.009615384615384581
640455,2026,"Manaea, Sean",2493,0.4496461622210125,0.4665215024496462,0.016875340228633684
640462,2024,"Puk, A.J.",1173,0.41430192962542567,0.44835414301929627,0.0340522133938706
640470,2024,"Alzolay, Adbert",329,0.525691699604743,0.5335968379446641,0.007905138339921014
641154,2024,"López, Pablo",2986,0.40913200723327303,0.4132007233273056,0.004068716094032587
641154,2025,"López, Pablo",1258,0.47568710359408034,0.46511627906976744,-0.010570824524312905
641302,2024,"Alexander, Tyler",1668,0.33607907742998355,0.4102141680395387,0.07413509060955514
641302,2025,"Alexander, Tyler",1585,0.3470790378006873,0.3634020618556701,0.016323024054982815
641302,2026,"Alexander, Tyler",1200,0.4092446448703495,0.41149943630214203,0.0022547914317925244
641312,2026,"Anderson, Shaun",351,0.3798449612403101,0.39147286821705424,0.011627906976744151
641329,2024,"Baker, Bryan",369,0.5398550724637681,0.5289855072463768,-0.010869565217391242
641329,2025,"Baker, Bryan",1102,0.4346246973365617,0.4782082324455206,0.04358353510895885
641329,2026,"Baker, Bryan",977,0.5354223433242506,0.510899182561308,-0.024523160762942697
641401,2025,"Brogdon, Connor",840,0.5077881619937694,0.5280373831775701,0.02024922118380068
641401,2026,"Brogdon, Connor",281,0.47393364928909953,0.4928909952606635,0.018957345971563955
641482,2024,"Cortes, Nestor",2849,0.45105386416861826,0.4379391100702576,-0.01311475409836066
641482,2025,"Cortes, Nestor",599,0.36877828054298645,0.35294117647058826,-0.01583710407239819
641540,2024,"Dunning, Dane",1689,0.4405043341213554,0.42001576044129235,-0.02048857368006307
641540,2025,"Dunning, Dane",372,0.34172661870503596,0.37410071942446044,0.03237410071942448
641585,2024,"France, J.P.",466,0.3633720930232558,0.36046511627906974,-0.0029069767441860517
641656,2024,"Hamilton, Ian",619,0.6030701754385965,0.6030701754385965,0.0
641656,2025,"Hamilton, Ian",641,0.5978947368421053,0.56,-0.0378947368421052
641672,2025,"Hatch, Thomas",586,0.296551724137931,0.31494252873563217,0.01839080459770115
641703,2024,"Honeywell, Brent",453,0.6785714285714286,0.6428571428571429,-0.0357142857142857
641712,2024,"Hudson, Dakota",1510,0.3333333333333333,0.3170289855072464,-0.016304347826086918
641726,2024,"Jefferies, Daulton",281,0.3173076923076923,0.34134615384615385,0.024038461538461564
641729,2024,"Jiménez, Joe",1089,0.5891758917589176,0.5461254612546126,-0.043050430504305015
641743,2026,"Kay, Anthony",2788,0.32932113625421283,0.306692344727973,-0.02262879152623981
641745,2024,"Keller, Brad",743,0.42286751361161523,0.4101633393829401,-0.012704174228675147
641745,2025,"Keller, Brad",1113,0.5065710872162486,0.4838709677419355,-0.022700119474313052
641745,2026,"Keller, Brad",533,0.41708542713567837,0.41457286432160806,-0.002512562814070307
641755,2024,"Kinley, Tyler",1185,0.632630410654828,0.6526082130965594,0.019977802441731418
641755,2025,"Kinley, Tyler",1225,0.6322089227421109,0.6289445048966268,-0.0032644178454841466
641755,2026,"Kinley, Tyler",909,0.7058823529411765,0.7058823529411765,0.0
641771,2024,"Kuhl, Chad",980,0.4156545209176788,0.4331983805668016,0.017543859649122806
641778,2025,"Lauer, Eric",1682,0.4625796178343949,0.4601910828025478,-0.0023885350318471055
641778,2026,"Lauer, Eric",1814,0.39598811292719166,0.3922734026745914,-0.003714710252600284
641793,2024,"Littell, Zack",2486,0.3590163934426229,0.3836065573770492,0.024590163934426257
641793,2025,"Littell, Zack",2788,0.40285996055226825,0.4176528599605523,0.014792899408284044
641793,2026,"Littell, Zack",1975,0.29658060013956733,0.3656664340544313,0.06908583391486395
641816,2025,"Mahle, Tyler",1381,0.46518375241779497,0.48065764023210833,0.015473887814313358
641816,2026,"Mahle, Tyler",2402,0.46278679350867374,0.49524342473419136,0.03245663122551762
641835,2024,"Mayza, Tim",731,0.6691449814126395,0.6505576208178439,-0.0185873605947956
641835,2025,"Mayza, Tim",301,0.6211453744493393,0.6167400881057269,-0.004405286343612369
641835,2026,"Mayza, Tim",1085,0.5392156862745098,0.5612745098039216,0.022058823529411797
641927,2024,"Ober, Bailey",2696,0.38418932527693855,0.40231621349446123,0.018126888217522674
641927,2025,"Ober, Bailey",2356,0.3805668016194332,0.39213418160786584,0.011567379988432658
641927,2026,"Ober, Bailey",2099,0.39427456083279117,0.3845152895250488,-0.009759271307742345
641941,2024,"Pagán, Emilio",593,0.5519630484988453,0.5612009237875288,0.009237875288683584
641941,2025,"Pagán, Emilio",1068,0.5952380952380952,0.6140350877192983,0.018796992481203034
641941,2026,"Pagán, Emilio",674,0.642570281124498,0.6405622489959839,-0.002008032128514081
642016,2025,"Robert, Daniel",255,0.4030612244897959,0.3877551020408163,-0.015306122448979609
642048,2024,"Saucedo, Tayler",626,0.5314533622559653,0.5509761388286334,0.0195227765726681
642048,2026,"Saucedo, Tayler",343,0.3828125,0.40234375,0.01953125
642100,2024,"Speier, Gabe",422,0.4012539184952978,0.41379310344827586,0.012539184952978066
642100,2025,"Speier, Gabe",921,0.5368731563421829,0.5383480825958702,0.001474926253687281
642100,2026,"Speier, Gabe",698,0.5313725490196078,0.5372549019607843,0.00588235294117645
642121,2024,"Sulser, Cole",292,0.46255506607929514,0.4889867841409692,0.026431718061674048
642121,2025,"Sulser, Cole",387,0.5335570469798657,0.5100671140939598,-0.02348993288590595
642121,2026,"Sulser, Cole",937,0.5163584637268848,0.49786628733997157,-0.018492176386913195
642152,2025,"Trivino III, Lou",841,0.35331230283911674,0.3675078864353312,0.014195583596214478
642207,2024,"Williams, Devin",391,0.4967105263157895,0.5394736842105263,0.042763157894736836
642207,2025,"Williams, Devin",1115,0.5350467289719626,0.5432242990654206,0.008177570093457986
642207,2026,"Williams, Devin",759,0.5679442508710801,0.5452961672473867,-0.022648083623693416
642232,2024,"Yarbrough, Ryan",1514,0.4485228290062668,0.4619516562220233,0.0134288272157565
642232,2025,"Yarbrough, Ryan",1017,0.4156706507304117,0.4103585657370518,-0.005312084993359889
642232,2026,"Yarbrough, Ryan",1061,0.49810366624525915,0.5195954487989887,0.02149178255372952
642239,2025,"Zastryzny, Rob",347,0.3828125,0.38671875,0.00390625
642376,2026,"Yan, Jefry",367,0.3851851851851852,0.5037037037037037,0.11851851851851847
642397,2024,"Soto, Gregory",960,0.5062761506276151,0.497907949790795,-0.008368200836820106
642397,2025,"Soto, Gregory",1031,0.5418326693227091,0.549800796812749,0.007968127490039834
642397,2026,"Soto, Gregory",1153,0.4425287356321839,0.4528735632183908,0.010344827586206862
642520,2024,"Garabito, Gerson",492,0.40318302387267907,0.4005305039787798,-0.0026525198938992522
642528,2025,"Loáisiga, Jonathan",467,0.6497005988023952,0.6407185628742516,-0.008982035928143617
642528,2026,"Loáisiga, Jonathan",962,0.5142045454545454,0.5113636363636364,-0.0028409090909090606
642546,2024,"Hernández, Jonathan",761,0.5105263157894737,0.5333333333333333,0.02280701754385961
642546,2026,"Hernández, Jonathan",413,0.6131147540983607,0.6131147540983607,0.0
642547,2024,"Peralta, Freddy",3066,0.5485250106883284,0.5455322787516033,-0.0029927319367251126
642547,2025,"Peralta, Freddy",3086,0.5226407109606432,0.5217943292424884,-0.0008463817181548761
642547,2026,"Peralta, Freddy",2959,0.506056527590848,0.49753252579632123,-0.008524001794526725
642585,2025,"Bautista, Félix",626,0.6528925619834711,0.6673553719008265,0.01446280991735538
642629,2024,"Ramirez, Emmanuel",371,0.5827338129496403,0.5899280575539568,0.007194244604316502
642701,2024,"Santana, Dennis",1106,0.3992673992673993,0.40415140415140416,0.004884004884004867
642701,2025,"Santana, Dennis",1002,0.5253772290809328,0.51440329218107,-0.010973936899862813
642701,2026,"Santana, Dennis",929,0.4,0.4161764705882353,0.016176470588235292
643256,2024,"Cimber, Adam",416,0.6537216828478964,0.6472491909385113,-0.006472491909385147
643338,2024,"Green, Chad",840,0.6656101426307448,0.6481774960380349,-0.017432646592709933
643338,2025,"Green, Chad",709,0.5838150289017341,0.5953757225433526,0.011560693641618491
643377,2024,"Jax, Griffin",1068,0.375,0.3939393939393939,0.018939393939393923
643377,2025,"Jax, Griffin",1093,0.43419434194341944,0.4268142681426814,-0.0073800738007380184
643377,2026,"Jax, Griffin",1724,0.39144215530903326,0.401743264659271,0.010301109350237758
643410,2024,"Leiter Jr., Mark",1015,0.5618421052631579,0.5736842105263158,0.011842105263157876
643410,2025,"Leiter Jr., Mark",832,0.5866013071895425,0.5947712418300654,0.008169934640522847
643410,2026,"Leiter Jr., Mark",551,0.5432098765432098,0.5382716049382716,-0.004938271604938205
643511,2024,"Rogers, Tyler",1002,0.6409537166900421,0.6339410939691444,-0.007012622720897643
643511,2025,"Rogers, Tyler",978,0.7349042709867453,0.7393225331369662,0.004418262150220897
643511,2026,"Rogers, Tyler",1018,0.7760989010989011,0.7760989010989011,0.0
645261,2025,"Alcantara, Sandy",2891,0.3383038210624418,0.35135135135135137,0.013047530288909592
645261,2026,"Alcantara, Sandy",3293,0.2719298245614035,0.2882205513784461,0.016290726817042578
646241,2026,"De Jesus, Enmanuel",669,0.4623217922606925,0.42362525458248473,-0.03869653767820774
647315,2024,"Pop, Zach",743,0.6877323420074349,0.6877323420074349,0.0
647336,2024,"Soroka, Michael",1442,0.3787740164684355,0.3970722781335773,0.018298261665141813
647336,2025,"Soroka, Michael",1527,0.458041958041958,0.44493006993006995,-0.01311188811188807
647336,2026,"Soroka, Michael",1838,0.38371239911958915,0.41232575201760824,0.028613352898019084
650556,2024,"Abreu, Bryan",1300,0.558974358974359,0.5805128205128205,0.021538461538461506
650556,2025,"Abreu, Bryan",1189,0.49551569506726456,0.5672645739910314,0.0717488789237668
650556,2026,"Abreu, Bryan",1093,0.48058252427184467,0.47451456310679613,-0.006067961165048541
650633,2024,"King, Michael",2895,0.37961254612546125,0.3856088560885609,0.005996309963099633
650633,2025,"King, Michael",1219,0.34725274725274724,0.34945054945054943,0.00219780219780219
650633,2026,"King, Michael",2981,0.3865886588658866,0.40459045904590457,0.018001800180017957
650644,2024,"Civale, Aaron",2699,0.3469387755102041,0.3867595818815331,0.03982080637132901
650644,2025,"Civale, Aaron",1747,0.3493516399694889,0.36079328756674295,0.011441647597254023
650644,2026,"Civale, Aaron",1896,0.38105413105413105,0.396011396011396,0.01495726495726496
650671,2024,"Quijada, José",379,0.9491525423728814,0.9491525423728814,0.0
650893,2024,"Cabrera, Génesis",1030,0.4456094364351245,0.4705111402359109,0.02490170380078638
650893,2025,"Cabrera, Génesis",715,0.3610586011342155,0.32892249527410206,-0.03213610586011345
650911,2024,"Sánchez, Cristopher",2797,0.56513222331048,0.5670910871694417,0.0019588638589617124
650911,2025,"Sánchez, Cristopher",2896,0.5591758505031145,0.5495927168183996,-0.009583133684714862
650911,2026,"Sánchez, Cristopher",3158,0.5128205128205128,0.5089091699261191,-0.003911342894393655
650960,2026,"Duarte, Daniel",463,0.34,0.3514285714285714,0.011428571428571399
655889,2024,"Rodríguez, Manuel",605,0.5558035714285714,0.5267857142857143,-0.029017857142857095
655889,2025,"Rodríguez, Manuel",431,0.6161290322580645,0.6,-0.016129032258064502
656186,2025,"Altavilla, Dan",456,0.3880597014925373,0.382089552238806,-0.005970149253731349
656222,2024,"Beeks, Jalen",1186,0.5947488584474886,0.589041095890411,-0.005707762557077611
656222,2025,"Beeks, Jalen",916,0.5510204081632653,0.5379008746355685,-0.013119533527696792
656222,2026,"Beeks, Jalen",407,0.48135593220338985,0.49491525423728816,0.013559322033898313
656232,2024,"Bielak, Brandon",510,0.41081081081081083,0.43783783783783786,0.02702702702702703
656234,2024,"Bird, Jake",684,0.45691382765531063,0.4589178356713427,0.002004008016032066
656234,2025,"Bird, Jake",957,0.538787023977433,0.5232722143864598,-0.015514809590973289
656234,2026,"Bird, Jake",678,0.4644268774703557,0.48616600790513836,0.02173913043478265
656240,2024,"Blewett, Scott",319,0.4110169491525424,0.4110169491525424,0.0
656240,2025,"Blewett, Scott",711,0.49320388349514566,0.47766990291262135,-0.01553398058252431
656240,2026,"Blewett, Scott",584,0.3388235294117647,0.34823529411764703,0.009411764705882342
656271,2024,"Burke, Brock",575,0.533175355450237,0.5308056872037915,-0.0023696682464454666
656271,2025,"Burke, Brock",1014,0.5111989459815547,0.5204216073781291,0.00922266139657446
656271,2026,"Burke, Brock",1180,0.48735632183908045,0.5,0.012643678160919547
656288,2024,"Canning, Griffin",2869,0.37153593236261157,0.39173320807891027,0.0201972757162987
656288,2025,"Canning, Griffin",1343,0.3609467455621302,0.373767258382643,0.01282051282051283
656288,2026,"Canning, Griffin",1544,0.32523850823937556,0.3347788378143972,0.009540329575021655
656302,2024,"Cease, Dylan",3188,0.5241237113402062,0.5298969072164949,0.0057731958762886615
656302,2025,"Cease, Dylan",3044,0.4384151593453919,0.5107665805340224,0.07235142118863047
656302,2026,"Cease, Dylan",2895,0.37142857142857144,0.37596371882086166,0.0045351473922902175
656412,2024,"Faedo, Alex",1007,0.45466491458607095,0.45860709592641263,0.003942181340341688
656427,2024,"Flaherty, Jack",2569,0.4218669417225374,0.4492006188757091,0.027333677153171698
656427,2025,"Flaherty, Jack",2831,0.47047884704788473,0.47512784751278475,0.004649000464900022
656427,2026,"Flaherty, Jack",1658,0.49406175771971494,0.48931116389548696,-0.004750593824227989
656457,2025,"Gilbert, Tyler",839,0.4064,0.4464,0.040000000000000036
656464,2024,"Ginkel, Kevin",1184,0.5330347144456887,0.5666293393057111,0.033594624860022404
656464,2025,"Ginkel, Kevin",491,0.5567567567567567,0.5351351351351351,-0.021621621621621623
656464,2026,"Ginkel, Kevin",1099,0.5650060753341434,0.5249088699878494,-0.04009720534629402
656492,2026,"Griffin, Foster",2833,0.4024621212121212,0.3944128787878788,-0.008049242424242431
656529,2024,"Hentges, Sam",351,0.4115384615384615,0.45,0.03846153846153849
656529,2026,"Hentges, Sam",687,0.45136186770428016,0.4455252918287938,-0.005836575875486361
656546,2024,"Hoffman, Jeff",1001,0.4340136054421769,0.4340136054421769,0.0
656546,2025,"Hoffman, Jeff",1127,0.4523809523809524,0.48214285714285715,0.029761904761904767
656546,2026,"Hoffman, Jeff",1211,0.45217391304347826,0.46304347826086956,0.010869565217391297
656550,2024,"Holmes, Grant",1024,0.3983849259757739,0.46433378196500674,0.06594885598923284
656550,2025,"Holmes, Grant",1964,0.40285326086956524,0.4585597826086957,0.05570652173913043
656550,2026,"Holmes, Grant",2382,0.4057471264367816,0.42931034482758623,0.023563218390804608
656557,2024,"Houck, Tanner",2735,0.4781736076266934,0.47666833918715507,-0.0015052684395383542
656557,2025,"Houck, Tanner",749,0.40293040293040294,0.4175824175824176,0.014652014652014655
656605,2024,"Keller, Mitch",2849,0.36368015414258187,0.3665703275529865,0.0028901734104046506
656605,2025,"Keller, Mitch",2870,0.3905660377358491,0.39575471698113207,0.00518867924528299
656605,2026,"Keller, Mitch",1887,0.32947976878612717,0.33815028901734107,0.008670520231213896
656629,2024,"Kopech, Michael",1143,0.7650462962962963,0.7650462962962963,0.0
656638,2024,"Lange, Alex",377,0.5664335664335665,0.5559440559440559,-0.010489510489510523
656638,2026,"Lange, Alex",1135,0.440046565774156,0.4551804423748545,0.015133876600698482
656641,2024,"Latz, Jacob",813,0.5528846153846154,0.5336538461538461,-0.019230769230769273
656641,2025,"Latz, Jacob",1388,0.5062439961575408,0.5350624399615754,0.028818443804034644
656641,2026,"Latz, Jacob",1128,0.5598141695702671,0.5551684088269454,-0.004645760743321681
656686,2025,"Martin, Corbin",332,0.49794238683127573,0.5185185185185185,0.02057613168724276
656730,2024,"Megill, Trevor",668,0.7125256673511293,0.7125256673511293,0.0
656730,2025,"Megill, Trevor",753,0.5886524822695035,0.5957446808510638,0.007092198581560294
656730,2026,"Megill, Trevor",874,0.6293375394321766,0.6356466876971609,0.006309148264984299
656731,2024,"Megill, Tylor",1365,0.4600389863547758,0.4766081871345029,0.016569200779727122
656731,2025,"Megill, Tylor",1234,0.3939720129171152,0.43057050592034446,0.03659849300322926
656756,2024,"Montgomery, Jordan",1929,0.4004297994269341,0.3875358166189112,-0.012893982808022897
656756,2026,"Montgomery, Jordan",414,0.43086816720257237,0.4180064308681672,-0.012861736334405183
656794,2025,"Newcomb, Sean",1546,0.36741767764298094,0.3700173310225303,0.0025996533795493715
656794,2026,"Newcomb, Sean",1472,0.4114441416893733,0.4250681198910082,0.013623978201634857
656848,2024,"Petersen, Michael",363,0.6058394160583942,0.583941605839416,-0.021897810218978186
656848,2025,"Petersen, Michael",327,0.536,0.548,0.01200000000000001
656848,2026,"Petersen, Michael",1129,0.6321303841676368,0.6321303841676368,0.0
656849,2024,"Peterson, David",1871,0.4147058823529412,0.4102941176470588,-0.004411764705882393
656849,2025,"Peterson, David",2699,0.3410931174089069,0.37601214574898784,0.034919028340080926
656849,2026,"Peterson, David",2476,0.3732744340143567,0.38818332413031476,0.014908890115958029
656876,2024,"Rasmussen, Drew",459,0.3965014577259475,0.41690962099125367,0.020408163265306145
656876,2025,"Rasmussen, Drew",2316,0.417486971627099,0.44122756224667053,0.02374059061957151
656876,2026,"Rasmussen, Drew",2660,0.3730517848164907,0.4132730015082956,0.040221216691804895
656887,2024,"Reid-Foley, Sean",385,0.6768707482993197,0.6768707482993197,0.0
656924,2024,"Ryan, Ryder",340,0.4534412955465587,0.4331983805668016,-0.02024291497975711
656945,2024,"Scott, Tanner",1163,0.6375143843498274,0.6375143843498274,0.0
656945,2025,"Scott, Tanner",911,0.5801186943620178,0.5786350148367952,-0.0014836795252225476
656945,2026,"Scott, Tanner",963,0.5349162011173184,0.5600558659217877,0.025139664804469275
656986,2025,"Sousa, Bennett",728,0.6181474480151229,0.6465028355387523,0.028355387523629427
656986,2026,"Sousa, Bennett",533,0.7219387755102041,0.7219387755102041,0.0
657006,2024,"Steele, Justin",2046,0.5808182427900738,0.5861837692823608,0.005365526492287054
657006,2025,"Steele, Justin",313,0.5701357466063348,0.5746606334841629,0.004524886877828038
657024,2024,"Swanson, Erik",666,0.5,0.5060240963855421,0.0060240963855421326
657044,2024,"Thompson, Ryan",977,0.6425531914893617,0.6581560283687943,0.015602836879432536
657044,2025,"Thompson, Ryan",650,0.5831578947368421,0.6042105263157894,0.021052631578947323
657044,2026,"Thompson, Ryan",654,0.6411889596602972,0.6326963906581741,-0.00849256900212314
657053,2024,"Toussaint, Touki",491,0.42513368983957217,0.4304812834224599,0.005347593582887722
657097,2024,"Webb, Jacob",933,0.46771879483500717,0.46915351506456243,0.0014347202295552641
657097,2025,"Webb, Jacob",978,0.5021037868162693,0.5021037868162693,0.0
657097,2026,"Webb, Jacob",1139,0.5730994152046783,0.5730994152046783,0.0
657240,2024,"Merryweather, Julian",272,0.4221105527638191,0.44221105527638194,0.020100502512562846
657240,2025,"Merryweather, Julian",353,0.5037593984962406,0.5300751879699248,0.02631578947368418
657265,2026,"Strzelecki, Peter",251,0.41578947368421054,0.4052631578947368,-0.010526315789473717
657277,2024,"Webb, Logan",3200,0.44779286926994905,0.4388794567062818,-0.008913412563667233
657277,2025,"Webb, Logan",3282,0.3840759075907591,0.3873762376237624,0.0033003300330032848
657277,2026,"Webb, Logan",2488,0.3842770753161078,0.3760307861462342,-0.008246289169873577
657376,2024,"Schmidt, Clarke",1454,0.3958143767060964,0.39490445859872614,-0.0009099181073702889
657376,2025,"Schmidt, Clarke",1226,0.42024202420242024,0.42684268426842686,0.006600660066006625
657424,2025,"Gage, Matt",531,0.46446700507614214,0.47715736040609136,0.012690355329949221
657424,2026,"Gage, Matt",526,0.41353383458646614,0.41102756892230574,-0.002506265664160401
657508,2024,"Baumann, Mike",1066,0.45,0.4775,0.02749999999999997
657514,2024,"Bernardino, Brennan",860,0.5667189952904239,0.554160125588697,-0.012558869701726927
657514,2025,"Bernardino, Brennan",833,0.5073409461663948,0.5138662316476346,0.006525285481239762
657514,2026,"Bernardino, Brennan",1001,0.54421768707483,0.5346938775510204,-0.009523809523809601
657571,2024,"Ferguson, Caleb",940,0.42547033285094066,0.46888567293777134,0.04341534008683068
657571,2025,"Ferguson, Caleb",1042,0.4444444444444444,0.43023255813953487,-0.014211886304909549
657571,2026,"Ferguson, Caleb",586,0.4840182648401826,0.5068493150684932,0.022831050228310557
657585,2024,"Garrett, Reed",980,0.4659400544959128,0.45231607629427795,-0.013623978201634857
657585,2025,"Garrett, Reed",979,0.4266487213997308,0.4104979811574697,-0.016150740242261097
657612,2024,"Hill, Tim",982,0.6334776334776335,0.6565656565656566,0.023088023088023046
657612,2025,"Hill, Tim",899,0.7772511848341233,0.7867298578199052,0.009478672985781977
657612,2026,"Hill, Tim",816,0.808695652173913,0.808695652173913,0.0
657649,2024,"Koenig, Jared",1017,0.548472775564409,0.5670650730411687,0.018592297476759723
657649,2025,"Koenig, Jared",1043,0.5561290322580645,0.5561290322580645,0.0
657746,2024,"Ryan, Joe",2106,0.4719029374201788,0.4616858237547893,-0.010217113665389521
657746,2025,"Ryan, Joe",2794,0.5111851499286054,0.5107091861018562,-0.0004759638267491928
657746,2026,"Ryan, Joe",2441,0.4270833333333333,0.4155701754385965,-0.011513157894736836
657756,2026,"Seabold, Connor",476,0.5138888888888888,0.5027777777777778,-0.011111111111111072
658648,2024,"Avila, Pedro",1419,0.35332708528584816,0.36082474226804123,0.007497656982193068
660271,2025,"Ohtani, Shohei",753,0.4088495575221239,0.39646017699115044,-0.012389380530973437
660271,2026,"Ohtani, Shohei",1335,0.4733668341708543,0.47537688442211057,0.002010050251256279
660600,2024,"Paredes, Enoli",319,0.4396551724137931,0.47844827586206895,0.038793103448275856
660604,2026,"Rangel, Alan",491,0.4076086956521739,0.4076086956521739,0.0
660730,2025,"Rodríguez, Elvin",335,0.45714285714285713,0.4448979591836735,-0.012244897959183654
660761,2024,"Suarez, José",987,0.35254691689008044,0.3739946380697051,0.02144772117962468
660761,2025,"Suarez, José",295,0.4507042253521127,0.4413145539906103,-0.009389671361502372
660761,2026,"Suarez, José",1068,0.3547979797979798,0.39646464646464646,0.041666666666666685
660787,2025,"De los Santos, Yerry",590,0.6116279069767442,0.6139534883720931,0.0023255813953488857
660787,2026,"De los Santos, Yerry",358,0.5962264150943396,0.5962264150943396,0.0
660825,2024,"Bazardo, Eduard",441,0.45481927710843373,0.4397590361445783,-0.015060240963855442
660825,2025,"Bazardo, Eduard",1224,0.4359255202628697,0.4370208105147864,0.0010952902519167362
660825,2026,"Bazardo, Eduard",1133,0.6050119331742243,0.6097852028639618,0.004773269689737458
660853,2024,"De Los Santos, Enyel",1127,0.5023529411764706,0.5223529411764706,0.020000000000000018
660853,2025,"De Los Santos, Enyel",1105,0.47336561743341404,0.5472154963680388,0.07384987893462475
660853,2026,"De Los Santos, Enyel",1153,0.43779342723004694,0.5293427230046949,0.09154929577464793
660896,2024,"Alcala, Jorge",931,0.49711815561959655,0.47262247838616717,-0.02449567723342938
660896,2025,"Alcala, Jorge",1058,0.4444444444444444,0.44569288389513106,0.0012484394506866447
661395,2024,"Duran, Jhoan",881,0.45565749235474007,0.4724770642201835,0.016819571865443417
661395,2025,"Duran, Jhoan",1073,0.41825095057034223,0.4524714828897338,0.034220532319391594
661395,2026,"Duran, Jhoan",947,0.4789325842696629,0.4606741573033708,-0.018258426966292096
661403,2024,"Clase, Emmanuel",983,0.7352941176470589,0.7254901960784313,-0.009803921568627527
661403,2025,"Clase, Emmanuel",746,0.696526508226691,0.7074954296160878,0.010968921389396757
661527,2024,"Martinez, Seth",838,0.36038961038961037,0.400974025974026,0.04058441558441561
661563,2024,"Gil, Luis",2664,0.46271604938271604,0.4888888888888889,0.02617283950617283
661563,2025,"Gil, Luis",970,0.4675862068965517,0.48551724137931035,0.017931034482758623
661563,2026,"Gil, Luis",496,0.4716981132075472,0.4797843665768194,0.008086253369272212
662253,2024,"Muñoz, Andrés",951,0.49722222222222223,0.4930555555555556,-0.004166666666666652
662253,2025,"Muñoz, Andrés",1035,0.5293367346938775,0.5306122448979592,0.0012755102040816757
662253,2026,"Muñoz, Andrés",953,0.5063113604488079,0.5161290322580645,0.009817671809256634
663158,2024,"Suarez, Robert",977,0.7200557103064067,0.713091922005571,-0.0069637883008356605
663158,2025,"Suarez, Robert",1076,0.61557478368356,0.622991347342398,0.007416563658838027
663158,2026,"Suarez, Robert",487,0.5014005602240896,0.5070028011204482,0.0056022408963585235
663362,2024,"Waldron, Matt",1514,0.39978331527627303,0.42145178764897073,0.0216684723726977
663362,2026,"Waldron, Matt",482,0.3811074918566775,0.38436482084690554,0.0032573289902280145
663372,2024,"Feltner, Ryan",2577,0.3453964874933475,0.35125066524747206,0.0058541777541245565
663372,2025,"Feltner, Ryan",522,0.3669250645994832,0.35400516795865633,-0.012919896640826878
663372,2026,"Feltner, Ryan",2049,0.33444592790387184,0.3464619492656876,0.012016021361815732
663399,2025,"Waddell, Brandon",512,0.34656084656084657,0.3439153439153439,-0.002645502645502673
663423,2024,"Thornton, Trent",1139,0.37292161520190026,0.37054631828978624,-0.002375296912114022
663423,2025,"Thornton, Trent",656,0.3619246861924686,0.3912133891213389,0.029288702928870314
663423,2026,"Thornton, Trent",708,0.3754863813229572,0.4260700389105058,0.050583657587548625
663432,2024,"Rainey, Tanner",939,0.7048022598870056,0.7048022598870056,0.0
663436,2024,"Martin, Davis",892,0.33432835820895523,0.3776119402985075,0.04328358208955224
663436,2025,"Martin, Davis",2307,0.3395894428152493,0.37302052785923756,0.033431085043988285
663436,2026,"Martin, Davis",2317,0.3345049794961921,0.3532513181019332,0.018746338605741097
663455,2025,"Pilkington, Konnor",500,0.5782493368700266,0.5596816976127321,-0.018567639257294433
663460,2024,"Bubic, Kris",467,0.45821325648414984,0.4495677233429395,-0.00864553314121036
663460,2025,"Bubic, Kris",1795,0.37481031866464337,0.3998482549317147,0.025037936267071348
663460,2026,"Bubic, Kris",882,0.4115853658536585,0.42835365853658536,0.016768292682926844
663465,2024,"Allard, Kolby",436,0.39184952978056425,0.3824451410658307,-0.009404388714733536
663465,2025,"Allard, Kolby",1000,0.3451086956521739,0.37771739130434784,0.03260869565217395
663474,2024,"McKenzie, Triston",1304,0.5379023883696781,0.5555555555555556,0.017653167185877505
663485,2024,"Sands, Cole",1154,0.3716608594657375,0.39256678281068524,0.02090592334494773
663485,2025,"Sands, Cole",1143,0.3321513002364066,0.36997635933806144,0.037825059101654845
663531,2024,"Allen, Logan",470,0.4327485380116959,0.4152046783625731,-0.017543859649122806
663542,2024,"Hudson, Bryan",927,0.5459770114942529,0.5330459770114943,-0.012931034482758674
663542,2025,"Hudson, Bryan",318,0.6693877551020408,0.6693877551020408,0.0
663542,2026,"Hudson, Bryan",1057,0.6692506459948321,0.6718346253229974,0.0025839793281653423
663546,2024,"Hjelle, Sean",1209,0.6361556064073226,0.6178489702517163,-0.01830663615560635
663546,2025,"Hjelle, Sean",254,0.4835164835164835,0.5054945054945055,0.021978021978021955
663554,2024,"Mize, Casey",1789,0.3453183520599251,0.37303370786516854,0.027715355805243425
663554,2025,"Mize, Casey",2353,0.37819025522041766,0.3810904872389791,0.0029002320185614328
663554,2026,"Mize, Casey",2083,0.3553664921465969,0.3586387434554974,0.00327225130890052
663556,2026,"McClanahan, Shane",1830,0.44080416976917347,0.44899478778853313,0.008190618019359663
663558,2026,"Morán, Jovani",1061,0.4525916561314791,0.47281921618204803,0.020227560050568916
663559,2024,"Falter, Bailey",2137,0.5051746442432082,0.4974126778783959,-0.007761966364812356
663559,2025,"Falter, Bailey",1951,0.5174581005586593,0.5251396648044693,0.007681564245810013
663562,2024,"Davis, Noah",354,0.4117647058823529,0.396078431372549,-0.01568627450980392
663567,2024,"Lambert, Peter",1039,0.3828947368421053,0.3986842105263158,0.01578947368421052
663567,2026,"Lambert, Peter",2642,0.3157894736842105,0.3547570850202429,0.03896761133603238
663568,2024,"Kolek, Stephen",797,0.3873720136518771,0.4061433447098976,0.01877133105802048
663568,2025,"Kolek, Stephen",1689,0.35207823960880197,0.3610431947840261,0.00896495517522411
663568,2026,"Kolek, Stephen",837,0.3349673202614379,0.3382352941176471,0.0032679738562091942
663574,2024,"Santillan, Tony",504,0.5890052356020943,0.5863874345549738,-0.002617801047120505
663574,2025,"Santillan, Tony",1230,0.6523143164693218,0.6501614639397201,-0.0021528525296017342
663574,2026,"Santillan, Tony",698,0.6259842519685039,0.6338582677165354,0.007874015748031482
663623,2024,"Irvin, Jake",3046,0.43371378402107114,0.44161545215100967,0.007901668129938533
663623,2025,"Irvin, Jake",2944,0.387291280148423,0.37430426716141,-0.012987012987012991
663623,2026,"Irvin, Jake",1939,0.37031994554118447,0.37031994554118447,0.0
663671,2025,"Enright, Nic",532,0.6435643564356436,0.6386138613861386,-0.004950495049504955
663687,2024,"Harris, Hogan",1213,0.5849889624724062,0.5849889624724062,0.0
663687,2025,"Harris, Hogan",1125,0.5781433607520564,0.5781433607520564,0.0
663687,2026,"Harris, Hogan",1333,0.6328125,0.6328125,0.0
663704,2024,"McArthur, James",903,0.4725609756097561,0.48323170731707316,0.010670731707317083
663738,2024,"Lynch IV, Daniel",631,0.4021978021978022,0.42417582417582417,0.021978021978021955
663738,2025,"Lynch IV, Daniel",1088,0.4005006257822278,0.425531914893617,0.025031289111389243
663738,2026,"Lynch IV, Daniel",1300,0.4750795334040297,0.46659597030752914,-0.008483563096500557
663765,2024,"Woodford, Jake",618,0.4678492239467849,0.4501108647450111,-0.0177383592017738
663765,2025,"Woodford, Jake",625,0.4144736842105263,0.40350877192982454,-0.010964912280701788
663765,2026,"Woodford, Jake",485,0.3333333333333333,0.3561253561253561,0.022792022792022804
663767,2025,"Shugart, Chase",692,0.3060428849902534,0.3157894736842105,0.009746588693957114
663767,2026,"Shugart, Chase",867,0.37732919254658387,0.38819875776397517,0.010869565217391297
663773,2024,"Hoeing, Bryan",782,0.5569176882661997,0.6007005253940455,0.04378283712784581
663776,2024,"Sandoval, Patrick",1444,0.36230558096980786,0.3513266239707228,-0.010978956999085077
663776,2026,"Sandoval, Patrick",1219,0.44320712694877507,0.4309576837416481,-0.012249443207126953
663795,2025,"Hagenman, Justin",383,0.28169014084507044,0.29225352112676056,0.010563380281690127
663804,2025,"Kowar, Jackson",281,0.5238095238095238,0.5142857142857142,-0.009523809523809601
663855,2024,"Hicks, Jordan",1958,0.5226811103588355,0.5402843601895735,0.01760324983073802
663855,2025,"Hicks, Jordan",1199,0.4847457627118644,0.4994350282485876,0.014689265536723173
663855,2026,"Hicks, Jordan",888,0.4650817236255572,0.4710252600297177,0.005943536404160454
663878,2024,"Pearson, Nate",1059,0.5342820181112549,0.4799482535575679,-0.054333764553686936
663878,2025,"Pearson, Nate",280,0.5048543689320388,0.5048543689320388,0.0
663878,2026,"Pearson, Nate",772,0.5341506129597198,0.521891418563923,-0.012259194395796813
663893,2024,"Little, Brendon",696,0.6554455445544555,0.6693069306930693,0.013861386138613874
663893,2025,"Little, Brendon",1240,0.7104984093319194,0.6829268292682927,-0.0275715800636267
663893,2026,"Little, Brendon",552,0.458628841607565,0.4444444444444444,-0.014184397163120588
663903,2024,"Singer, Brady",2966,0.46098003629764067,0.4632486388384755,0.00226860254083483
663903,2025,"Singer, Brady",2850,0.40253045923149017,0.40487347703842547,0.002343017806935299
663903,2026,"Singer, Brady",2801,0.48553519768563164,0.5091610414657667,0.023625843780135047
663941,2025,"Beck, Tristan",817,0.3435897435897436,0.35384615384615387,0.010256410256410275
663941,2026,"Beck, Tristan",313,0.41739130434782606,0.43043478260869567,0.013043478260869601
663947,2024,"Holton, Tyler",1339,0.3975659229208925,0.43914807302231235,0.04158215010141986
663947,2025,"Holton, Tyler",1159,0.5094339622641509,0.5023584905660378,-0.007075471698113178
663947,2026,"Holton, Tyler",1130,0.5157004830917874,0.5241545893719807,0.008454106280193274
663969,2024,"Phillips, Tyler",578,0.39473684210526316,0.37799043062200954,-0.01674641148325362
663969,2025,"Phillips, Tyler",1114,0.44069912609238454,0.4444444444444444,0.0037453183520598787
663969,2026,"Phillips, Tyler",2037,0.31462925851703405,0.3193052772211089,0.004676018704074858
663978,2024,"Paddack, Chris",1460,0.41821561338289964,0.41821561338289964,0.0
663978,2025,"Paddack, Chris",2565,0.43898573692551507,0.4410987849973587,0.0021130480718436484
663978,2026,"Paddack, Chris",1015,0.36363636363636365,0.36363636363636365,0.0
663992,2024,"Lovelady, Richard",528,0.5078534031413613,0.5130890052356021,0.005235602094240788
663992,2026,"Lovelady, Richard",640,0.4957446808510638,0.46170212765957447,-0.034042553191489355
664062,2025,"Gonsolin, Tony",609,0.38802660753880264,0.41019955654101997,0.022172949002217335
664076,2024,"Cleavinger, Garrett",1056,0.3472750316856781,0.34980988593155893,0.0025348542458808465
664076,2025,"Cleavinger, Garrett",874,0.5580286168521462,0.5532591414944356,-0.004769475357710662
664076,2026,"Cleavinger, Garrett",734,0.5949367088607594,0.6347197106690777,0.039783001808318286
664126,2024,"Fairbanks, Pete",696,0.4892367906066536,0.5401174168297456,0.050880626223091974
664126,2025,"Fairbanks, Pete",987,0.5175202156334232,0.49595687331536387,-0.021563342318059342
664126,2026,"Fairbanks, Pete",766,0.46735395189003437,0.4570446735395189,-0.010309278350515483
664129,2026,"Hartlieb, Geoff",435,0.41479099678456594,0.4212218649517685,0.006430868167202564
664139,2025,"Gibaut, Ian",387,0.5215827338129496,0.5215827338129496,0.0
664141,2025,"Brubaker, JT",469,0.43059490084985835,0.43909348441926344,0.008498583569405083
664141,2026,"Brubaker, JT",1000,0.44919786096256686,0.4505347593582888,0.0013368983957219305
664192,2025,"Lucchesi, Joey",632,0.5277777777777778,0.5363247863247863,0.008547008547008517
664199,2025,"Clarke, Taylor",865,0.4527439024390244,0.4070121951219512,-0.04573170731707321
664199,2026,"Clarke, Taylor",1069,0.49872122762148335,0.5127877237851662,0.014066496163682884
664208,2024,"Maton, Phil",1078,0.4090909090909091,0.41277641277641275,0.0036855036855036327
664208,2025,"Maton, Phil",1008,0.4921052631578947,0.49736842105263157,0.0052631578947368585
664208,2026,"Maton, Phil",546,0.44878048780487806,0.47804878048780486,0.0292682926829268
664285,2024,"Valdez, Framber",2598,0.5327349524815206,0.53220696937698,-0.000527983104540608
664285,2025,"Valdez, Framber",2891,0.5349616858237548,0.5349616858237548,0.0
664285,2026,"Valdez, Framber",2768,0.46119402985074626,0.4621890547263682,0.0009950248756219193
664294,2025,"Moreta, Dauri",285,0.5576036866359447,0.5391705069124424,-0.018433179723502335
664299,2024,"Javier, Cristian",570,0.38663484486873506,0.3818615751789976,-0.004773269689737458
664299,2025,"Javier, Cristian",617,0.425764192139738,0.4126637554585153,-0.013100436681222682
664299,2026,"Javier, Cristian",1108,0.45072115384615385,0.4543269230769231,0.003605769230769218
664350,2024,"Sánchez, Sixto",621,0.4104803493449782,0.43013100436681223,0.01965065502183405
664353,2026,"Urquidy, José",607,0.37020316027088035,0.3611738148984199,-0.009029345372460473
664747,2024,"Díaz, Alexis",977,0.564625850340136,0.6,0.03537414965986396
664747,2025,"Díaz, Alexis",361,0.605072463768116,0.5905797101449275,-0.01449275362318847
664776,2024,"Cousins, Jake",644,0.6809815950920245,0.6932515337423313,0.012269938650306789
664849,2024,"Young, Danny",697,0.5977443609022557,0.5977443609022557,0.0
664849,2026,"Young, Danny",265,0.6485148514851485,0.6485148514851485,0.0
664854,2024,"Helsley, Ryan",931,0.5089820359281437,0.5553892215568862,0.046407185628742464
664854,2025,"Helsley, Ryan",979,0.5939643347050755,0.5857338820301783,-0.008230452674897193
664854,2026,"Helsley, Ryan",273,0.5658536585365853,0.5560975609756098,-0.009756097560975507
664875,2024,"Lawrence, Justin",1081,0.67625,0.69375,0.01749999999999996
664875,2025,"Lawrence, Justin",270,0.6502463054187192,0.6551724137931034,0.0049261083743842304
664875,2026,"Lawrence, Justin",684,0.6318897637795275,0.6122047244094488,-0.019685039370078705
664991,2025,"Wolfram, Grant",520,0.32989690721649484,0.3556701030927835,0.02577319587628868
664991,2026,"Wolfram, Grant",901,0.4349112426035503,0.4230769230769231,-0.011834319526627224
665152,2024,"Kremer, Dean",2171,0.3300370828182942,0.3553770086526576,0.025339925834363397
665152,2025,"Kremer, Dean",2692,0.3688688688688689,0.3783783783783784,0.009509509509509517
665152,2026,"Kremer, Dean",1465,0.4027272727272727,0.3936363636363636,-0.009090909090909094
665620,2024,"García, Deivi",283,0.5887850467289719,0.6074766355140186,0.01869158878504673
665622,2024,"Medina, Luis",720,0.4343807763401109,0.41589648798521256,-0.01848428835489835
665622,2026,"Medina, Luis",1270,0.4083769633507853,0.40523560209424087,-0.0031413612565444615
665625,2024,"Peguero, Elvis",829,0.5314569536423841,0.5248344370860927,-0.0066225165562914245
665660,2025,"Alvarado, Elvis",765,0.5266781411359724,0.5266781411359724,0.0
665660,2026,"Alvarado, Elvis",951,0.5822959889349931,0.5822959889349931,0.0
665665,2026,"Sanmartin, Reiver",345,0.541501976284585,0.5652173913043478,0.02371541501976282
665795,2024,"Cabrera, Edward",1734,0.3686214775323686,0.36633663366336633,-0.0022848438690022954
665795,2025,"Cabrera, Edward",2252,0.310964649490713,0.33373277411623725,0.022768124625524244
665795,2026,"Cabrera, Edward",1353,0.39520958083832336,0.38023952095808383,-0.014970059880239528
665871,2024,"Assad, Javier",2538,0.36056931997891406,0.39219820769636266,0.031628887717448595
665871,2025,"Assad, Javier",567,0.45410628019323673,0.4444444444444444,-0.009661835748792313
665871,2026,"Assad, Javier",1506,0.4423758865248227,0.4601063829787234,0.017730496453900735
665896,2024,"Marte, José",311,0.43722943722943725,0.45454545454545453,0.017316017316017285
666129,2024,"Garrett, Braxton",588,0.38875878220140514,0.3793911007025761,-0.00936768149882905
666142,2024,"Ragans, Cole",3118,0.42335456475583866,0.44501061571125267,0.021656050955414008
666142,2025,"Ragans, Cole",1079,0.4628501827040195,0.47381242387332523,0.01096224116930572
666142,2026,"Ragans, Cole",638,0.5493827160493827,0.5493827160493827,0.0
666157,2024,"Lodolo, Nick",1863,0.4766081871345029,0.5051169590643275,0.028508771929824595
666157,2025,"Lodolo, Nick",2478,0.3893129770992366,0.3985823336968375,0.009269356597600864
666157,2026,"Lodolo, Nick",1899,0.44468085106382976,0.4645390070921986,0.019858156028368823
666159,2024,"Manning, Matt",438,0.5047619047619047,0.5142857142857142,0.00952380952380949
666171,2025,"Zeferjahn, Ryan",1029,0.34108527131782945,0.48320413436692505,0.1421188630490956
666171,2026,"Zeferjahn, Ryan",1269,0.4269547325102881,0.4403292181069959,0.013374485596707786
666200,2024,"Luzardo, Jesús",1083,0.3970223325062035,0.38461538461538464,-0.012406947890818865
666200,2025,"Luzardo, Jesús",3013,0.41518650088809944,0.42362344582593253,0.00843694493783309
666200,2026,"Luzardo, Jesús",2864,0.4631628343500704,0.45940872829657436,-0.0037541060534960202
666201,2024,"Manoah, Alek",394,0.40484429065743943,0.39792387543252594,-0.00692041522491349
666204,2024,"Jiménez, Dany",450,0.5945945945945946,0.5945945945945946,0.0
666205,2024,"Muller, Kyle",725,0.5485714285714286,0.5523809523809524,0.003809523809523818
666214,2024,"Wentz, Joey",1224,0.4108695652173913,0.4358695652173913,0.024999999999999967
666214,2025,"Wentz, Joey",1815,0.43272727272727274,0.45745454545454545,0.02472727272727271
666215,2025,"Whitley, Forrest",256,0.3915343915343915,0.3968253968253968,0.005291005291005291
666277,2024,"Soriano, George",519,0.49226804123711343,0.5077319587628866,0.015463917525773141
666277,2025,"Soriano, George",692,0.3468208092485549,0.3448940269749518,-0.0019267822736031004
666277,2026,"Soriano, George",1149,0.3742757821552723,0.3847045191193511,0.01042873696407881
666374,2025,"Brash, Matt",822,0.5913461538461539,0.5689102564102564,-0.022435897435897467
666374,2026,"Brash, Matt",262,0.6020408163265306,0.6020408163265306,0.0
666661,2025,"Morillo, Juan",617,0.46551724137931033,0.5129310344827587,0.04741379310344834
666661,2026,"Morillo, Juan",1041,0.5539845758354756,0.5449871465295629,-0.00899742930591263
666711,2025,"Peguero, Joel",315,0.4782608695652174,0.4826086956521739,0.004347826086956497
666720,2024,"Rodríguez, Yerry",438,0.562874251497006,0.5479041916167665,-0.014970059880239472
666745,2024,"Brito, Jhony",626,0.4072398190045249,0.4117647058823529,0.004524886877828038
666808,2024,"Doval, Camilo",1116,0.5905325443786982,0.5893491124260355,-0.0011834319526626835
666808,2025,"Doval, Camilo",1103,0.5230024213075061,0.5230024213075061,0.0
666808,2026,"Doval, Camilo",1038,0.45359477124183006,0.4745098039215686,0.020915032679738543
666974,2024,"Cano, Yennier",1008,0.5507246376811594,0.5810276679841897,0.030303030303030276
666974,2025,"Cano, Yennier",986,0.444141689373297,0.4673024523160763,0.0231607629427793
666974,2026,"Cano, Yennier",794,0.576530612244898,0.5867346938775511,0.010204081632653073
667297,2024,"Nance, Tommy",322,0.5982532751091703,0.5458515283842795,-0.05240174672489073
667297,2025,"Nance, Tommy",461,0.5880597014925373,0.5492537313432836,-0.03880597014925369
667297,2026,"Nance, Tommy",981,0.5449515905947441,0.5394190871369294,-0.0055325034578146415
667463,2024,"King, John",857,0.5024630541871922,0.5287356321839081,0.026272577996715896
667463,2025,"King, John",782,0.5617173524150268,0.5581395348837209,-0.003577817531305927
667463,2026,"King, John",714,0.27552986512524086,0.3044315992292871,0.02890173410404623
667652,2026,"Ralston, Jack",311,0.5299145299145299,0.5256410256410257,-0.004273504273504258
667725,2024,"Tyler, Kyle",580,0.4474885844748858,0.4269406392694064,-0.020547945205479423
667755,2024,"Soriano, José",1736,0.45741324921135645,0.4526813880126183,-0.004731861198738141
667755,2025,"Soriano, José",2784,0.4740165128703254,0.48664400194269064,0.012627489072365217
667755,2026,"Soriano, José",2916,0.3728110599078341,0.3543778801843318,-0.01843317972350228
668338,2024,"Miller, Tyson",934,0.5515759312320917,0.5644699140401146,0.012893982808022897
668390,2024,"Winn, Cole",286,0.45454545454545453,0.49760765550239233,0.0430622009569378
668390,2025,"Winn, Cole",619,0.3034934497816594,0.31004366812227074,0.006550218340611369
668390,2026,"Winn, Cole",787,0.4353146853146853,0.4597902097902098,0.02447552447552448
668674,2024,"Erceg, Lucas",947,0.47270114942528735,0.48419540229885055,0.011494252873563204
668674,2025,"Erceg, Lucas",963,0.3505586592178771,0.43575418994413406,0.08519553072625696
668674,2026,"Erceg, Lucas",901,0.43471810089020774,0.4465875370919881,0.011869436201780381
668678,2024,"Gallen, Zac",2506,0.4009559214020181,0.45246946362187995,0.051513542219861874
668678,2025,"Gallen, Zac",3134,0.4219827586206897,0.4331896551724138,0.011206896551724133
668678,2026,"Gallen, Zac",1779,0.3656488549618321,0.34045801526717556,-0.02519083969465652
668716,2025,"Murdock, Noah",391,0.597972972972973,0.625,0.027027027027026973
668820,2025,"Kranick, Max",529,0.4365079365079365,0.48412698412698413,0.047619047619047616
668820,2026,"Kranick, Max",340,0.4065040650406504,0.3902439024390244,-0.016260162601625994
668868,2024,"Thompson, Zack",317,0.2905982905982906,0.3162393162393162,0.025641025641025605
668873,2026,"Kilian, Caleb",786,0.48013816925734026,0.46459412780656306,-0.015544041450777202
668881,2024,"Greene, Hunter",2563,0.5471311475409836,0.5630122950819673,0.015881147540983687
668881,2025,"Greene, Hunter",1748,0.5162019593067069,0.5568952524491334,0.040693293142426534
668881,2026,"Greene, Hunter",456,0.5074626865671642,0.5014925373134328,-0.005970149253731405
668909,2024,"Williams, Gavin",1368,0.506280193236715,0.506280193236715,0.0
668909,2025,"Williams, Gavin",2925,0.4502027940513745,0.4547093285263632,0.0045065344749887215
668909,2026,"Williams, Gavin",2960,0.3561458802341288,0.375056280954525,0.01891040072039618
668933,2024,"Ashcraft, Graham",1342,0.5141129032258065,0.5433467741935484,0.029233870967741882
668933,2025,"Ashcraft, Graham",1039,0.6662251655629139,0.6701986754966888,0.003973509933774877
668933,2026,"Ashcraft, Graham",612,0.6260869565217392,0.5956521739130435,-0.0304347826086957
668941,2024,"Romero, JoJo",919,0.5170370370370371,0.5155555555555555,-0.001481481481481528
668941,2025,"Romero, JoJo",990,0.5549525101763908,0.5169606512890095,-0.037991858887381325
668941,2026,"Romero, JoJo",922,0.5699708454810496,0.543731778425656,-0.026239067055393583
668964,2024,"Myers, Tobias",2152,0.40949367088607597,0.40759493670886077,-0.0018987341772152
668964,2025,"Myers, Tobias",826,0.44224422442244227,0.4471947194719472,0.004950495049504955
668964,2026,"Myers, Tobias",836,0.4843492586490939,0.4794069192751236,-0.004942339373970317
668968,2024,"Crouse, Hans",437,0.5347432024169184,0.5589123867069486,0.024169184290030232
668970,2026,"Hollowell, Gavin",259,0.4587628865979381,0.4845360824742268,0.02577319587628868
668984,2025,"Legumina, Casey",861,0.5279503105590062,0.531055900621118,0.0031055900621117516
668984,2026,"Legumina, Casey",1118,0.48964677222898906,0.4482338611449452,-0.04141291108404388
669020,2025,"Rolison, Ryan",676,0.432712215320911,0.453416149068323,0.02070393374741203
669020,2026,"Rolison, Ryan",990,0.47891156462585033,0.4748299319727891,-0.004081632653061218
669022,2024,"Gore, MacKenzie",2994,0.5462184873949579,0.5466607695709863,0.0004422821760283746
669022,2025,"Gore, MacKenzie",2818,0.5112359550561798,0.5234082397003745,0.01217228464419473
669022,2026,"Gore, MacKenzie",2962,0.48757342973339357,0.4835065521915951,-0.004066877541798464
669060,2024,"Wilson, Bryse",1643,0.4121565362198168,0.4338051623646961,0.02164862614487928
669060,2025,"Wilson, Bryse",854,0.34076433121019106,0.37261146496815284,0.031847133757961776
669060,2026,"Wilson, Bryse",558,0.3095823095823096,0.3046683046683047,-0.004914004914004899
669062,2024,"Miller, Erik",1269,0.5467479674796748,0.540650406504065,-0.0060975609756097615
669062,2025,"Miller, Erik",482,0.453781512605042,0.4481792717086835,-0.0056022408963585235
669062,2026,"Miller, Erik",970,0.4879032258064516,0.5161290322580645,0.028225806451612878
669084,2024,"Hall, DL",782,0.4393162393162393,0.4461538461538462,0.006837606837606869
669084,2025,"Hall, DL",588,0.3371824480369515,0.3394919168591224,0.002309468822170868
669084,2026,"Hall, DL",997,0.3536423841059603,0.37880794701986753,0.025165562913907258
669093,2024,"Estrada, Jeremiah",1003,0.5545212765957447,0.5678191489361702,0.013297872340425565
669093,2025,"Estrada, Jeremiah",1236,0.5728051391862955,0.569593147751606,-0.0032119914346895317
669093,2026,"Estrada, Jeremiah",512,0.5803108808290155,0.5880829015544041,0.007772020725388629
669160,2025,"May, Dustin",2169,0.464735516372796,0.4634760705289673,-0.0012594458438286993
669160,2026,"May, Dustin",2398,0.3483652762119504,0.38444193912063135,0.036076662908680945
669165,2026,"Hurt, Kyle",742,0.5698529411764706,0.5514705882352942,-0.018382352941176405
669194,2024,"Nelson, Ryne",2406,0.5441755768148565,0.5368598761958356,-0.007315700619020871
669194,2025,"Nelson, Ryne",2466,0.6193827828911749,0.6193827828911749,0.0
669194,2026,"Nelson, Ryne",1374,0.5744255744255744,0.5734265734265734,-0.0009990009990009652
669199,2025,"Bachar, Lake",1143,0.3510011778563015,0.36395759717314485,0.012956419316843326
669199,2026,"Bachar, Lake",1448,0.29174311926605506,0.2889908256880734,-0.0027522935779816793
669203,2024,"Burnes, Corbin",2995,0.4375,0.4628623188405797,0.025362318840579712
669203,2025,"Burnes, Corbin",1009,0.5349462365591398,0.5793010752688172,0.04435483870967749
669211,2024,"Akin, Keegan",1241,0.5808189655172413,0.5786637931034483,-0.0021551724137930384
669211,2025,"Akin, Keegan",1058,0.4361567635903919,0.4892541087231353,0.05309734513274339
669211,2026,"Akin, Keegan",443,0.47416413373860183,0.47720364741641336,0.003039513677811523
669212,2024,"Morgan, Eli",646,0.4476987447698745,0.4456066945606695,-0.0020920502092049986
669212,2026,"Morgan, Eli",339,0.3911290322580645,0.40725806451612906,0.016129032258064557
669270,2026,"Kuhnel, Joel",748,0.489010989010989,0.4926739926739927,0.0036630036630037055
669276,2024,"Lee, Dylan",858,0.5475040257648953,0.5491143317230274,0.0016103059581320522
669276,2025,"Lee, Dylan",1102,0.5365269461077844,0.5449101796407185,0.008383233532934131
669276,2026,"Lee, Dylan",1054,0.5157629255989912,0.5056746532156369,-0.010088272383354302
669302,2024,"Gilbert, Logan",3041,0.35822898032200357,0.3886404293381038,0.03041144901610021
669302,2025,"Gilbert, Logan",2156,0.4756323257248612,0.47378161628624305,-0.0018507094386181477
669302,2026,"Gilbert, Logan",2982,0.4284432480933154,0.44100493494840737,0.012561686855091958
669308,2025,"Reynolds, Sean",494,0.5251989389920424,0.5172413793103449,-0.007957559681697535
669330,2024,"Wells, Tyler",259,0.3177083333333333,0.3072916666666667,-0.01041666666666663
669330,2025,"Wells, Tyler",342,0.3730769230769231,0.4,0.02692307692307694
669330,2026,"Wells, Tyler",1068,0.4444444444444444,0.43308080808080807,-0.011363636363636354
669358,2024,"Baz, Shane",1206,0.4092446448703495,0.40135287485907556,-0.007891770011273946
669358,2025,"Baz, Shane",2718,0.43968095712861416,0.4511465603190429,0.01146560319042872
669358,2026,"Baz, Shane",2911,0.41896310135450726,0.41055581503970107,-0.008407286314806195
669371,2025,"Henry, Cole",967,0.5606060606060606,0.571625344352617,0.011019283746556474
669371,2026,"Henry, Cole",282,0.4786729857819905,0.4976303317535545,0.018957345971563955
669372,2024,"Ginn, J.T.",515,0.4893048128342246,0.4946524064171123,0.005347593582887666
669372,2025,"Ginn, J.T.",1575,0.5274725274725275,0.5164835164835165,-0.01098901098901095
669372,2026,"Ginn, J.T.",2185,0.47440699126092384,0.46878901373283394,-0.005617977528089901
669373,2024,"Skubal, Tarik",2838,0.40497845859262804,0.4174246050741982,0.012446146481570164
669373,2025,"Skubal, Tarik",2849,0.407336827060505,0.3887565507384469,-0.01858027632205811
669373,2026,"Skubal, Tarik",2356,0.4040345821325648,0.40576368876080693,0.0017291066282421053
669387,2024,"Mlodzinski, Carmen",866,0.4185692541856925,0.4185692541856925,0.0
669387,2025,"Mlodzinski, Carmen",1647,0.378158109209454,0.38875305623471884,0.010594947025264867
669387,2026,"Mlodzinski, Carmen",2080,0.3469520103761349,0.3664072632944228,0.019455252918287924
669422,2024,"Sauer, Matt",327,0.4609053497942387,0.4691358024691358,0.008230452674897082
669422,2025,"Sauer, Matt",512,0.34986945169712796,0.35509138381201044,0.005221932114882477
669432,2024,"Rogers, Trevor",2243,0.35833333333333334,0.3976190476190476,0.03928571428571426
669432,2025,"Rogers, Trevor",1627,0.36794019933554817,0.3787375415282392,0.010797342192691017
669432,2026,"Rogers, Trevor",2689,0.4374057315233786,0.44394167923579686,0.006535947712418277
669438,2024,"Englert, Mason",365,0.2490842490842491,0.26373626373626374,0.014652014652014655
669438,2025,"Englert, Mason",724,0.40816326530612246,0.424860853432282,0.016697588126159568
669438,2026,"Englert, Mason",663,0.36065573770491804,0.36065573770491804,0.0
669456,2025,"Bieber, Shane",645,0.3436213991769547,0.345679012345679,0.0020576131687242705
669456,2026,"Bieber, Shane",930,0.3546511627906977,0.35319767441860467,-0.0014534883720930258
669461,2024,"Liberatore, Matthew",1358,0.32103688933200397,0.3240279162512463,0.002991026919242301
669461,2025,"Liberatore, Matthew",2386,0.3058755760368664,0.3197004608294931,0.013824884792626724
669461,2026,"Liberatore, Matthew",2609,0.34438114966338684,0.35577421025375455,0.01139306059036771
669467,2024,"Pallante, Andre",1934,0.5832752613240418,0.5665505226480836,-0.01672473867595825
669467,2025,"Pallante, Andre",2720,0.47928107838242634,0.5047428856714927,0.025461807289066385
669467,2026,"Pallante, Andre",2642,0.4951555328913819,0.49362570117287097,-0.0015298317185109545
669620,2024,"Basso, Brady",350,0.4609375,0.47265625,0.01171875
669620,2026,"Basso, Brady",696,0.4869215291750503,0.48893360160965793,0.0020120724346076035
669622,2024,"Bender, Anthony",954,0.5757575757575758,0.5633608815426997,-0.012396694214876103
669622,2025,"Bender, Anthony",783,0.5103448275862069,0.506896551724138,-0.0034482758620689724
669622,2026,"Bender, Anthony",539,0.52,0.5175,-0.0025000000000000577
669674,2024,"Long, Sam",702,0.4296577946768061,0.4296577946768061,0.0
669674,2025,"Long, Sam",786,0.39028475711892796,0.3685092127303183,-0.02177554438860968
669684,2025,"Murphy, Chris",569,0.38388625592417064,0.36492890995260663,-0.01895734597156401
669684,2026,"Murphy, Chris",614,0.3758099352051836,0.367170626349892,-0.008639308855291572
669704,2025,"Strowd, Kade",406,0.43521594684385384,0.49169435215946844,0.0564784053156146
669711,2024,"Weissert, Greg",1029,0.4406779661016949,0.42894393741851367,-0.011734028683181241
669711,2025,"Weissert, Greg",1069,0.43544303797468353,0.4468354430379747,0.011392405063291144
669711,2026,"Weissert, Greg",991,0.37228260869565216,0.3654891304347826,-0.006793478260869568
669713,2024,"Wesneski, Hayden",1075,0.48484848484848486,0.4810606060606061,-0.0037878787878787845
669713,2025,"Wesneski, Hayden",508,0.44680851063829785,0.42819148936170215,-0.018617021276595702
669713,2026,"Wesneski, Hayden",898,0.3696319018404908,0.36809815950920244,-0.0015337423312883347
669721,2024,"Daniel, Davis",508,0.4101876675603217,0.3941018766756032,-0.01608579088471851
669724,2024,"Hanifee, Brenan",446,0.5184049079754601,0.5398773006134969,0.021472392638036797
669724,2025,"Hanifee, Brenan",946,0.6177325581395349,0.6162790697674418,-0.0014534883720930258
669724,2026,"Hanifee, Brenan",321,0.5833333333333334,0.5701754385964912,-0.013157894736842146
669854,2024,"Blanco, Ronel",2751,0.41734939759036144,0.4380722891566265,0.020722891566265056
669854,2025,"Blanco, Ronel",793,0.4276094276094276,0.4175084175084175,-0.01010101010101011
669854,2026,"Blanco, Ronel",570,0.4566744730679157,0.46604215456674475,0.00936768149882905
669920,2025,"Alexander, Jason",1252,0.4890829694323144,0.509825327510917,0.02074235807860264
669920,2026,"Alexander, Jason",299,0.42790697674418604,0.4186046511627907,-0.009302325581395321
669923,2024,"Kirby, George",2966,0.4089661482159195,0.3989021043000915,-0.010064043915827992
669923,2025,"Kirby, George",2086,0.37435897435897436,0.38333333333333336,0.008974358974358998
669923,2026,"Kirby, George",2758,0.35749751737835156,0.37636544190665344,0.018867924528301883
669947,2026,"Scholtens, Jesse",773,0.3960923623445826,0.39431616341030196,-0.0017761989342806594
669952,2024,"White, Mitch",413,0.4473684210526316,0.4309210526315789,-0.016447368421052655
670036,2024,"Festa, Matt",385,0.3181818181818182,0.36713286713286714,0.04895104895104896
670036,2025,"Festa, Matt",817,0.4602368866328257,0.5042301184433164,0.04399323181049075
670036,2026,"Festa, Matt",1101,0.44938271604938274,0.5,0.050617283950617264
670046,2024,"Rosenberg, Kenny",403,0.5067114093959731,0.5234899328859061,0.016778523489932917
670059,2024,"Holderman, Colin",869,0.5736434108527132,0.5674418604651162,-0.006201550387596955
670059,2025,"Holderman, Colin",492,0.38858695652173914,0.3804347826086957,-0.008152173913043459
670059,2026,"Holderman, Colin",860,0.542319749216301,0.5203761755485894,-0.021943573667711602
670062,2026,"Garcia, Julian",712,0.5733082706766918,0.5620300751879699,-0.011278195488721887
670102,2024,"Francis, Bowden",1558,0.5034782608695653,0.5113043478260869,0.00782608695652165
670102,2025,"Francis, Bowden",1141,0.5422535211267606,0.5387323943661971,-0.0035211267605634866
670103,2026,"Burgos, Raymond",292,0.5047619047619047,0.4857142857142857,-0.019047619047619035
670124,2024,"Oller, Adam",710,0.47307692307692306,0.4807692307692308,0.0076923076923077205
670167,2024,"Schreiber, John",895,0.42410714285714285,0.42410714285714285,0.0
670167,2025,"Schreiber, John",1047,0.42528735632183906,0.438058748403576,0.012771392081736943
670167,2026,"Schreiber, John",997,0.4002659574468085,0.38430851063829785,-0.015957446808510634
670174,2024,"Winckowski, Josh",1240,0.3936052921719956,0.3980154355016538,0.004410143329658223
670241,2024,"Vines, Darius",257,0.3298429319371728,0.3717277486910995,0.04188481675392669
670245,2026,"Watson, Ryan",1138,0.40336134453781514,0.39255702280912363,-0.010804321728691502
670280,2024,"Bednar, David",1023,0.5795006570302234,0.5795006570302234,0.0
670280,2025,"Bednar, David",1024,0.43669250645994834,0.4819121447028424,0.045219638242894045
670280,2026,"Bednar, David",1154,0.5028571428571429,0.5188571428571429,0.016000000000000014
670329,2025,"Garcia, Rico",586,0.40765765765765766,0.47072072072072074,0.06306306306306309
670329,2026,"Garcia, Rico",997,0.4529331514324693,0.46521145975443384,0.012278308321964526
670766,2024,"McCaughan, Darren",714,0.41005802707930367,0.3945841392649903,-0.015473887814313358
670871,2024,"Zuñiga, Guillo",271,0.46938775510204084,0.45408163265306123,-0.015306122448979609
670912,2025,"Oviedo, Johan",665,0.46963562753036436,0.46558704453441296,-0.0040485829959514
670950,2024,"Richards, Trevor",1182,0.5946843853820598,0.6135105204872646,0.01882613510520481
670950,2026,"Richards, Trevor",1302,0.6020833333333333,0.64375,0.04166666666666674
670955,2024,"Uceta, Edwin",672,0.451171875,0.46484375,0.013671875
670955,2025,"Uceta, Edwin",1214,0.4658454647256439,0.5027995520716685,0.03695408734602457
670970,2024,"Morejon, Adrian",981,0.46338028169014084,0.4619718309859155,-0.0014084507042253502
670970,2025,"Morejon, Adrian",994,0.613540197461213,0.6036671368124118,-0.009873060648801224
670970,2026,"Morejon, Adrian",1318,0.5092783505154639,0.520618556701031,0.011340206185567081
670990,2024,"Ramírez, Yohan",769,0.6214285714285714,0.6089285714285714,-0.012500000000000067
670990,2025,"Ramírez, Yohan",604,0.47555555555555556,0.4666666666666667,-0.00888888888888889
670990,2026,"Ramírez, Yohan",1410,0.4686907020872865,0.4791271347248577,0.010436432637571158
671096,2024,"Abbott, Andrew",2333,0.5248998282770464,0.5352032054951346,0.010303377218088161
671096,2025,"Abbott, Andrew",2677,0.4917210235825389,0.48569994982438536,-0.006021073758153528
671096,2026,"Abbott, Andrew",2858,0.4513856270549554,0.4372945044621888,-0.01409112259276657
671106,2024,"Allen, Logan",1665,0.3652597402597403,0.3652597402597403,0.0
671106,2025,"Allen, Logan",2709,0.34467455621301774,0.3505917159763314,0.00591715976331364
671106,2026,"Allen, Logan",325,0.27049180327868855,0.2581967213114754,-0.012295081967213128
671109,2025,"Eder, Jake",302,0.48660714285714285,0.48660714285714285,0.0
671111,2024,"Peralta, Sammy",282,0.44761904761904764,0.46190476190476193,0.01428571428571429
671111,2026,"Peralta, Sammy",400,0.36585365853658536,0.39372822299651566,0.027874564459930307
671131,2025,"Rutledge, Jackson",1339,0.4438927507447865,0.4637537239324727,0.019860973187686204
671162,2026,"Thomas, Connor",418,0.36,0.37,0.010000000000000009
671212,2024,"Boyle, Joe",966,0.5756756756756757,0.5756756756756757,0.0
671212,2025,"Boyle, Joe",934,0.4703389830508475,0.4703389830508475,0.0
671212,2026,"Boyle, Joe",347,0.35471698113207545,0.3320754716981132,-0.02264150943396226
671305,2024,"Otañez, Michel",601,0.5456570155902004,0.5300668151447662,-0.015590200445434244
671345,2024,"Foley, Jason",905,0.5494672754946728,0.5312024353120244,-0.0182648401826484
671345,2026,"Foley, Jason",448,0.5255255255255256,0.5225225225225225,-0.0030030030030030463
671737,2024,"Bradley, Taj",2294,0.4358974358974359,0.432983682983683,-0.0029137529137528984
671737,2025,"Bradley, Taj",2272,0.43842950624628196,0.4312908982748364,-0.007138607971445554
671737,2026,"Bradley, Taj",2997,0.45264562027567806,0.44508670520231214,-0.007558915073365924
671922,2024,"Smith, Cade",1166,0.6909920182440137,0.6909920182440137,0.0
671922,2025,"Smith, Cade",1182,0.6923076923076923,0.6923076923076923,0.0
671922,2026,"Smith, Cade",1226,0.6620320855614973,0.6620320855614973,0.0
671936,2026,"Macko, Adam",577,0.4226327944572748,0.4618937644341801,0.03926096997690531
672282,2024,"Detmers, Reid",1557,0.448068669527897,0.4446351931330472,-0.003433476394849755
672282,2025,"Detmers, Reid",1083,0.5665445665445665,0.5726495726495726,0.006105006105006083
672282,2026,"Detmers, Reid",2957,0.478574650428507,0.5024808299503835,0.02390617952187646
672335,2024,"Pérez, Cionel",864,0.3632,0.4928,0.1296
672335,2025,"Pérez, Cionel",437,0.43597560975609756,0.46646341463414637,0.030487804878048808
672335,2026,"Pérez, Cionel",790,0.46114864864864863,0.5,0.03885135135135137
672391,2024,"Ort, Kaleb",366,0.5604395604395604,0.5604395604395604,0.0
672391,2025,"Ort, Kaleb",788,0.5378151260504201,0.5394957983193277,0.001680672268907557
672442,2026,"Cruz, Yovanny",256,0.5161290322580645,0.521505376344086,0.005376344086021501
672456,2024,"Montero, Keider",1539,0.42488888888888887,0.4177777777777778,-0.007111111111111068
672456,2025,"Montero, Keider",1473,0.4214417744916821,0.4048059149722736,-0.01663585951940849
672456,2026,"Montero, Keider",2304,0.3758189398451459,0.3716497915425849,-0.004169148302561043
672578,2024,"Hernández, Carlos",560,0.5220417633410673,0.5174013921113689,-0.004640371229698403
672578,2025,"Hernández, Carlos",759,0.5161870503597122,0.49640287769784175,-0.01978417266187049
672582,2024,"Zerpa, Angel",951,0.4936708860759494,0.45147679324894513,-0.04219409282700426
672582,2025,"Zerpa, Angel",1099,0.4787363304981774,0.44471445929526127,-0.03402187120291611
672629,2026,"Carrillo, Gerardo",316,0.4872881355932203,0.4703389830508475,-0.016949152542372836
672710,2024,"Contreras, Roansy",1074,0.38235294117647056,0.3976982097186701,0.01534526854219953
672782,2025,"Gómez, Yoendrys",1099,0.38077858880778587,0.40145985401459855,0.020681265206812682
672782,2026,"Gómez, Yoendrys",1123,0.46117084826762245,0.4731182795698925,0.01194743130227005
672841,2025,"Vargas, Carlos",1095,0.566579634464752,0.5469973890339426,-0.019582245430809442
672841,2026,"Vargas, Carlos",282,0.5323383084577115,0.5323383084577115,0.0
672860,2024,"Berroa, Prelander",348,0.6578947368421053,0.6616541353383458,0.003759398496240518
673380,2024,"Núñez, Dedniel",521,0.6025974025974026,0.5844155844155844,-0.018181818181818188
673513,2024,"Matsui, Yuki",1049,0.48740554156171284,0.473551637279597,-0.013853904282115859
673513,2025,"Matsui, Yuki",1063,0.48045397225725095,0.4918032786885246,0.011349306431273631
673513,2026,"Matsui, Yuki",1086,0.5084745762711864,0.5338983050847458,0.025423728813559365
673540,2025,"Senga, Kodai",1900,0.4300847457627119,0.4427966101694915,0.012711864406779627
673540,2026,"Senga, Kodai",1129,0.49230769230769234,0.48757396449704143,-0.004733727810650901
673929,2024,"Leasure, Jordan",560,0.6258992805755396,0.6235011990407674,-0.0023980815347721673
673929,2025,"Leasure, Jordan",1130,0.5818815331010453,0.562137049941928,-0.019744483159117254
673929,2026,"Leasure, Jordan",313,0.4788135593220339,0.5042372881355932,0.02542372881355931
674003,2024,"Bradford, Cody",1175,0.5080831408775982,0.5484988452655889,0.04041570438799069
674003,2026,"Bradford, Cody",719,0.5380228136882129,0.5627376425855514,0.024714828897338448
674072,2024,"Henry, Tommy",706,0.3486590038314176,0.3275862068965517,-0.02107279693486591
674285,2024,"Salazar, Eduardo",494,0.5833333333333334,0.5777777777777777,-0.005555555555555647
674285,2025,"Salazar, Eduardo",545,0.5583756345177665,0.5939086294416244,0.035532994923857864
674370,2024,"Bido, Osvaldo",1055,0.43090452261306533,0.4321608040201005,0.0012562814070351536
674370,2025,"Bido, Osvaldo",1378,0.43208661417322836,0.3986220472440945,-0.033464566929133854
674370,2026,"Bido, Osvaldo",317,0.4364406779661017,0.4322033898305085,-0.004237288135593209
674444,2025,"Cruz, Steven",642,0.4900662251655629,0.5165562913907285,0.02649006622516553
674444,2026,"Cruz, Steven",930,0.5189504373177842,0.5364431486880467,0.017492711370262426
674841,2025,"Alvarez, Andrew",417,0.4231974921630094,0.4106583072100313,-0.012539184952978066
674841,2026,"Alvarez, Andrew",1857,0.4240231548480463,0.43342981186685964,0.009406657018813325
675512,2025,"Melton, Troy",656,0.40842105263157896,0.4147368421052632,0.006315789473684219
675512,2026,"Melton, Troy",1773,0.2834101382488479,0.27342549923195086,-0.009984639016897057
675540,2024,"Curry, Xzavion",639,0.5074946466809421,0.4925053533190578,-0.014989293361884315
675540,2026,"Curry, Xzavion",348,0.35968379446640314,0.37549407114624506,0.015810276679841917
675627,2024,"Grove, Michael",827,0.5819672131147541,0.5819672131147541,0.0
675650,2024,"Mercado, Michael",260,0.4336734693877551,0.4489795918367347,0.015306122448979609
675660,2026,"Drohan, Shane",2001,0.34578804347826086,0.34035326086956524,-0.005434782608695621
675848,2025,"Mejia, Juan",1074,0.6326781326781327,0.6732186732186732,0.04054054054054057
675848,2026,"Mejia, Juan",1303,0.5198776758409785,0.5321100917431193,0.012232415902140747
675911,2025,"Strider, Spencer",2110,0.5245692405871091,0.5481812380344607,0.02361199744735165
675911,2026,"Strider, Spencer",691,0.4552380952380952,0.43238095238095237,-0.022857142857142854
675921,2024,"Howard, Spencer",537,0.49872773536895676,0.4860050890585242,-0.012722646310432573
675989,2024,"Bolton, Cody",312,0.38596491228070173,0.3991228070175439,0.013157894736842146
675989,2026,"Bolton, Cody",391,0.2983050847457627,0.3050847457627119,0.006779661016949157
676083,2025,"Junk, Janson",1622,0.3526405451448041,0.348381601362862,-0.004258943781942082
676083,2026,"Junk, Janson",1981,0.34248455730954014,0.3891557995881949,0.04667124227865477
676092,2024,"Snider, Collin",676,0.4763779527559055,0.4822834645669291,0.0059055118110236116
676092,2025,"Snider, Collin",477,0.3983286908077994,0.40947075208913647,0.011142061281337046
676105,2024,"Criswell, Jeff",354,0.5150375939849624,0.48872180451127817,-0.026315789473684237
676106,2024,"Hancock, Emerson",1014,0.3609625668449198,0.38235294117647056,0.021390374331550777
676106,2025,"Hancock, Emerson",1423,0.3754826254826255,0.41023166023166024,0.034749034749034735
676106,2026,"Hancock, Emerson",2171,0.44915782907049284,0.47348721147847783,0.02432938240798499
676130,2024,"Buttó, José",1222,0.33585313174946,0.3779697624190065,0.04211663066954646
676130,2025,"Buttó, José",1095,0.41697416974169743,0.4145141451414514,-0.0024600246002460247
676254,2024,"Walker, Ryan",1220,0.5290889132821076,0.5971459934138309,0.06805708013172329
676254,2025,"Walker, Ryan",1018,0.6374501992031872,0.6254980079681275,-0.01195219123505975
676254,2026,"Walker, Ryan",609,0.6461538461538462,0.676923076923077,0.03076923076923077
676263,2025,"Dreyer, Jack",1146,0.5344418052256532,0.5308788598574822,-0.0035629453681710332
676263,2026,"Dreyer, Jack",1037,0.46262886597938147,0.48582474226804123,0.023195876288659767
676272,2024,"Miller, Bobby",1053,0.3853904282115869,0.3891687657430731,0.0037783375314861534
676282,2024,"Cantillo, Joey",711,0.4835766423357664,0.4726277372262774,-0.010948905109489038
676282,2025,"Cantillo, Joey",1637,0.42105263157894735,0.4728744939271255,0.05182186234817815
676282,2026,"Cantillo, Joey",2747,0.3814382896015549,0.4071914480077745,0.02575315840621961
676395,2024,"Garcia, Robert",946,0.6086330935251798,0.6158273381294964,0.007194244604316613
676395,2025,"Garcia, Robert",972,0.5049786628733998,0.5092460881934566,0.004267425320056861
676395,2026,"Garcia, Robert",287,0.5277777777777778,0.5185185185185185,-0.0092592592592593
676428,2024,"Hurter, Brant",645,0.5085106382978724,0.4978723404255319,-0.010638297872340441
676428,2025,"Hurter, Brant",1052,0.5451030927835051,0.5567010309278351,0.011597938144329967
676428,2026,"Hurter, Brant",507,0.5315068493150685,0.5315068493150685,0.0
676440,2024,"Bibee, Tanner",2851,0.4262295081967213,0.41920374707259955,-0.007025761124121732
676440,2025,"Bibee, Tanner",2969,0.2786588128681468,0.3343905754417762,0.055731762573629384
676440,2026,"Bibee, Tanner",2968,0.29048490393412624,0.29414455626715463,0.003659652333028396
676467,2025,"Gordon, Colton",1451,0.4380242311276794,0.45573159366262816,0.017707362534948756
676467,2026,"Gordon, Colton",272,0.3564356435643564,0.3564356435643564,0.0
676477,2024,"Whitlock, Garrett",321,0.3780487804878049,0.3861788617886179,0.008130081300812997
676477,2025,"Whitlock, Garrett",1180,0.4634420697412823,0.46569178852643417,0.002249718785151844
676477,2026,"Whitlock, Garrett",743,0.5082568807339449,0.5045871559633027,-0.003669724770642202
676508,2025,"Casparius, Ben",1262,0.4370290635091496,0.4402583423035522,0.0032292787944026013
676534,2024,"Faucher, Calvin",987,0.36254980079681276,0.3705179282868526,0.007968127490039834
676534,2025,"Faucher, Calvin",1054,0.4918444165621079,0.5056461731493099,0.013801756587202008
676534,2026,"Faucher, Calvin",1166,0.40893470790378006,0.3997709049255441,-0.009163802978235935
676571,2025,"Poulin, PJ",419,0.45307443365695793,0.44336569579288027,-0.009708737864077666
676571,2026,"Poulin, PJ",635,0.2981366459627329,0.3002070393374741,0.0020703933747411862
676596,2024,"Fleming, Josh",532,0.4961832061068702,0.48091603053435117,-0.015267175572519054
676604,2026,"Zuber, Tyler",694,0.34296724470134876,0.3737957610789981,0.03082851637764933
676614,2024,"Sammons, Bryan",374,0.3903345724907063,0.39776951672862454,0.0074349442379182396
676617,2025,"O'Brien, Riley",758,0.4642857142857143,0.5089285714285714,0.044642857142857095
676617,2026,"O'Brien, Riley",1063,0.6124523506988564,0.5933926302414231,-0.019059720457433316
676620,2026,"Weiman, Blake",284,0.5336538461538461,0.5336538461538461,0.0
676661,2025,"Lazar, Max",646,0.5336134453781513,0.5462184873949579,0.012605042016806678
676664,2024,"Sears, JP",2856,0.4825941821649976,0.497377205531712,0.014783023366714387
676664,2025,"Sears, JP",2366,0.4567415730337079,0.4730337078651685,0.016292134831460636
676664,2026,"Sears, JP",529,0.422279792746114,0.4274611398963731,0.005181347150259086
676680,2024,"Cosgrove, Tom",323,0.4939271255060729,0.4898785425101215,-0.0040485829959514
676680,2026,"Cosgrove, Tom",268,0.6185567010309279,0.6185567010309279,0.0
676684,2024,"Vest, Will",1162,0.5503432494279176,0.5617848970251716,0.011441647597254079
676684,2025,"Vest, Will",1137,0.5076201641266119,0.5064478311840562,-0.0011723329425556983
676684,2026,"Vest, Will",484,0.41304347826086957,0.421195652173913,0.008152173913043459
676702,2024,"Stratton, Hunter",587,0.48009367681498827,0.4566744730679157,-0.02341920374707257
676702,2025,"Stratton, Hunter",343,0.4763779527559055,0.468503937007874,-0.007874015748031482
676710,2024,"Crawford, Kutter",2823,0.422200678623364,0.41299079011148815,-0.009209888511875874
676714,2024,"Hughes, Brandon",350,0.4099616858237548,0.39080459770114945,-0.01915708812260536
676742,2026,"Sanders, Cam",547,0.4556354916067146,0.45083932853717024,-0.00479616306954439
676755,2025,"Mattson, Isaac",777,0.7779690189328744,0.7779690189328744,0.0
676755,2026,"Mattson, Isaac",728,0.7210144927536232,0.7210144927536232,0.0
676760,2024,"Marinaccio, Ron",395,0.41216216216216217,0.42567567567567566,0.013513513513513487
676760,2026,"Marinaccio, Ron",1042,0.42765685019206146,0.4046094750320102,-0.02304737516005123
676775,2024,"Winn, Keaton",847,0.47974068071312803,0.4683954619124797,-0.011345218800648316
676775,2026,"Winn, Keaton",644,0.5149572649572649,0.5213675213675214,0.0064102564102564985
676879,2024,"Ashby, Aaron",484,0.42191780821917807,0.4410958904109589,0.019178082191780854
676879,2025,"Ashby, Aaron",1033,0.5013123359580053,0.479002624671916,-0.022309711286089273
676879,2026,"Ashby, Aaron",1582,0.5333333333333333,0.5516666666666666,0.018333333333333313
676917,2025,"Cavalli, Cade",788,0.37082601054481545,0.38312829525483305,0.012302284710017597
676917,2026,"Cavalli, Cade",2776,0.27984533591106814,0.3214113098115031,0.04156597390043498
676961,2025,"Boushley, Caleb",742,0.3989071038251366,0.4335154826958106,0.03460837887067397
676962,2024,"Brown, Ben",849,0.5550239234449761,0.5725677830940988,0.01754385964912275
676962,2025,"Brown, Ben",1759,0.585081585081585,0.5928515928515928,0.007770007770007803
676962,2026,"Brown, Ben",1004,0.42760487144790255,0.4871447902571042,0.059539918809201675
676974,2024,"Meyer, Max",968,0.45897079276773295,0.46453407510431155,0.005563282336578601
676974,2025,"Meyer, Max",1039,0.39389920424403185,0.40450928381962864,0.010610079575596787
676974,2026,"Meyer, Max",1789,0.3768882175226586,0.3919939577039275,0.015105740181268867
676979,2024,"Crochet, Garrett",2395,0.5214007782101168,0.5258476931628683,0.004446914952751513
676979,2025,"Crochet, Garrett",3150,0.3893653516295026,0.36620926243567753,-0.023156089193825058
676979,2026,"Crochet, Garrett",518,0.2736842105263158,0.3105263157894737,0.0368421052631579
677020,2026,"Walker, Josh",505,0.4461942257217848,0.4199475065616798,-0.026246719160105014
677053,2024,"Nardi, Andrew",906,0.6071942446043166,0.6345323741007194,0.027338129496402797
677053,2026,"Nardi, Andrew",378,0.5017921146953405,0.4767025089605735,-0.025089605734766984
677161,2024,"Kelly, Zack",955,0.441340782122905,0.43575418994413406,-0.005586592178770944
677161,2025,"Kelly, Zack",581,0.3883720930232558,0.42790697674418604,0.039534883720930225
677161,2026,"Kelly, Zack",283,0.5094339622641509,0.5094339622641509,0.0
677865,2026,"Bruihl, Justin",1314,0.534020618556701,0.5422680412371134,0.008247422680412342
677944,2024,"Cecconi, Slade",1290,0.5257082896117523,0.5372507869884575,0.011542497376705207
677944,2025,"Cecconi, Slade",2063,0.42527978933508886,0.4325213956550362,0.007241606319947358
677944,2026,"Cecconi, Slade",2003,0.2569491525423729,0.29423728813559324,0.03728813559322036
677952,2025,"Ashcraft, Braxton",1102,0.3962962962962963,0.4148148148148148,0.01851851851851849
677952,2026,"Ashcraft, Braxton",2413,0.3518624641833811,0.35702005730659025,0.005157593123209181
677955,2025,"Hill, Jaden",488,0.4735376044568245,0.4735376044568245,0.0
677955,2026,"Hill, Jaden",692,0.341130604288499,0.3313840155945419,-0.009746588693957114
677958,2025,"Rocker, Kumar",1127,0.25,0.2892857142857143,0.03928571428571431
677958,2026,"Rocker, Kumar",2496,0.4643243243243243,0.4594594594594595,-0.004864864864864815
677960,2024,"Weathers, Ryan",1413,0.4449760765550239,0.4660287081339713,0.02105263157894738
677960,2025,"Weathers, Ryan",642,0.4957983193277311,0.5042016806722689,0.008403361344537785
677960,2026,"Weathers, Ryan",2280,0.3781414377556984,0.4067796610169492,0.02863822326125076
677961,2026,"Wilcox, Cole",488,0.24383561643835616,0.2821917808219178,0.03835616438356165
677976,2026,"Dobnak, Randy",1264,0.4696485623003195,0.47710330138445156,0.007454739084132078
678020,2025,"Halvorsen, Seth",636,0.5150862068965517,0.4892241379310345,-0.025862068965517238
678020,2026,"Halvorsen, Seth",522,0.6005221932114883,0.5926892950391645,-0.007832898172323799
678022,2025,"Perkins, Jack",637,0.4096638655462185,0.42016806722689076,0.010504201680672287
678022,2026,"Perkins, Jack",2066,0.3639921722113503,0.36921069797782124,0.005218525766470972
678024,2025,"Vasil, Mike",1646,0.42053789731051344,0.4482477587612062,0.027709861450692763
678061,2024,"Kerr, Ray",383,0.4731182795698925,0.5197132616487455,0.04659498207885304
678226,2024,"Hernández, Daysbel",330,0.5214007782101168,0.5875486381322957,0.06614785992217898
678226,2025,"Hernández, Daysbel",717,0.5714285714285714,0.6166365280289331,0.0452079566003617
678368,2024,"Bellozo, Valente",1094,0.34167709637046306,0.3667083854818523,0.025031289111389243
678368,2025,"Bellozo, Valente",1322,0.45940390544707094,0.45426515930113054,-0.005138746145940398
678394,2024,"Bello, Brayan",2710,0.4641076769690927,0.4621136590229312,-0.001994017946161497
678394,2025,"Bello, Brayan",2697,0.3763171098845961,0.38233818364274963,0.006021073758153528
678394,2026,"Bello, Brayan",1906,0.42419928825622777,0.4277580071174377,0.003558718861209953
678495,2024,"Rodríguez, Randy",879,0.5472560975609756,0.5365853658536586,-0.010670731707317027
678495,2025,"Rodríguez, Randy",808,0.5205254515599343,0.5582922824302134,0.0377668308702791
678606,2024,"Ferrer, José A.",476,0.547550432276657,0.5619596541786743,0.014409221902017322
678606,2025,"Ferrer, José A.",1208,0.5984162895927602,0.6074660633484162,0.009049773755656076
678606,2026,"Ferrer, José A.",1090,0.6729559748427673,0.680503144654088,0.007547169811320753
678692,2024,"Henriquez, Ronny",303,0.334841628959276,0.3438914027149321,0.009049773755656132
678692,2025,"Henriquez, Ronny",1158,0.36565420560747663,0.35630841121495327,-0.009345794392523366
678821,2025,"Peralta, Luis",436,0.7215568862275449,0.7215568862275449,0.0
678906,2025,"Teng, Kai-Wei",573,0.37557603686635943,0.3778801843317972,0.002304147465437778
678906,2026,"Teng, Kai-Wei",1266,0.3715203426124197,0.4014989293361884,0.02997858672376874
679156,2024,"Pennington, Walter",330,0.47560975609756095,0.5284552845528455,0.05284552845528456
679358,2025,"Orze, Eric",681,0.5785288270377733,0.5785288270377733,0.0
679358,2026,"Orze, Eric",677,0.5469387755102041,0.5469387755102041,0.0
679525,2024,"Marsh, Alec",2161,0.35195530726256985,0.3581626319056487,0.0062073246430788265
679775,2025,"Backhus, Kyle",430,0.6222222222222222,0.6222222222222222,0.0
679775,2026,"Backhus, Kyle",354,0.5269230769230769,0.5230769230769231,-0.0038461538461538325
679883,2026,"Avila, Luinder",1293,0.3180428134556575,0.3251783893985729,0.0071355759429154175
679885,2024,"Martinez, Justin",1177,0.5177548682703322,0.5200458190148912,0.002290950744558984
679885,2025,"Martinez, Justin",269,0.5198019801980198,0.5297029702970297,0.00990099009900991
680570,2024,"Rodriguez, Grayson",1879,0.45061283345349673,0.44556596971881757,-0.005046863734679163
680570,2026,"Rodriguez, Grayson",1771,0.4898266767143934,0.493594574227581,0.0037678975131876236
680573,2024,"Woods Richardson, Simeon",2295,0.40057971014492755,0.38956521739130434,-0.011014492753623206
680573,2025,"Woods Richardson, Simeon",1878,0.457325746799431,0.4672830725462304,0.009957325746799417
680573,2026,"Woods Richardson, Simeon",1161,0.4497663551401869,0.4357476635514019,-0.014018691588785048
680604,2026,"Castaño, Blas",460,0.35919540229885055,0.3563218390804598,-0.0028735632183907733
680684,2025,"Hoglund, Gunnar",547,0.3602941176470588,0.38480392156862747,0.02450980392156865
680689,2025,"Richardson, Lyon",674,0.47619047619047616,0.5,0.023809523809523836
680694,2024,"Bradish, Kyle",674,0.42661448140900193,0.4344422700587084,0.007827788649706457
680694,2025,"Bradish, Kyle",494,0.39945652173913043,0.39945652173913043,0.0
680694,2026,"Bradish, Kyle",2629,0.41836734693877553,0.40408163265306124,-0.01428571428571429
680704,2024,"Sandlin, Nick",1003,0.39050131926121373,0.3944591029023747,0.00395778364116095
680704,2025,"Sandlin, Nick",289,0.4863636363636364,0.4863636363636364,0.0
680723,2026,"Rom, Drew",300,0.6146788990825688,0.6146788990825688,0.0
680730,2024,"Parker, Mitchell",2404,0.45563139931740615,0.5455062571103527,0.08987485779294657
680730,2025,"Parker, Mitchell",2705,0.5454545454545454,0.5464646464646464,0.0010101010101010166
680730,2026,"Parker, Mitchell",663,0.5092783505154639,0.5381443298969072,0.028865979381443307
680732,2024,"Burke, Sean",309,0.38197424892703863,0.4334763948497854,0.05150214592274677
680732,2025,"Burke, Sean",2376,0.45413618458075405,0.4558244231851435,0.001688238604389436
680732,2026,"Burke, Sean",2878,0.4039888682745826,0.39239332096474955,-0.011595547309833032
680735,2025,"Cox, Austin",427,0.40615384615384614,0.40307692307692305,-0.003076923076923088
680736,2024,"Wrobleski, Justin",592,0.5779816513761468,0.5779816513761468,0.0
680736,2025,"Wrobleski, Justin",1092,0.3886838868388684,0.37761377613776137,-0.011070110701107028
680736,2026,"Wrobleski, Justin",2137,0.4919820397690827,0.48620910840282233,-0.005772931366260392
680742,2025,"Bowlan, Jonathan",727,0.4091743119266055,0.4036697247706422,-0.005504587155963303
680742,2026,"Bowlan, Jonathan",966,0.505464480874317,0.5040983606557377,-0.001366120218579292
680744,2024,"Madden, Ty",403,0.39072847682119205,0.37748344370860926,-0.013245033112582794
680744,2026,"Madden, Ty",755,0.35752212389380533,0.3486725663716814,-0.008849557522123908
680755,2025,"Fisher, Braydon",833,0.5229793977812995,0.5245641838351822,0.0015847860538826808
680755,2026,"Fisher, Braydon",1256,0.5158227848101266,0.5147679324894515,-0.001054852320675037
680767,2024,"Vodnik, Victor",1341,0.6229187071498531,0.6209598432908913,-0.0019588638589618235
680767,2025,"Vodnik, Victor",919,0.5653409090909091,0.5553977272727273,-0.009943181818181768
680767,2026,"Vodnik, Victor",1027,0.41130091984231276,0.4073587385019711,-0.003942181340341688
680802,2026,"Weiss, Ryan",530,0.3032581453634085,0.3333333333333333,0.03007518796992481
680880,2024,"Holman, Grant",292,0.6,0.5909090909090909,-0.009090909090909038
680880,2025,"Holman, Grant",375,0.5294117647058824,0.5367647058823529,0.007352941176470562
680885,2024,"Schwellenbach, Spencer",1887,0.3338139870223504,0.36265320836337417,0.02883922134102379
680885,2025,"Schwellenbach, Spencer",1573,0.3388937664618086,0.3678665496049166,0.028972783143108027
680897,2024,"Nastrini, Nick",734,0.42857142857142855,0.42678571428571427,-0.0017857142857142794
680899,2026,"Tolman, Erik",289,0.5315315315315315,0.527027027027027,-0.0045045045045045695
680916,2026,"Aleman, Franco",427,0.6583850931677019,0.6583850931677019,0.0
681006,2025,"Simpson, Josh",613,0.43383947939262474,0.41865509761388287,-0.015184381778741873
681035,2024,"Scott, Christian",787,0.5135593220338983,0.5084745762711864,-0.005084745762711895
681035,2026,"Scott, Christian",1964,0.4570469798657718,0.45503355704697984,-0.0020134228187919656
681066,2024,"Bush, Ky",328,0.5371900826446281,0.5371900826446281,0.0
681151,2026,"Murray, Jayden",304,0.5377777777777778,0.5377777777777778,0.0
681168,2025,"Curvelo, Luis",325,0.5454545454545454,0.5495867768595041,0.004132231404958664
681190,2024,"Vásquez, Randy",1687,0.251792828685259,0.2541832669322709,0.0023904382470119057
681190,2025,"Vásquez, Randy",2148,0.32403297400126824,0.33861762840837034,0.014584654407102104
681190,2026,"Vásquez, Randy",2226,0.35592185592185593,0.3302808302808303,-0.02564102564102566
681217,2026,"Silseth, Chase",1089,0.4245742092457421,0.4099756690997567,-0.014598540145985384
681293,2024,"Arrighetti, Spencer",2505,0.38823529411764707,0.38342245989304813,-0.004812834224598939
681293,2025,"Arrighetti, Spencer",618,0.27056277056277056,0.2878787878787879,0.01731601731601734
681293,2026,"Arrighetti, Spencer",1942,0.3919944789510007,0.4057971014492754,0.013802622498274686
681320,2026,"Lavender, Nate",294,0.7302325581395349,0.7302325581395349,0.0
681343,2025,"Smith, Shane",2419,0.46674057649667405,0.46286031042128606,-0.0038802660753879947
681347,2025,"Burrows, Mike",1537,0.3832599118942731,0.4008810572687225,0.017621145374449365
681347,2026,"Burrows, Mike",1567,0.3184601924759405,0.3464566929133858,0.027996500437445337
681402,2024,"Varland, Gus",455,0.6011730205278593,0.5953079178885631,-0.0058651026392961825
681402,2026,"Varland, Gus",579,0.6352941176470588,0.6352941176470588,0.0
681432,2024,"Little, Luke",438,0.6960486322188449,0.7142857142857143,0.01823708206686936
681517,2024,"Leahy, Kyle",695,0.49404761904761907,0.4742063492063492,-0.019841269841269882
681517,2025,"Leahy, Kyle",1350,0.3843813387423935,0.3813387423935091,-0.0030425963488843744
681517,2026,"Leahy, Kyle",2327,0.32620011567379986,0.34065934065934067,0.014459224985540808
681544,2026,"Olds, Wyatt",288,0.5954545454545455,0.5954545454545455,0.0
681676,2024,"Fernandez, Ryan",1190,0.5802197802197803,0.5813186813186814,0.001098901098901095
681676,2025,"Fernandez, Ryan",524,0.4857142857142857,0.4909090909090909,0.0051948051948051965
681676,2026,"Fernandez, Ryan",387,0.5121951219512195,0.5331010452961672,0.020905923344947674
681799,2024,"Roberts, Ethan",474,0.6253521126760564,0.6253521126760564,0.0
681799,2026,"Roberts, Ethan",436,0.5061349693251533,0.4938650306748466,-0.012269938650306733
681810,2026,"Warren, Austin",931,0.4943977591036415,0.49159663865546216,-0.0028011204481793173
681857,2024,"Olson, Reese",1853,0.4142651296829971,0.39481268011527376,-0.01945244956772335
681857,2025,"Olson, Reese",1159,0.40503432494279173,0.4107551487414188,0.005720823798627039
681867,2024,"Criswell, Cooper",1756,0.4027047332832457,0.42674680691209615,0.02404207362885047
681867,2025,"Criswell, Cooper",276,0.358974358974359,0.3333333333333333,-0.02564102564102566
681867,2026,"Criswell, Cooper",642,0.3877118644067797,0.3877118644067797,0.0
681869,2024,"Dubin, Shawn",840,0.382306477093207,0.4549763033175355,0.07266982622432855
681869,2025,"Dubin, Shawn",551,0.3669950738916256,0.3497536945812808,-0.017241379310344807
681870,2025,"Sabrowski, Erik",503,0.6981627296587927,0.7086614173228346,0.010498687664041939
681870,2026,"Sabrowski, Erik",820,0.6532258064516129,0.6645161290322581,0.011290322580645218
681892,2024,"Funderburk, Kody",652,0.5906313645621182,0.5906313645621182,0.0
681892,2025,"Funderburk, Kody",725,0.4014732965009208,0.39594843462246776,-0.0055248618784530246
681892,2026,"Funderburk, Kody",876,0.5083969465648855,0.5053435114503817,-0.003053435114503844
681895,2025,"Sisk, Evan",329,0.5140562248995983,0.5060240963855421,-0.008032128514056214
681895,2026,"Sisk, Evan",833,0.4188976377952756,0.4078740157480315,-0.011023622047244108
681911,2024,"Vesia, Alex",1109,0.6422668240850059,0.6458087367178277,0.0035419126328217754
681911,2025,"Vesia, Alex",1023,0.5717916137229987,0.5667090216010165,-0.0050825921219821435
681911,2026,"Vesia, Alex",1011,0.5463917525773195,0.5489690721649485,0.002577319587628968
681916,2026,"Smith, Dylan",703,0.555765595463138,0.5727788279773157,0.017013232514177745
681982,2024,"Anderson, Grant",483,0.5534246575342465,0.536986301369863,-0.016438356164383494
681982,2025,"Anderson, Grant",1158,0.5301624129930395,0.5174013921113689,-0.012761020881670526
681982,2026,"Anderson, Grant",915,0.5389133627019089,0.5330396475770925,-0.005873715124816381
682052,2025,"Lopez, Jacob",1666,0.3533596837944664,0.39920948616600793,0.045849802371541515
682052,2026,"Lopez, Jacob",2226,0.3697078115682767,0.41741204531902204,0.04770423375074534
682120,2024,"Herrin, Tim",1011,0.48344370860927155,0.4781456953642384,-0.005298013245033151
682120,2025,"Herrin, Tim",750,0.4712230215827338,0.49280575539568344,0.021582733812949617
682120,2026,"Herrin, Tim",983,0.35570469798657717,0.4080536912751678,0.052348993288590606
682227,2024,"Williamson, Brandon",256,0.39285714285714285,0.41836734693877553,0.02551020408163268
682227,2026,"Williamson, Brandon",907,0.40620384047267355,0.42688330871491875,0.020679468242245203
682243,2024,"Miller, Bryce",2749,0.4077337249143417,0.425354870288791,0.01762114537444931
682243,2025,"Miller, Bryce",1542,0.4217391304347826,0.41739130434782606,-0.004347826086956552
682243,2026,"Miller, Bryce",1884,0.42,0.41785714285714287,-0.002142857142857113
682254,2025,"Montgomery, Mason",859,0.613251155624037,0.6286594761171033,0.015408320493066285
682254,2026,"Montgomery, Mason",1169,0.44344904815229563,0.5375139977603584,0.09406494960806272
682274,2025,"Hiraldo, Yaramil",314,0.46956521739130436,0.49130434782608695,0.021739130434782594
682608,2026,"Gray, Peyton",944,0.4885057471264368,0.47270114942528735,-0.015804597701149448
682610,2024,"Muñoz, Roddery",1485,0.2841628959276018,0.31221719457013575,0.028054298642533948
682790,2025,"González, Wikelman",368,0.5800711743772242,0.5765124555160143,-0.003558718861209953
682825,2025,"Mey, Luis",414,0.6990595611285266,0.7084639498432602,0.009404388714733591
682825,2026,"Mey, Luis",665,0.648,0.658,0.010000000000000009
682842,2024,"Uribe, Abner",258,0.6614583333333334,0.6614583333333334,0.0
682842,2025,"Uribe, Abner",1164,0.6378316032295271,0.6401384083044983,0.0023068050749711633
682842,2026,"Uribe, Abner",918,0.6306569343065693,0.656934306569343,0.026277372262773713
682847,2024,"Ortiz, Luis",2143,0.35786163522012576,0.38113207547169814,0.023270440251572377
682847,2025,"Ortiz, Luis",1501,0.36371760500446826,0.3681858802502234,0.00446827524575516
682982,2026,"Espino, Daniel",273,0.6442307692307693,0.6346153846153846,-0.009615384615384692
682989,2025,"Mederos, Victor",314,0.44635193133047213,0.44635193133047213,0.0
682989,2026,"Mederos, Victor",586,0.4885844748858447,0.4771689497716895,-0.011415525114155223
682990,2024,"Priester, Quinn",811,0.3338983050847458,0.33220338983050846,-0.001694915254237317
682990,2025,"Priester, Quinn",2468,0.4151047409040794,0.38257993384785005,-0.03252480705622934
682995,2026,"Barco, Hunter",351,0.36363636363636365,0.3484848484848485,-0.015151515151515138
683000,2026,"Cornelio, Riley",685,0.566793893129771,0.5763358778625954,0.009541984732824416
683003,2024,"Jones, Jared",1912,0.46448863636363635,0.48792613636363635,0.0234375
683003,2026,"Jones, Jared",1634,0.4663382594417077,0.49014778325123154,0.023809523809523836
683004,2024,"Leiter, Jack",669,0.5141129032258065,0.5241935483870968,0.010080645161290258
683004,2025,"Leiter, Jack",2583,0.4042333505420754,0.42953020134228187,0.025296850800206494
683004,2026,"Leiter, Jack",1397,0.3790786948176583,0.3742802303262956,-0.0047984644913627306
683155,2024,"Estes, Joey",2027,0.5111111111111111,0.5555555555555556,0.04444444444444451
683175,2025,"Phillips, Connor",377,0.5734767025089605,0.6379928315412187,0.06451612903225812
683175,2026,"Phillips, Connor",590,0.6292134831460674,0.6224719101123596,-0.006741573033707815
683232,2024,"Mears, Nick",1028,0.6209573091849935,0.6364812419146184,0.015523932729624934
683232,2025,"Mears, Nick",845,0.5498392282958199,0.5434083601286174,-0.006430868167202508
683232,2026,"Mears, Nick",341,0.37209302325581395,0.3682170542635659,-0.003875968992248069
683352,2026,"Bratt, Mitch",726,0.4896810506566604,0.4971857410881801,0.007504690431519689
683363,2026,"Wilkinson, Matt",419,0.5501618122977346,0.5566343042071198,0.006472491909385147
683409,2024,"Chivilli, Angel",512,0.46701846965699206,0.49868073878627966,0.0316622691292876
683409,2025,"Chivilli, Angel",1022,0.47121820615796517,0.5381526104417671,0.06693440428380193
683409,2026,"Chivilli, Angel",285,0.4669811320754717,0.45754716981132076,-0.009433962264150941
683618,2025,"Henriquez, Edgardo",279,0.41,0.405,-0.004999999999999949
683618,2026,"Henriquez, Edgardo",968,0.46005509641873277,0.4834710743801653,0.02341597796143252
683627,2024,"Molina, Anthony",1048,0.43494897959183676,0.43494897959183676,0.0
683627,2025,"Molina, Anthony",608,0.46205357142857145,0.4642857142857143,0.002232142857142849
683627,2026,"Molina, Anthony",541,0.4469135802469136,0.4469135802469136,0.0
683742,2026,"Franco, Jose",348,0.4745098039215686,0.4823529411764706,0.007843137254901988
683769,2024,"Gaddis, Hunter",1075,0.4598997493734336,0.4448621553884712,-0.015037593984962405
683769,2025,"Gaddis, Hunter",1049,0.567741935483871,0.5729032258064516,0.005161290322580614
683769,2026,"Gaddis, Hunter",983,0.4889807162534435,0.48484848484848486,-0.004132231404958664
684007,2024,"Imanaga, Shota",2590,0.5029023746701847,0.5145118733509235,0.011609498680738795
684007,2025,"Imanaga, Shota",2176,0.49595519601742377,0.5003111387678905,0.00435594275046669
684007,2026,"Imanaga, Shota",2810,0.4714557564224548,0.4933396764985728,0.021883920076118002
684049,2026,"Bidois, Brandan",325,0.46122448979591835,0.47346938775510206,0.01224489795918371
684320,2024,"Rodríguez, Yariel",1501,0.49248452696728556,0.48099027409372236,-0.011494252873563204
684320,2025,"Rodríguez, Yariel",1158,0.5480880648899189,0.5689455388180765,0.02085747392815762
684442,2026,"Drake, Kohl",382,0.42857142857142855,0.4355400696864111,0.006968641114982577
684665,2026,"Murphy, Luke",381,0.5532646048109966,0.5670103092783505,0.013745704467353903
684974,2026,"Yoho, Craig",635,0.5617021276595745,0.5595744680851064,-0.0021276595744681437
685107,2025,"Veneziano, Anthony",481,0.2664835164835165,0.28296703296703296,0.01648351648351648
685126,2025,"Eisert, Brandon",1216,0.5557986870897156,0.5590809628008753,0.003282275711159688
685126,2026,"Eisert, Brandon",784,0.42016806722689076,0.4336134453781513,0.013445378151260512
685299,2024,"Gordon, Tanner",607,0.5145413870246085,0.5123042505592841,-0.0022371364653244186
685299,2025,"Gordon, Tanner",1244,0.4862183020948181,0.4972436604189636,0.011025358324145529
685299,2026,"Gordon, Tanner",1692,0.41850941850941853,0.4095004095004095,-0.009009009009009028
685314,2025,"Saalfrank, Andrew",427,0.5142857142857142,0.49206349206349204,-0.0222222222222222
685326,2025,"Brown, McCade",501,0.528,0.536,0.008000000000000007
685801,2024,"Bigge, Hunter",300,0.5638766519823789,0.5418502202643172,-0.022026431718061734
685801,2026,"Bigge, Hunter",319,0.48936170212765956,0.5063829787234042,0.01702127659574465
686218,2025,"Sheehan, Emmet",1146,0.4028103044496487,0.5070257611241218,0.10421545667447307
686218,2026,"Sheehan, Emmet",1954,0.4322319622387053,0.41672285906945383,-0.01550910316925147
686539,2024,"Cronin, Declan",1096,0.6245259165613148,0.6106194690265486,-0.01390644753476622
686560,2026,"Collyer, Gavin",480,0.41032608695652173,0.4048913043478261,-0.005434782608695621
686563,2024,"Cannon, Jonathan",2028,0.4311377245508982,0.4258150365934797,-0.005322687957418526
686563,2025,"Cannon, Jonathan",1793,0.3878012048192771,0.3953313253012048,0.0075301204819276935
686580,2024,"Slaten, Justin",811,0.4463373083475298,0.44804088586030666,0.0017035775127768327
686580,2025,"Slaten, Justin",499,0.46005509641873277,0.46005509641873277,0.0
686580,2026,"Slaten, Justin",508,0.4528301886792453,0.4743935309973046,0.021563342318059286
686613,2024,"Brown, Hunter",2889,0.3966866083755177,0.393005062126093,-0.0036815462494247386
686613,2025,"Brown, Hunter",2962,0.43702375616315553,0.42581801882563874,-0.011205737337516786
686613,2026,"Brown, Hunter",1881,0.3711484593837535,0.38375350140056025,0.012605042016806733
686642,2024,"Ellard, Fraser",432,0.5645645645645646,0.5735735735735735,0.009009009009008917
686642,2025,"Ellard, Fraser",329,0.5,0.484251968503937,-0.01574803149606302
686701,2025,"Bergert, Ryan",1312,0.3929292929292929,0.4,0.007070707070707116
686730,2024,"Spiers, Carson",1554,0.3741258741258741,0.38374125874125875,0.009615384615384637
686747,2024,"La Sorsa, Joe",271,0.39593908629441626,0.47715736040609136,0.08121827411167509
686751,2026,"Johnson, Seth",605,0.4854586129753915,0.5055928411633109,0.020134228187919434
686752,2024,"Pepiot, Ryan",2149,0.4894409937888199,0.4813664596273292,-0.008074534161490676
686752,2025,"Pepiot, Ryan",2698,0.41865079365079366,0.47668650793650796,0.0580357142857143
686753,2026,"Jameson, Drey",306,0.509090909090909,0.5136363636363637,0.00454545454545463
686790,2026,"McDonald, Trevor",1137,0.5767835550181378,0.5888754534461911,0.01209189842805325
686796,2024,"Walston, Blake",343,0.38076923076923075,0.4153846153846154,0.03461538461538466
686799,2024,"Kochanowicz, Jack",859,0.7171717171717171,0.7171717171717171,0.0
686799,2025,"Kochanowicz, Jack",1858,0.45353159851301117,0.45055762081784384,-0.002973977695167329
686799,2026,"Kochanowicz, Jack",1106,0.4081381011097411,0.4118372379778052,0.0036991368680641123
686826,2024,"Jarvis, Bryce",1006,0.5013297872340425,0.5093085106382979,0.007978723404255317
686826,2025,"Jarvis, Bryce",409,0.45483870967741935,0.4870967741935484,0.03225806451612906
686930,2025,"Barnett, Mason",431,0.5412844036697247,0.5443425076452599,0.003058103975535187
686930,2026,"Barnett, Mason",909,0.5205882352941177,0.5147058823529411,-0.005882352941176561
686934,2026,"McFarlane, Alex",312,0.5579399141630901,0.575107296137339,0.01716738197424894
686973,2024,"Varland, Louis",901,0.4382530120481928,0.45933734939759036,0.021084337349397575
686973,2025,"Varland, Louis",1066,0.4798962386511025,0.503242542153048,0.023346303501945498
686973,2026,"Varland, Louis",1236,0.4445640473627557,0.43379978471474706,-0.010764262648008616
686993,2025,"Sterner, Justin",1092,0.5574365175332527,0.5525997581620314,-0.0048367593712213
686993,2026,"Sterner, Justin",726,0.4861878453038674,0.43462246777163904,-0.05156537753222834
687064,2025,"Young, Brandon",939,0.4143484626647145,0.3850658857979502,-0.029282576866764276
687064,2026,"Young, Brandon",2530,0.4278794402583423,0.4354144241119483,0.007534983853606014
687075,2025,"Sproat, Brandon",290,0.3640776699029126,0.3737864077669903,0.009708737864077666
687075,2026,"Sproat, Brandon",1727,0.34659525631216526,0.33741392501912776,-0.009181331293037498
687134,2024,"Blalock, Bradley",551,0.44554455445544555,0.4282178217821782,-0.017326732673267342
687134,2025,"Blalock, Bradley",1033,0.45910290237467016,0.48284960422163586,0.0237467018469657
687209,2026,"Maxwell, Zach",291,0.5714285714285714,0.5714285714285714,0.0
687223,2025,"Palmquist, Carson",705,0.6056603773584905,0.6283018867924528,0.02264150943396226
687223,2026,"Palmquist, Carson",313,0.4700854700854701,0.4829059829059829,0.01282051282051283
687239,2026,"Peoples, Ben",282,0.5280373831775701,0.5514018691588785,0.02336448598130836
687273,2026,"Mathews, Quinn",867,0.4030534351145038,0.39083969465648855,-0.012213740458015265
687309,2026,"Hjerpe, Cooper",254,0.4824120603015075,0.47738693467336685,-0.00502512562814067
687312,2026,"Hughes, Gabriel",1142,0.49825378346915017,0.49825378346915017,0.0
687330,2024,"Kelly, Kevin",1033,0.5941644562334217,0.596816976127321,0.0026525198938992522
687330,2025,"Kelly, Kevin",588,0.6124401913875598,0.6435406698564593,0.031100478468899517
687330,2026,"Kelly, Kevin",987,0.6098591549295774,0.6366197183098592,0.026760563380281766
687362,2025,"Gillispie, Connor",471,0.30547550432276654,0.34293948126801155,0.037463976945245
687377,2025,"Ribalta, Orlando",501,0.4068241469816273,0.3884514435695538,-0.018372703412073477
687377,2026,"Ribalta, Orlando",750,0.44755244755244755,0.47027972027972026,0.022727272727272707
687396,2025,"Headrick, Brent",366,0.5636363636363636,0.5854545454545454,0.021818181818181848
687396,2026,"Headrick, Brent",1282,0.49372384937238495,0.5303347280334728,0.036610878661087864
687424,2024,"Maldonado, Anthony",297,0.6359447004608295,0.6359447004608295,0.0
687473,2025,"Gusto, Ryan",1760,0.43797856049004597,0.42572741194486985,-0.012251148545176116
687473,2026,"Gusto, Ryan",1436,0.31477927063339733,0.31190019193857965,-0.0028790786948176827
687562,2026,"Bennett, Jake",1618,0.36394849785407724,0.3828326180257511,0.018884120171673846
687570,2026,"Prielipp, Connor",2067,0.3396472893533638,0.3435662965382103,0.003919007184846501
687606,2025,"Schultz, Paxton",448,0.34615384615384615,0.3727810650887574,0.026627218934911268
687606,2026,"Schultz, Paxton",610,0.5043859649122807,0.5175438596491229,0.013157894736842146
687765,2024,"Spence, Mitch",2480,0.5101369863013698,0.5249315068493151,0.014794520547945278
687765,2025,"Spence, Mitch",1353,0.41470888661899896,0.473953013278856,0.05924412665985701
687792,2024,"Herz, DJ",1586,0.5033222591362126,0.5074750830564784,0.004152823920265725
687830,2025,"Gipson-Long, Sawyer",463,0.3617021276595745,0.3768996960486322,0.015197568389057725
687849,2025,"Kent, Zak",308,0.521551724137931,0.5172413793103449,-0.004310344827586188
687849,2026,"Kent, Zak",294,0.41203703703703703,0.4166666666666667,0.00462962962962965
687863,2024,"Hodge, Porter",642,0.6380753138075314,0.6234309623430963,-0.014644351464435101
687863,2025,"Hodge, Porter",624,0.47489539748953974,0.5,0.02510460251046026
687888,2025,"Walter, Brandon",814,0.41264559068219636,0.4043261231281198,-0.008319467554076587
687911,2024,"King, Bryan",416,0.5407166123778502,0.5472312703583062,0.006514657980456029
687911,2025,"King, Bryan",1046,0.6264591439688716,0.6251621271076524,-0.0012970168612191912
687911,2026,"King, Bryan",1067,0.5784810126582278,0.6139240506329114,0.03544303797468362
687922,2025,"Lucas, Easton",438,0.509090909090909,0.5151515151515151,0.0060606060606061
687924,2024,"Aguiar, Julian",530,0.37948717948717947,0.37948717948717947,0.0
687931,2025,"Whisenhunt, Carson",408,0.45098039215686275,0.434640522875817,-0.01633986928104575
687931,2026,"Whisenhunt, Carson",617,0.4690265486725664,0.46238938053097345,-0.006637168141592931
687941,2026,"Gamboa, Alec",466,0.4820359281437126,0.4940119760479042,0.0119760479041916
688107,2024,"Gasser, Robert",399,0.38596491228070173,0.4,0.01403508771929829
688107,2026,"Gasser, Robert",1817,0.35450516986706054,0.32200886262924666,-0.03249630723781388
688138,2025,"Evans, Logan",1338,0.3708206686930091,0.37487335359675783,0.004052684903748716
688158,2025,"Morgan, David",766,0.3344947735191638,0.3362369337979094,0.0017421602787456303
688158,2026,"Morgan, David",597,0.37155963302752293,0.4036697247706422,0.032110091743119296
688297,2024,"Roycroft, Chris",596,0.5510204081632653,0.5510204081632653,0.0
688297,2025,"Roycroft, Chris",394,0.5787671232876712,0.5753424657534246,-0.003424657534246589
688297,2026,"Roycroft, Chris",695,0.4841897233201581,0.5019762845849802,0.017786561264822143
688497,2025,"Rashi, Taylor",319,0.6016260162601627,0.5934959349593496,-0.008130081300813052
688642,2025,"Agnos, Zach",527,0.5012853470437018,0.46272493573264784,-0.03856041131105392
688642,2026,"Agnos, Zach",1502,0.2725615314494075,0.2780309936189608,0.005469462169553296
688883,2026,"Pallette, Peyton",442,0.527536231884058,0.5304347826086957,0.0028985507246377384
689017,2024,"Knack, Landon",1149,0.4704519119351101,0.46118192352259557,-0.00926998841251453
689017,2025,"Knack, Landon",773,0.4557823129251701,0.467687074829932,0.011904761904761918
689147,2024,"Kerkering, Orion",1087,0.5416164053075995,0.5428226779252111,0.0012062726176116367
689147,2025,"Kerkering, Orion",1073,0.47342398022249693,0.46971569839307786,-0.003708281829419069
689147,2026,"Kerkering, Orion",1093,0.49031476997578693,0.4963680387409201,0.00605326876513318
689149,2026,"Dallas, Chad",260,0.413265306122449,0.42857142857142855,0.015306122448979553
689225,2024,"Brieske, Beau",1152,0.3912543153049482,0.4407364787111623,0.049482163406214086
689225,2025,"Brieske, Beau",405,0.49504950495049505,0.4521452145214521,-0.042904290429042924
689225,2026,"Brieske, Beau",387,0.3543859649122807,0.3508771929824561,-0.0035087719298245723
689254,2025,"Fluharty, Mason",859,0.6259659969088099,0.6476043276661515,0.021638330757341562
689254,2026,"Fluharty, Mason",1034,0.5304798962386511,0.5499351491569391,0.01945525291828798
689266,2025,"Dodd, Dylan",536,0.49246231155778897,0.5477386934673367,0.055276381909547756
689266,2026,"Dodd, Dylan",779,0.590443686006826,0.5989761092150171,0.008532423208191142
689296,2026,"Nunez, Anthony",993,0.5534506089309879,0.5453315290933695,-0.008119079837618393
689441,2026,"Crow, Coleman",295,0.29523809523809524,0.3,0.004761904761904745
689520,2026,"Laweryson, Cody",296,0.6834862385321101,0.6834862385321101,0.0
689546,2026,"Davila, Nick",446,0.6605504587155964,0.6605504587155964,0.0
689672,2024,"Thorpe, Drew",721,0.4670433145009416,0.4651600753295669,-0.0018832391713747287
689690,2025,"Jacob, Alek",586,0.4387990762124711,0.42725173210161665,-0.011547344110854452
689818,2026,"Sandlin, David",638,0.3481953290870488,0.3354564755838641,-0.01273885350318471
689981,2024,"Ryan, River",295,0.38967136150234744,0.4131455399061033,0.023474178403755874
690279,2026,"Adams, Mason",468,0.3953488372093023,0.3808139534883721,-0.014534883720930203
690544,2024,"Horn, Bailey",303,0.5944700460829493,0.5852534562211982,-0.009216589861751112
690829,2024,"Joyce, Ben",541,0.542713567839196,0.5879396984924623,0.045226130653266305
690829,2026,"Joyce, Ben",259,0.7070707070707071,0.7070707070707071,0.0
690916,2024,"Fitts, Richard",314,0.38427947598253276,0.4148471615720524,0.030567685589519666
690916,2025,"Fitts, Richard",735,0.4033457249070632,0.395910780669145,-0.0074349442379182396
690925,2025,"Beeter, Clayton",465,0.5235457063711911,0.6343490304709142,0.11080332409972304
690925,2026,"Beeter, Clayton",796,0.626916524701874,0.6235093696763203,-0.0034071550255536653
690928,2025,"Dobbins, Hunter",931,0.3594674556213018,0.3683431952662722,0.008875739644970404
690928,2026,"Dobbins, Hunter",932,0.33285714285714285,0.35428571428571426,0.021428571428571408
690953,2025,"Abel, Mick",720,0.3901098901098901,0.40476190476190477,0.014652014652014655
690953,2026,"Abel, Mick",357,0.3471698113207547,0.35471698113207545,0.007547169811320753
690978,2026,"Fulton, Dax",479,0.3025210084033613,0.29971988795518206,-0.0028011204481792618
690986,2024,"Harrison, Kyle",2078,0.582360570687419,0.5745784695201037,-0.0077821011673152585
690986,2025,"Harrison, Kyle",587,0.5925925925925926,0.5949074074074074,0.0023148148148148806
690986,2026,"Harrison, Kyle",2106,0.555972482801751,0.5453408380237649,-0.010631644777986171
690990,2025,"Horton, Cade",1788,0.5179801071155318,0.48355011476664117,-0.0344299923488906
690997,2025,"McLean, Nolan",738,0.3248638838475499,0.3176043557168784,-0.007259528130671489
690997,2026,"McLean, Nolan",2914,0.3792147806004619,0.3792147806004619,0.0
691172,2024,"Zulueta, Yosver",286,0.6451612903225806,0.663594470046083,0.018433179723502335
691251,2025,"Lara, Andry",255,0.5141242937853108,0.5141242937853108,0.0
691384,2026,"Perales, Luis",250,0.5105263157894737,0.5052631578947369,-0.0052631578947368585
691587,2025,"Pérez, Eury",1673,0.5178849144634525,0.5155520995334371,-0.00233281493001547
691587,2026,"Pérez, Eury",2673,0.391347588264545,0.40427647936350075,0.01292889109895573
691725,2026,"Painter, Andrew",2126,0.3331214240305149,0.3458359821996186,0.012714558169103662
691769,2026,"Abner, Philip",313,0.5550660792951542,0.5594713656387665,0.004405286343612369
691799,2025,"Taylor, Grant",610,0.5496688741721855,0.5408388520971302,-0.008830022075055233
691799,2026,"Taylor, Grant",1333,0.45035105315947843,0.4864593781344032,0.03610832497492478
691946,2026,"Klassen, George",491,0.40821917808219177,0.4054794520547945,-0.002739726027397249
691951,2025,"Aldegheri, Sam",303,0.4434782608695652,0.45217391304347826,0.008695652173913049
691951,2026,"Aldegheri, Sam",610,0.49563318777292575,0.48034934497816595,-0.015283842794759805
692285,2025,"Guerrero, Luis",288,0.41203703703703703,0.4444444444444444,0.032407407407407385
693308,2026,"Frasso, Nick",390,0.5670103092783505,0.563573883161512,-0.0034364261168384758
693312,2024,"Nicolas, Kyle",950,0.5106382978723404,0.5304964539007092,0.019858156028368823
693312,2025,"Nicolas, Kyle",652,0.5319587628865979,0.5422680412371134,0.010309278350515427
693313,2025,"Seymour, Carson",621,0.3956989247311828,0.4129032258064516,0.017204301075268824
693313,2026,"Seymour, Carson",530,0.4128205128205128,0.41025641025641024,-0.002564102564102555
693433,2024,"Woo, Bryan",1716,0.503620273531778,0.5092518101367659,0.005631536604987941
693433,2025,"Woo, Bryan",2714,0.5032778618255169,0.4886535552193646,-0.014624306606152326
693433,2026,"Woo, Bryan",2667,0.46370143149284254,0.4591002044989775,-0.00460122699386506
693645,2025,"Schlittler, Cam",1253,0.542766631467793,0.5406546990496304,-0.002111932418162654
693645,2026,"Schlittler, Cam",3040,0.43264589732338743,0.4515138218516893,0.018867924528301883
693686,2026,"Miles, Spencer",1502,0.4339622641509434,0.42946990116801437,-0.0044923629829290435
693821,2024,"Elder, Bryce",864,0.4592476489028213,0.5015673981191222,0.042319749216300884
693821,2025,"Elder, Bryce",2514,0.4395424836601307,0.46459694989106753,0.025054466230936823
693821,2026,"Elder, Bryce",2245,0.3124223602484472,0.32608695652173914,0.013664596273291918
693855,2025,"Seymour, Ian",995,0.3891102257636122,0.39707835325365204,0.007968127490039834
693855,2026,"Seymour, Ian",2123,0.38310038119440915,0.3818297331639136,-0.0012706480304955359
694037,2024,"Palencia, Daniel",263,0.5360824742268041,0.5463917525773195,0.010309278350515427
694037,2025,"Palencia, Daniel",841,0.7184,0.7184,0.0
694037,2026,"Palencia, Daniel",477,0.6619718309859155,0.6619718309859155,0.0
694297,2024,"Pfaadt, Brandon",2792,0.38927165354330706,0.39468503937007876,0.0054133858267716994
694297,2025,"Pfaadt, Brandon",2918,0.32063197026022305,0.34014869888475835,0.019516728624535296
694297,2026,"Pfaadt, Brandon",2032,0.35690006798096535,0.3589394969408566,0.002039428959891232
694335,2025,"Svanson, Matt",964,0.552054794520548,0.5589041095890411,0.006849315068493178
694335,2026,"Svanson, Matt",788,0.44922547332185886,0.4974182444061962,0.04819277108433734
694346,2026,"Gibson, Trey",711,0.3295238095238095,0.32571428571428573,-0.0038095238095237627
694350,2025,"Brzykcy, Zach",459,0.4871060171919771,0.48424068767908307,-0.0028653295128940326
694360,2026,"Way, Beck",389,0.44014084507042256,0.45774647887323944,0.017605633802816878
694361,2025,"Klein, Will",305,0.5829787234042553,0.5829787234042553,0.0
694361,2026,"Klein, Will",762,0.4712041884816754,0.493891797556719,0.022687609075043635
694363,2024,"Shuster, Jared",1290,0.48140495867768596,0.46487603305785125,-0.01652892561983471
694363,2025,"Shuster, Jared",280,0.495,0.48,-0.015000000000000013
694462,2025,"Waldrep, Hurston",862,0.4153605015673981,0.438871473354232,0.023510971786833867
694477,2025,"Patrick, Chad",2010,0.4163346613545817,0.42297476759628155,0.006640106241699861
694477,2026,"Patrick, Chad",1730,0.3948797517455392,0.41505042668735453,0.020170674941815347
694680,2026,"Martin, Trevor",265,0.4973821989528796,0.4973821989528796,0.0
694738,2024,"Roupp, Landen",906,0.4746008708272859,0.502177068214804,0.027576197387518098
694738,2025,"Roupp, Landen",1851,0.45666423889293517,0.4297159504734159,-0.026948288419519295
694738,2026,"Roupp, Landen",2712,0.415002435460302,0.42815392109108624,0.013151485630784221
694753,2026,"Curtis, Khristian",349,0.31297709923664124,0.35877862595419846,0.04580152671755722
694795,2026,"Ekness, Josh",549,0.5371702637889688,0.5443645083932853,0.007194244604316502
694813,2024,"Stone, Gavin",2153,0.42466624284806104,0.41195168467895743,-0.012714558169103607
694819,2025,"Misiorowski, Jacob",1164,0.5129068462401796,0.5331088664421998,0.02020202020202022
694819,2026,"Misiorowski, Jacob",2647,0.6186868686868687,0.6156565656565657,-0.00303030303030305
694918,2025,"Tidwell, Blade",309,0.3463203463203463,0.354978354978355,0.008658008658008698
694918,2026,"Tidwell, Blade",959,0.3817427385892116,0.37344398340248963,-0.008298755186721962
694973,2024,"Skenes, Paul",2125,0.43167701863354035,0.4217391304347826,-0.009937888198757738
694973,2025,"Skenes, Paul",2997,0.38030035335689044,0.39443462897526504,0.014134275618374603
694973,2026,"Skenes, Paul",2890,0.42141544117647056,0.40349264705882354,-0.017922794117647023
695034,2026,"Morris, Kade",322,0.38197424892703863,0.38626609442060084,0.0042918454935622075
695076,2024,"Lowder, Rhett",498,0.35054347826086957,0.36684782608695654,0.016304347826086973
695076,2026,"Lowder, Rhett",2296,0.37625516834022443,0.39988186650915536,0.023626698168930926
695239,2026,"Ahlstrom, Robby",648,0.448559670781893,0.448559670781893,0.0
695243,2024,"Miller, Mason",1024,0.6349614395886889,0.6606683804627249,0.02570694087403602
695243,2025,"Miller, Mason",972,0.5832205683355887,0.6170500676589986,0.03382949932340995
695243,2026,"Miller, Mason",1149,0.5598631698973774,0.5587229190421893,-0.0011402508551880963
695380,2026,"Hoppe, Alex",733,0.43278084714548803,0.46593001841620624,0.0331491712707182
695418,2025,"Lord, Brad",2127,0.46582278481012657,0.5170886075949367,0.05126582278481012
695418,2026,"Lord, Brad",1467,0.4505395683453237,0.44154676258992803,-0.008992805755395683
695445,2025,"Lee, Chase",600,0.445916114790287,0.47902869757174393,0.033112582781456956
695505,2025,"Burns, Chase",764,0.5634782608695652,0.5739130434782609,0.01043478260869568
695505,2026,"Burns, Chase",2569,0.5322331098504384,0.5358432181536875,0.0036101083032491488
695534,2026,"Petty, Chase",477,0.4556213017751479,0.4408284023668639,-0.014792899408284044
695549,2025,"Jobe, Jackson",877,0.3125948406676783,0.330804248861912,0.018209408194233723
695549,2026,"Jobe, Jackson",771,0.2755632582322357,0.3050259965337955,0.029462738301559765
695611,2026,"Jump, Gage",1756,0.4658573596358118,0.46889226100151743,0.003034901365705611
695684,2026,"Rodríguez, Elmer",497,0.47043010752688175,0.4838709677419355,0.013440860215053752
696062,2026,"Dotel, Wilber",706,0.41714285714285715,0.4095238095238095,-0.007619047619047636
696070,2026,"Rojas, Kendry",521,0.3938618925831202,0.38107416879795397,-0.012787723785166238
696131,2024,"Black, Mason",663,0.3785425101214575,0.3805668016194332,0.002024291497975672
696131,2026,"Black, Mason",556,0.3357487922705314,0.34057971014492755,0.004830917874396157
696136,2024,"Wicks, Jordan",852,0.4350547730829421,0.4131455399061033,-0.021909233176838794
696146,2026,"Smith, Hagen",469,0.4986072423398329,0.4818941504178273,-0.016713091922005596
696147,2025,"Bachman, Sam",334,0.5166666666666667,0.525,0.008333333333333304
696147,2026,"Bachman, Sam",830,0.49263502454991814,0.48117839607201307,-0.011456628477905073
696149,2025,"Chandler, Bubba",461,0.5222551928783383,0.5044510385756676,-0.017804154302670683
696149,2026,"Chandler, Bubba",2685,0.4915506958250497,0.4885685884691849,-0.0029821073558647937
696270,2025,"Johnson, Ryan",274,0.3316831683168317,0.3415841584158416,0.00990099009900991
696270,2026,"Johnson, Ryan",1722,0.42133956386292837,0.4127725856697819,-0.008566978193146446
696519,2026,"Natera Jr., Samy",580,0.7790178571428571,0.7790178571428571,0.0
696522,2026,"Juenger, Hayden",292,0.4597156398104265,0.46919431279620855,0.009478672985782033
699008,2026,"Kelly, Antwone",293,0.5235849056603774,0.5283018867924528,0.004716981132075415
699134,2026,"Rodriguez, Bradgley",1183,0.46598639455782315,0.47732426303854875,0.0113378684807256
699823,2026,"Davis, Tyler",488,0.6426592797783933,0.6371191135734072,-0.005540166204986097
700187,2024,"Taylor, Troy",328,0.4493927125506073,0.5344129554655871,0.08502024291497978
700241,2024,"McGreevy, Michael",311,0.31555555555555553,0.32,0.004444444444444473
700241,2025,"McGreevy, Michael",1465,0.4309859154929577,0.4300469483568075,-0.000938967136150215
700241,2026,"McGreevy, Michael",2774,0.3614864864864865,0.35955598455598453,-0.0019305019305019822
700249,2024,"Povich, Cade",1389,0.3809064609450338,0.38476374156219867,0.0038572806171648932
700249,2025,"Povich, Cade",1971,0.3657219973009447,0.35560053981106615,-0.010121457489878527
700249,2026,"Povich, Cade",611,0.43680709534368073,0.43458980044345896,-0.002217294900221767
700270,2024,"Díaz, Yilber",469,0.5285714285714286,0.5142857142857142,-0.014285714285714346
700363,2025,"Smith-Shawver, AJ",711,0.5375722543352601,0.5452793834296724,0.0077071290944122905
700363,2026,"Smith-Shawver, AJ",573,0.4462616822429907,0.4696261682242991,0.023364485981308414
700669,2025,"Graceffo, Gordon",756,0.44483985765124556,0.4786476868327402,0.033807829181494664
700669,2026,"Graceffo, Gordon",1222,0.34743875278396436,0.38641425389755013,0.038975501113585775
700712,2026,"Ureña, Walbert",2480,0.44336569579288027,0.4368932038834951,-0.006472491909385147
701487,2025,"Ohl, Pierson",539,0.45320197044334976,0.458128078817734,0.0049261083743842304
701519,2025,"Adams, Travis",663,0.33134920634920634,0.34523809523809523,0.013888888888888895
701519,2026,"Adams, Travis",950,0.3584637268847795,0.3627311522048364,0.004267425320056917
701542,2024,"Warren, Will",458,0.34971098265895956,0.33815028901734107,-0.011560693641618491
701542,2025,"Warren, Will",2802,0.4200956937799043,0.41626794258373206,-0.0038277511961722355
701542,2026,"Warren, Will",2642,0.36335877862595417,0.37201017811704834,0.00865139949109417
701552,2025,"Granillo, Andre",361,0.6666666666666666,0.6666666666666666,0.0
701581,2024,"Festa, David",1099,0.4464720194647202,0.4209245742092457,-0.025547445255474477
701581,2025,"Festa, David",882,0.401840490797546,0.4110429447852761,0.009202453987730064
701656,2025,"Henderson, Logan",410,0.45980707395498394,0.47266881028938906,0.012861736334405127
701656,2026,"Henderson, Logan",1505,0.46908127208480566,0.4620141342756184,-0.007067137809187274
701719,2026,"Samaniego, Tyler",314,0.42857142857142855,0.4419642857142857,0.01339285714285715
702021,2026,"Dion, Will",792,0.4864406779661017,0.4728813559322034,-0.013559322033898313
702056,2026,"Yesavage, Trey",1619,0.47082990961380444,0.5258833196384552,0.055053410024650806
702070,2025,"Cameron, Noah",2164,0.3331257783312578,0.3480697384806974,0.014943960149439606
702070,2026,"Cameron, Noah",2892,0.3356643356643357,0.34545454545454546,0.00979020979020978
702193,2026,"Morris, Andrew",1295,0.4611451942740286,0.4601226993865031,-0.001022494887525538
702273,2026,"Schultz, Noah",1262,0.3030949839914621,0.3244397011739594,0.021344717182497308
702275,2026,"Ritchie, JR",1278,0.35294117647058826,0.3487394957983193,-0.004201680672268948
702352,2024,"Bivens, Spencer",768,0.4823321554770318,0.4840989399293286,0.0017667844522968323
702352,2025,"Bivens, Spencer",1294,0.4069400630914827,0.41219768664563616,0.00525762355415349
702474,2026,"Paredes, Mike",551,0.3904282115869018,0.3979848866498741,0.007556675062972307
702674,2025,"Dana, Caden",562,0.34285714285714286,0.3761904761904762,0.033333333333333326
702752,2026,"Pintaro, Jonathan",523,0.5076530612244898,0.5051020408163265,-0.0025510204081633514
702885,2026,"Perdomo, Cesar",375,0.4148148148148148,0.4185185185185185,0.003703703703703709
703615,2026,"Cabrera, Jose",463,0.3263473053892216,0.31736526946107785,-0.008982035928143728
703725,2026,"Gastelum, Luis",599,0.4407158836689038,0.43400447427293065,-0.006711409395973145
800048,2025,"Messick, Parker",625,0.358695652173913,0.3804347826086957,0.02173913043478265
800048,2026,"Messick, Parker",2948,0.40390731485688325,0.41481144934120856,0.010904134484325312
800049,2024,"Mazur, Adam",584,0.431924882629108,0.4295774647887324,-0.0023474178403756207
800049,2025,"Mazur, Adam",489,0.24857142857142858,0.26571428571428574,0.017142857142857154
800311,2025,"Fuentes, Didier",293,0.5695067264573991,0.5695067264573991,0.0
800311,2026,"Fuentes, Didier",1231,0.6934619506966774,0.6934619506966774,0.0
800600,2026,"Kent, Jackson",677,0.3214990138067061,0.3333333333333333,0.011834319526627224
801139,2025,"Tolle, Payton",304,0.6217391304347826,0.6217391304347826,0.0
801139,2026,"Tolle, Payton",2282,0.4645622394282311,0.4615842763549732,-0.0029779630732579276
801403,2025,"Dollander, Chase",1778,0.5048689138576778,0.49737827715355803,-0.007490636704119813
801403,2026,"Dollander, Chase",743,0.4213381555153707,0.4430379746835443,0.021699819168173595
802408,2026,"Mautz, Brycen",302,0.40969162995594716,0.41409691629955947,0.0044052863436123135
804267,2026,"Thornton, Zac",1257,0.3068552774755169,0.3307943416757345,0.02393906420021763
804636,2025,"Tong, Jonah",371,0.5300353356890459,0.5229681978798587,-0.007067137809187218
804636,2026,"Tong, Jonah",539,0.41728395061728396,0.4123456790123457,-0.00493827160493826
805074,2026,"Marte, Yunior",381,0.36330935251798563,0.4064748201438849,0.04316546762589929
805123,2025,"Blubaugh, AJ",507,0.5523560209424084,0.5523560209424084,0.0
805123,2026,"Blubaugh, AJ",1640,0.5125100887812752,0.510088781275222,-0.002421307506053294
805299,2025,"Garcia, Brandyn",277,0.5260663507109005,0.5355450236966824,0.009478672985781977
805299,2026,"Garcia, Brandyn",705,0.5419103313840156,0.5243664717348928,-0.01754385964912275
805326,2026,"Schweitzer, Tyler",566,0.29683698296836986,0.2895377128953771,-0.007299270072992747
805345,2026,"Harris, Trent",368,0.3795620437956204,0.38321167883211676,0.003649635036496346
805427,2026,"Sommers, Drew",642,0.5358649789029536,0.5274261603375527,-0.008438818565400852
805673,2024,"Matthews, Zebby",717,0.4388888888888889,0.42592592592592593,-0.012962962962962954
805673,2025,"Matthews, Zebby",1353,0.4964964964964965,0.4974974974974975,0.0010010010010009784
805673,2026,"Matthews, Zebby",2117,0.36919159770846594,0.3851050286441757,0.015913430935709738
806185,2024,"Birdsong, Hayden",1388,0.40336134453781514,0.44164332399626516,0.03828197945845002
806185,2025,"Birdsong, Hayden",1194,0.42410714285714285,0.4408482142857143,0.016741071428571452
806188,2025,"Gibson, Cade",908,0.3637702503681885,0.36229749631811486,-0.0014727540500736325
806188,2026,"Gibson, Cade",877,0.3297709923664122,0.31755725190839695,-0.012213740458015265
806960,2025,"Morales, Luis",821,0.534621578099839,0.5281803542673108,-0.006441223832528209
806960,2026,"Morales, Luis",346,0.46484375,0.45703125,-0.0078125
807739,2026,"Anderson, Kade",541,0.37721518987341773,0.40253164556962023,0.0253164556962025
807743,2026,"Sullivan, Sean",412,0.4697986577181208,0.47651006711409394,0.006711409395973145
808825,2026,"Sears, Andrew",364,0.4742647058823529,0.4632352941176471,-0.011029411764705843
808963,2025,"Sasaki, Roki",621,0.6347826086956522,0.6217391304347826,-0.013043478260869601
808963,2026,"Sasaki, Roki",2100,0.5184010152284264,0.5203045685279187,0.001903553299492322
808967,2024,"Yamamoto, Yoshinobu",1469,0.4209090909090909,0.4290909090909091,0.008181818181818179
808967,2025,"Yamamoto, Yoshinobu",2789,0.39866793529971456,0.39581351094196005,-0.0028544243577545148
808967,2026,"Yamamoto, Yoshinobu",2734,0.34106614017769005,0.3395853899308983,-0.0014807502467917288
813349,2025,"Early, Connelly",323,0.3360655737704918,0.3237704918032787,-0.012295081967213073
813349,2026,"Early, Connelly",1562,0.3648881239242685,0.37779690189328746,0.012908777969018959
814305,2026,"Tur, Yunior",294,0.48148148148148145,0.49074074074074076,0.0092592592592593
814490,2026,"Pecko, Ethan",572,0.3039443155452436,0.3039443155452436,0.0
815081,2026,"Manfredi, Mark",298,0.5919282511210763,0.5919282511210763,0.0
815083,2025,"Farris, Mitch",405,0.4966442953020134,0.5,0.0033557046979865723
815083,2026,"Farris, Mitch",961,0.48945147679324896,0.4866385372714487,-0.002812939521800284
820862,2025,"Fermin, José",645,0.4676113360323887,0.5384615384615384,0.07085020242914974
820862,2026,"Fermin, José",981,0.5698924731182796,0.5994623655913979,0.029569892473118253
829272,2025,"Ogasawara, Shinnosuke",674,0.426,0.424,-0.0020000000000000018
837227,2026,"Imai, Tatsuya",1451,0.5283018867924528,0.5408805031446541,0.012578616352201255
