pitcher,season,n,t0,t1
434378,2024,1580,0.015221673910246753,0.02769787403707339
434378,2025,2608,0.031813971212222354,0.04325912334314121
445276,2024,801,-0.01093335773352228,-0.004714929621427707
445276,2025,869,0.0011372608245125723,0.0038243002409132083
445276,2026,725,0.0008280355401388496,0.0006019630606433657
445926,2024,1044,0.0013082524925963313,0.012334646770059621
450203,2024,2791,0.01282025014958323,0.010299933804784688
450203,2025,2548,0.0003672582498716664,0.013363596553923208
453286,2024,669,0.010498058781217238,0.009628708145740067
453286,2025,1390,0.016351385859725457,0.015431757170214094
453286,2026,1461,0.017625701785316174,0.03114573165228397
455119,2024,657,0.0019023612906053156,0.008166041071871437
455119,2025,638,0.01832189117681383,0.02497657441630711
458677,2024,816,-0.003728272010296822,0.010074627347678984
458677,2025,816,0.008700039548613864,0.009711084755918002
458681,2024,2039,0.21469094400440336,0.12902658141867282
471911,2024,1693,0.009665756024856672,0.010926842985931018
471911,2025,779,0.0034082133568073525,0.013847073671183003
472610,2024,897,0.02642022423909737,0.025313589808017477
472610,2025,896,-0.004341311302546762,-0.0005721240896934144
472610,2026,265,-0.005404141178286766,0.008388846476632506
476594,2026,560,0.003756551399347346,0.010303373805247094
477132,2024,504,-0.008337221550232539,0.0011396687718017678
477132,2025,1768,0.016139778270914888,0.007628068951633008
489446,2024,1026,0.007756814532501144,0.010559424873073937
489446,2025,762,0.0016605084960908036,-0.00011539844439703251
489446,2026,726,0.018976131195691272,0.0036658059981703865
493603,2024,1003,0.008642491217929147,-0.007923334912882822
500779,2024,2819,0.009560356330061802,-0.0014407381717966529
500779,2025,2174,0.0012815491083724006,-0.007681954122051441
500779,2026,816,0.014707190761068014,0.00642772904600291
502043,2024,2764,0.0072241515830647075,0.014305965584437563
502085,2024,1211,0.007397826376638617,0.007277436961274581
502085,2025,304,0.003778931614212588,-0.003951635297029834
502624,2024,1016,0.0038985121013535963,0.0064987789752972884
506433,2024,1260,-0.0001259679247342863,0.012160680601343182
506433,2025,1156,0.013935593131211097,-0.0011036242627416879
518397,2024,566,0.00028853776259932457,0.007998797057235196
518397,2025,313,0.017912450759371035,-8.347548953036638e-05
518489,2024,374,0.010137707132676628,0.006882947957441244
518489,2025,404,-0.0006767463115049733,0.0018764326386401103
518585,2024,1138,0.006541346596414546,0.0208327386974764
518585,2025,792,0.02697047968169906,0.026538750737024986
518585,2026,944,0.028754440589610415,0.012473453729570526
518617,2024,627,0.019418947658281425,0.007606295350504595
518876,2024,1142,-0.01665170090650463,0.011975892550966781
518876,2025,2833,-0.006021445195774141,-0.0022223037616847293
518876,2026,2616,0.0006266047074279066,0.011528226461144188
518886,2024,963,-0.004240289692773827,0.013169319690171615
518886,2026,776,-0.0014805004724540243,0.006152531792838561
519008,2024,836,0.005473789398644705,-0.0024812189517481693
519008,2025,272,-0.010041902932401143,-0.006232933004187434
519043,2024,854,0.00036459572452626115,-0.009688479360082722
519141,2025,800,0.009736803173079244,0.006322158243700531
519141,2026,478,0.007919039484061967,0.001476168439991313
519151,2024,969,0.005632793358067209,0.012001007006740455
519151,2025,661,0.0034583997965505708,0.0039155882383216985
519242,2024,2815,0.06899391602464809,0.037373924975396
519242,2025,2031,0.03263009515830446,0.03338276263073799
519242,2026,2574,0.021200883581598624,0.008639327926723108
519293,2024,673,0.021529852049819203,0.01799487760486025
519326,2024,1157,0.05608615347582949,0.05729351221269238
519326,2025,332,0.005694784841804322,0.014056348192542596
523260,2024,552,0.08598149107073194,0.07327043561692283
527048,2024,2204,0.0021339619793819087,-0.006397941505855983
527048,2025,902,0.0063897483515192605,-0.003948266285716953
527048,2026,2244,-0.002479994687102498,0.002176915825896565
541640,2024,302,0.004155268074674424,-0.0002334910743641469
542585,2024,313,0.021913677583353837,0.023047468770036144
542881,2024,2914,0.01580930927299397,-0.011039545177376542
542881,2025,2339,0.006259613261196808,0.010702018132599815
542888,2024,1109,0.016358976595793957,0.002968529846107111
542888,2025,1118,0.013585081386695104,0.027060288957277443
542888,2026,628,0.02494359571357308,0.018509208593482533
543037,2024,1534,0.011996409074698811,-0.0004943554602211826
543037,2026,1923,0.004349061934748259,-0.005295190299017715
543056,2024,466,0.013629501361588197,0.018386308563921844
543056,2025,719,0.010344775344980905,0.00013657392902449974
543056,2026,385,0.0033835953622168976,0.014473132853789277
543101,2025,634,0.01595136599666937,0.0022365560057483053
543135,2024,2622,0.044720321608764366,0.02396943248533704
543135,2025,1919,0.026458610513893897,0.020333818141718453
543135,2026,2220,0.010284033041276584,0.014948682652496255
543243,2024,2483,0.018028794482346847,0.017970728594111536
543243,2025,2718,0.020911659444811125,0.018273695538046943
543243,2026,2474,0.001417106353787713,0.024077742521485902
543294,2024,2135,0.001794556031806868,0.0033130495274324196
543294,2025,2571,0.020815785460544457,0.007817910367042566
543339,2024,999,0.013140463200004913,0.009847670321699037
543351,2024,453,0.005934003936068814,0.013390402763570121
543518,2024,577,0.0042716878018660785,0.003513693870941563
543518,2025,297,-0.009625443456889933,-0.005560287727379661
543859,2024,1419,0.04031845733032302,0.045987840738647874
543859,2025,397,0.009483270812275376,0.011925028657728218
544150,2024,2233,0.04865554409669888,0.03891570642032373
544150,2026,970,0.02771615240268562,0.016706474861765838
547179,2024,2092,0.023013531342759602,0.021206037975629866
547179,2025,2318,-0.007485196814310862,6.538540017033777e-05
547179,2026,2399,0.01789225291018068,0.011264405640406825
547184,2024,470,0.019108386139030188,0.0010269965420647057
547184,2025,658,0.025279912079834304,0.008513489531449281
547973,2024,1128,0.08394948240484065,0.04729968613264325
547973,2025,917,0.04203115756194399,0.02883723058296397
547973,2026,841,0.015573031882067276,0.05198202768515707
548384,2025,388,0.0053186993724111216,0.012909704494582697
548384,2026,842,0.005530678367306573,-0.0022538566192638345
548389,2024,1358,0.0023860858321678073,0.021223560755029302
552640,2024,1028,0.0008071355686218217,-0.001059710370546085
552640,2025,768,-0.0029568648804247193,0.017949059423847596
552640,2026,711,-0.0007446367907441374,0.009565016749871891
554340,2024,619,0.0005733640274817106,0.013050760983737617
554340,2025,359,0.01760275769061931,0.012847702444001274
554430,2024,3134,0.0012497289316803083,-0.010329280610413155
554430,2025,2394,-0.004954831180511973,-0.00963376801770879
554430,2026,2649,-0.0020613268486446615,-0.00848650677881796
570632,2024,1759,0.0038617642258321314,0.010837368324329969
570632,2025,934,0.003736877550341007,0.0033350944099639394
571510,2024,669,0.012268921547850776,0.006081628984037884
571510,2025,2746,0.036217586127801286,0.026084795848230116
571510,2026,1957,0.017588086754202325,0.013581319306557474
571578,2024,2888,0.01836448709396493,0.02013862382073637
571578,2025,2588,0.022876825504536045,0.03141127953931497
571578,2026,1412,-0.01334816580940329,-0.004452676034027441
571656,2024,1168,0.025330018116328682,0.013978235887968976
571670,2024,1018,0.021322350742529445,-0.004058999081138431
571760,2024,2731,-0.005002266606082358,0.009709956093048557
571760,2025,2082,0.009274697601782948,0.004115190001160749
571882,2024,1368,0.05932172205048909,0.043274260484008696
571927,2024,754,-0.0005599150868609168,-0.003877523217090465
571927,2025,1159,0.010595964382844018,0.0017537337377014856
571927,2026,1345,0.01285150220458114,0.02815309916497637
571945,2024,2703,0.013150468592330208,-3.500818487966026e-05
571945,2025,2480,0.024446080187490185,0.06363023166504446
571945,2026,1826,0.009515035057039213,0.024870908449678594
571946,2024,850,0.00892708930310504,-0.0009785007884000098
571946,2025,705,0.016082123864444884,-0.004217997276579964
571948,2024,1043,0.025727185626991948,0.010193037716166708
571948,2025,1157,0.026125458023403252,0.03467519162775999
571948,2026,674,0.0005061799720558318,0.01734813410040438
572020,2024,1708,-0.01596020159231091,0.01612926491236743
572143,2024,896,0.010895190897267171,0.008612548892722248
572143,2026,287,0.0013234168457876623,-0.0031268801795623575
572955,2024,916,0.026060911154249567,0.015263820114753175
572955,2025,968,0.009792530239640643,0.003341851621075114
572955,2026,840,0.003757165174883356,-0.0035798617969252052
573009,2024,867,-0.0009808023584773624,-0.0054082297733936335
573009,2026,399,0.023680116596292055,0.013276764821421792
573124,2024,1082,-0.0020738274420286002,-0.0007221479427355502
573124,2025,894,0.002854517660879644,0.0026552480922998694
573124,2026,1076,-0.003415815489500846,0.002353232549394309
573186,2024,2657,-0.010899557885764471,-0.001890669542074362
573186,2025,704,0.0024179708383218084,-0.005800453773974257
573204,2024,887,-0.007244771910340515,-0.0018413851976980717
573204,2025,839,-0.0029005382203136044,0.013723884704633496
573204,2026,848,-0.0007103183523270695,-0.004317896286904883
579328,2024,2923,-0.00022993382160069742,0.0026496536789436306
579328,2025,3094,0.022435898258432608,0.033923803522293315
579328,2026,1202,0.025518643243200533,0.018743527675532636
592094,2024,1109,-0.009976141976164525,-0.0013822985697478538
592094,2025,1087,0.007188294745161456,-0.0024333416327814456
592094,2026,583,-0.0021911565899611733,-0.001839085264721724
592155,2024,695,0.0373224115471266,0.014705934338590918
592155,2025,571,-0.004670526842512219,-0.001413132074266368
592155,2026,573,0.00029713266894725276,-0.002578100141959509
592288,2024,302,0.0025748125713449155,0.009955756847283902
592332,2024,2868,0.018301294796934098,0.006174151722556199
592332,2025,3030,0.020407259410391464,0.02168489446216191
592332,2026,3003,0.005400087028385727,-0.0028719124782422807
592351,2024,1620,0.011907756900088174,0.02112017590491203
592426,2024,917,0.011629311507097043,0.006128537923914629
592426,2025,782,-0.002142176346047973,0.00881821489942695
592454,2024,750,0.00271663573244159,0.00023042997093349277
592454,2025,1035,0.0003712454116469871,0.0002680450658222553
592662,2024,568,8.207435738956843e-05,0.006702510580747935
592662,2025,3069,0.03900645345316096,0.03291141913310463
592662,2026,2854,0.04926190525112251,0.03062546908686301
592767,2024,1016,0.027698811843066815,0.05061656960823116
592773,2024,977,0.01983148534472975,0.018930266161140394
592773,2025,1063,0.008200159709557994,0.033876652102355596
592773,2026,1079,-0.005555800256776231,0.009304547729529235
592779,2024,268,-0.00879817637305111,-0.0060867033700716
592779,2025,610,0.013121102885648614,0.010846745539847184
592779,2026,382,0.010475338611030463,0.01969060280020873
592791,2024,2483,0.015705478648902208,0.01378593479594817
592791,2025,1979,0.027947776565321297,0.01139880218330674
592791,2026,1443,0.007200042969073515,0.004941314020809824
592836,2024,1435,-0.007622948159274488,-0.011346248794743326
592836,2025,2061,0.008622705363182352,-0.002899865572914394
592866,2024,1064,0.022812103605619343,0.00832294085510126
592866,2025,1448,0.017406460027044053,0.020575574943806484
592866,2026,514,0.011306103627884265,0.0021209855912055968
593334,2024,373,-0.0018905751173636798,-0.003616471077339169
593423,2024,2633,0.001456703289764682,0.013750993501280838
593423,2025,708,-0.009795687328454174,-0.0073814652864440155
593576,2024,1008,0.02372859167814772,0.020613045619034213
593576,2025,548,0.009803171781252213,0.01769946243854138
593958,2024,866,0.007873565792596363,0.0005139085628109529
593958,2025,2588,0.030681737352670293,-0.0006094019306915684
593958,2026,3066,0.008050808232757608,0.017210244524678956
593974,2024,613,0.0030518609104916005,-0.005839487677743254
593974,2025,1138,0.013602867444864566,0.0030677989181454256
593974,2026,1224,0.010845043833096299,0.012333990538573867
594027,2026,607,0.00822689380818458,-0.002077644172927149
594580,2024,624,0.019918991793664385,0.010919930448003051
594580,2025,332,0.025396760711361342,0.014141890318409964
594580,2026,1073,0.02364717059082885,0.026438818920751846
594798,2025,2614,0.008977734191321977,0.01376485020369585
594798,2026,2735,0.00951359967521265,0.014297702165974095
594835,2024,546,-0.004673356889675595,-0.007949885389142972
594902,2024,2406,0.010781542574377193,-0.010736993309652871
594902,2025,719,0.0010939495776530514,-0.0038194134654397425
595014,2024,737,-0.0012967941453386205,0.01050187978960958
595014,2025,511,0.013710648469458499,0.0022209627848297914
595014,2026,494,0.006341829277010823,0.008780564182396223
595345,2024,616,0.01151548705301878,0.012044161226537734
595345,2025,1051,0.004413310020577692,0.004030579752432618
595345,2026,1050,0.0005314835941902824,0.029817453564659677
595881,2024,265,0.008868061092767885,-0.011166720897592476
595928,2025,545,0.0009382665258545143,0.0020285727486670907
596001,2024,943,0.01327346520716433,0.0014247446513377107
596001,2025,1032,0.009078675336614701,-0.005872900771032844
596001,2026,845,0.006184396107873653,0.006348627920618402
596133,2024,1374,0.0024920217048435525,-0.0058101684328591184
596133,2025,1049,-0.009530002742683456,0.007929533860465996
596133,2026,903,0.009175922920696107,-0.0014032928094208322
596271,2025,276,-0.005636552625999367,-0.015726934965225703
596295,2024,2621,-0.004014128868851255,-0.0006798863395241608
596295,2025,999,0.0034942626787158623,0.007931125316143105
600917,2024,1204,0.007174784538725737,0.00706710763773124
600986,2024,737,0.02993296688224712,0.03826535785982811
601713,2024,2386,-0.004862595120619353,-0.006805713336125213
601713,2025,2851,0.004217137041467432,0.0028294664125728024
601713,2026,578,0.0020107761034880013,0.009903864900492724
605121,2024,945,0.01503956140151855,0.008673614809008688
605130,2024,1022,0.003511879697076482,0.01446809028265345
605130,2025,1272,0.0026287480091535314,0.001591060947278944
605130,2026,581,0.00857360189012169,0.0174333202530631
605135,2024,2959,-0.012353654801619547,0.007102941847978323
605135,2025,2829,0.010008257328594772,-0.001625996311350448
605135,2026,1731,-0.0071418377742042925,-0.010157776088453148
605154,2024,994,0.019047675527432723,0.0036172637989977698
605154,2025,459,-0.0023647746512768268,0.003938850103042074
605155,2024,391,-0.0032428554767230167,-0.00883623411876575
605177,2024,967,0.002800108998777834,-0.0018095957295308095
605177,2025,614,0.026617284443860283,0.028586083165440285
605242,2026,264,-0.0015822666259961305,0.001040723162028086
605280,2024,1085,0.01943409793537408,0.006429532936451207
605280,2025,2764,0.006882791571253733,0.015012917978689127
605280,2026,1613,-0.006724066209284163,-0.004114667387726371
605288,2024,1131,0.0060713687181615196,0.004338231764576386
605288,2025,1892,0.013852447996416233,0.004118284068275116
605288,2026,1731,-0.003024904186963786,-0.005054264670046205
605347,2024,802,0.021111023924486504,0.028771191946522764
605347,2025,386,0.0031011151038223745,0.012999706642672975
605397,2024,1582,-0.00034204189396005373,-0.0003435836250572064
605400,2024,3189,0.007967848683903956,-0.00018413855864133187
605400,2025,1568,-0.011332156387691273,-0.011264181463541115
605400,2026,2946,0.00010073859771566605,0.003188003093678793
605447,2025,701,-0.004881672005310382,-0.0003512711921902114
605447,2026,643,-0.0019805572915362053,0.00633080878833417
605452,2024,1197,0.009065510056808342,-0.0010964668131045697
605452,2025,862,0.0077321226708993475,0.0016686141075502618
605463,2024,1203,0.0030155391325945983,0.01249817835349708
605463,2025,536,0.00960266731144539,0.032939577990580934
605483,2024,1773,0.005589330130764931,0.026587303731506983
605483,2025,1028,0.003429428086519927,-0.003893569673279522
605483,2026,741,0.0034825122923276314,-0.0002672804911480401
605488,2024,565,0.0008426585770551348,-0.009449363745872833
605488,2025,2847,0.007372450222581634,0.0059728870419964684
605488,2026,2464,0.00036960570084987283,0.007784715252076001
605513,2024,916,0.0012522711000651178,0.005494318281536667
605540,2025,964,0.000181419861203556,0.006931527631305652
605540,2026,639,-0.0018083446648473466,0.01479124763508177
606149,2024,401,-0.002572661467253361,0.013250869960533351
606160,2024,683,0.010935368097733265,-0.0028952574115803102
606160,2025,1088,0.016449806829770423,0.00806658047844371
606303,2024,899,0.026472793111773144,0.057408518156969957
606303,2025,449,0.013830318553213974,0.012003199436660264
606930,2024,1117,0.01237198184040391,-0.0021301109520556745
606965,2024,533,-0.000594022717734394,-4.693349106581838e-05
606965,2025,262,0.007821654438095134,0.00437266278718107
606996,2025,691,-0.00815074470232096,0.01070524737843009
606996,2026,1071,0.0005054834804782815,-0.005293316613642507
607067,2024,2650,0.005242189785378549,0.007190793480277222
607067,2025,2533,0.003448159339586487,-0.004208030626806666
607067,2026,2226,0.005039847308454324,0.003776056173692365
607074,2024,3102,0.013522415704875775,0.005353472023577399
607074,2025,3212,0.0022810123075890517,0.0017194380020151038
607074,2026,1438,0.006960099457456527,0.009493899736802614
607179,2024,733,0.0016712126581487265,0.022940518703754405
607192,2024,2011,0.013874861807078795,0.002145559898039306
607192,2025,1480,-0.002487942370986993,0.006475752125518329
607192,2026,1149,0.017404977973408953,0.022159683421287865
607200,2024,2891,0.0008233367938686332,0.005666528689400071
607200,2025,2369,0.00650089901614639,0.001243036178151587
607200,2026,2413,0.01096741697931176,-0.0079572107627711
607259,2024,2125,0.009193570751816002,-0.00228716408935838
607259,2025,2577,0.0004351043366122048,0.012469931963390054
607259,2026,2522,0.0664151922512904,0.06227135625536675
607455,2024,774,0.03394985986523924,0.0074261277920353
607455,2025,1065,0.02357252173888423,0.011417117878873872
607455,2026,608,0.029928354907837098,0.020699682783719954
607481,2024,974,0.02436827540200998,0.029765620299024843
607481,2025,932,0.05574468721183668,0.06943097196161963
607481,2026,328,-0.0014553496187761378,0.00790628631215253
607536,2024,1769,0.012797635698368,0.017062725508836463
607536,2025,2482,0.018157266637093935,0.030149012618865538
607536,2026,2187,0.006471680867997096,0.003865257820294502
607625,2024,3112,0.011800974028579445,-0.00414764387194862
607625,2025,2380,-0.002809437117096858,-0.00098161650071523
607625,2026,2858,0.012514391802041442,-7.410709539170052e-05
608032,2024,821,0.006713899812812667,-0.00686708062534887
608032,2025,1043,0.010589745848228499,-0.004132503728139309
608331,2024,2761,0.04008276821414904,0.04533340149652278
608331,2025,3109,0.0012775184196206061,0.001524890081145734
608331,2026,1696,0.010308673668866848,0.018811224963936266
608334,2024,1472,0.015089053050183954,0.03800075056260195
608334,2025,460,0.03436394466025345,0.01322154183202078
608337,2025,2367,0.0013221388305986793,-0.005168879386228908
608337,2026,551,0.006177882397406334,0.007899627053124093
608344,2024,1767,0.01029953227798939,0.059529460106749185
608371,2024,885,0.006406509983506628,0.013791874694540053
608371,2025,279,-0.0043221666861221995,0.04406549543873525
608372,2025,2565,0.004244844140626944,0.01033604018215264
608372,2026,2522,0.02036138164290744,0.026008999004382253
608379,2024,2602,0.014401436768777776,0.0026636023891472055
608379,2025,2665,-0.001475513196415914,-0.005380729251661214
608379,2026,3028,0.01536773816273902,0.007787476204837843
608566,2025,2085,0.023497222736646117,0.038599003753613255
608566,2026,918,0.01696711942849482,0.007511158071869143
608638,2024,529,0.009190795606841612,0.01105353767963387
608650,2025,741,-0.0034504987410874204,-0.009122817963611385
608650,2026,291,-0.003927687645153877,0.0039017920514558624
608665,2025,324,0.019477841033796163,0.022658639635833724
608678,2024,361,-0.0014537941824054196,0.001978861617841253
608717,2024,994,0.009702246784969351,0.005589878090136635
608717,2025,411,-0.0021503167955545218,0.011646975800208811
608718,2024,1022,0.015822587578333304,0.016378917172249357
608718,2025,1116,0.001738955714367494,0.002153152353281183
608718,2026,1526,0.004455440312802298,0.0010072118055559308
608723,2024,974,-0.004555249601482914,0.002371879517516801
613534,2024,805,0.00718762771947969,0.00563673006011141
614179,2024,835,-0.0016325705975370583,0.0013246390146076088
614179,2025,302,0.0008817332559559431,0.009985539461100592
615698,2024,2643,0.03241391035604396,0.041399402356551915
615698,2025,2004,0.016466085075727756,0.006846808521875034
615698,2026,1669,0.001510915194570986,0.013578555588233038
620454,2025,543,0.040827014592555014,0.026558611194032883
621016,2024,319,-0.005288882249774776,-0.0019838150659545616
621016,2026,473,0.001582761272761453,0.012323786286458084
621051,2024,623,-0.004126725626560186,0.006241727046905024
621051,2025,974,0.017508073032108634,0.02268537018080978
621053,2024,819,0.0021394866128478752,0.01010502903929456
621053,2025,990,0.013256556903812932,0.006310797289491637
621053,2026,293,0.009076423983725044,0.003617968903233111
621074,2026,757,0.003219888658748759,-0.007903581939644596
621097,2026,672,0.009055685072792195,0.01825896753160995
621107,2024,2447,0.01822849497850961,0.010893680792781163
621107,2025,1127,0.0014234236301214499,-0.0018059711464846937
621111,2024,1336,0.011919653076001829,0.003513213250756861
621111,2025,2189,0.00574523242642559,0.009384933182574278
621111,2026,2606,0.008312310020615067,0.004752989450918677
621112,2024,1212,0.008599402035006577,0.0007339949220564449
621112,2025,666,-0.00517907046803835,0.00521906485625717
621112,2026,1237,0.015589609925329581,0.0024651590234149806
621114,2024,570,-0.006813013947949338,0.0019049670160128389
621121,2025,1147,0.01314757030845225,0.03088094628608488
621121,2026,793,-0.0056005388563655206,-0.0032761866566275986
621139,2025,381,0.00954780111285723,0.007175831796423619
621199,2024,497,0.012956080280797774,0.017197106756980204
621199,2025,447,0.002738389993777826,-0.007674667334307048
621237,2024,1052,0.009927662050194425,0.0017537001323325871
621237,2025,457,0.017349461045313385,0.0018176498284281023
621237,2026,1129,0.0011164419739051862,0.018858747282465803
621242,2024,912,0.02975423372737638,0.035450071074341054
621242,2025,1067,0.04725021767782202,0.04169354098932192
621242,2026,395,0.006801594755582158,0.002930885645684465
621244,2024,2914,0.007399819759141204,0.006402062876067413
621244,2025,2583,0.0070028653075432335,0.00040529848152511607
621294,2024,255,0.0065570183444473564,-0.003475883751515766
621345,2024,522,0.004323195899150363,0.023118297186304447
621345,2026,677,-0.0006095298720429626,-0.00044612480968438996
621363,2024,543,0.0062745289569158995,0.0033993293822271067
621366,2025,594,-0.002584354164028312,0.016500439113219915
621366,2026,380,0.008665727857248517,0.005453571046765492
621381,2024,981,-0.0038672578383067077,0.00982795042921996
621381,2025,993,-0.004260391367769646,-0.0025374203607070045
621381,2026,633,0.008939324403494492,0.0006169262008888135
621383,2024,1174,0.008035776514331714,-0.0007025468432719505
621383,2025,1084,-0.004472437720587727,0.00972381334877322
621383,2026,669,0.0020651339381789727,-0.0054600452178614044
621389,2024,1133,0.018622710287012678,0.007455047358061945
622065,2024,267,0.0042066826919536,-0.005336719684680835
622072,2024,756,0.006976060829337645,0.008912376566684446
622075,2024,267,0.006685930337637106,0.013190430343301428
622088,2026,906,0.004437082257084482,-0.0029283416781690406
622098,2024,328,0.006503461617687238,0.0016209482698965835
622250,2024,284,-0.0005690965732093357,0.005319000521085091
622251,2024,420,0.03056298416949785,0.025246541344059344
622253,2024,590,0.005606264265237775,0.016960318151891383
622491,2024,2858,0.015317590801112696,0.01692087657046416
622491,2025,2988,0.01808098283974815,0.01263503225059919
622491,2026,2366,0.013278753441460144,0.013407633766286705
622503,2025,534,0.01752429389242089,0.01366510464997123
622554,2024,1064,0.02858206537876093,0.021042278645706125
622554,2025,1101,0.042176705783742684,0.02992531491253155
622554,2026,1111,0.014701020475263905,0.015614991313823032
622608,2025,2284,-0.0060663740918178504,0.017339840105846164
622608,2026,1165,0.012046523493577528,0.015388916345088705
622663,2024,2889,0.05876481826254008,0.044523591153865456
622663,2025,2731,0.04110857714470528,0.05008048117012114
622663,2026,1086,0.0068556693667931115,0.007415860509813039
622694,2024,251,0.023595193059226003,0.00727736472734516
622786,2024,644,0.014463259625989102,-0.01046081612023898
622786,2025,304,0.0010859567610605773,0.012264880975231566
623149,2024,629,0.0006244843865821341,0.0019824184603302792
623149,2025,317,-0.000345725698472372,-0.001032580544941493
623149,2026,854,0.0015165273450506525,-0.00293195723264493
623167,2024,2797,0.004518804487038435,0.0012759950698001336
623167,2025,673,0.008094570580645175,-0.016686981648451737
623211,2024,899,0.03320003360244132,0.01649528466805946
623211,2025,1011,0.0061273098622887275,0.012243008335201255
623211,2026,1040,-5.606701381474045e-05,0.011197334204883539
623352,2024,1166,-0.003697940724859586,-0.002537929074130076
623352,2025,847,-0.0058619243469694845,-0.005326725498472981
623352,2026,676,0.004645927112348689,0.002467294592727053
623433,2024,573,0.00915698933628158,0.01754668127918789
623437,2025,979,0.02249056045757947,0.014636116819116066
623437,2026,413,0.008411904050360684,0.0075729114429210695
623454,2026,1770,0.007360997241025318,0.0062075308818958985
623465,2024,917,0.02078876131655568,0.003468488336082237
623465,2026,423,-0.003603379404093513,0.0031314121701002144
623474,2025,1281,0.05382693427514174,0.03685127339511028
623474,2026,946,0.019038306119402305,0.017869205420282853
624133,2024,2354,0.003718282488810321,-0.00015632579144245329
624133,2025,2430,0.011065239425878674,0.0162867251166896
624133,2026,2384,-0.009406340567502279,0.0006700815126039734
624522,2024,538,-0.008709990761480664,-0.0027942610604197813
624647,2024,386,0.008714795083685039,-0.00044648907102765446
625643,2024,2110,0.021138658621783418,0.03421561245466921
625643,2026,1368,0.0007028363907179022,0.005694134556424208
628317,2024,1958,0.049606980844898306,0.005311809362841405
628452,2024,928,0.02793160402645804,0.04173699738604626
628452,2025,964,0.016852045079958414,0.01353523519793009
628452,2026,911,0.010763114918819948,0.01182760280641948
628708,2024,482,0.007829354389708925,0.008901192734512698
630023,2024,515,0.014918079309698129,0.007254039246265237
640448,2024,1067,0.018554896605771868,0.04060484808231567
640448,2025,846,0.016635677780310328,0.013321430616161424
640448,2026,1062,0.0040305198576813155,0.007776245009056825
640451,2024,906,0.0035417336832239132,0.013135964668365557
640455,2024,2996,0.2254020769407183,0.1760506769039242
640455,2025,1095,0.008714019783026713,4.515029771341764e-05
640455,2026,2493,0.035765033740352094,0.056844494554650724
640462,2024,1173,0.05394243623289623,0.06775711332700789
640470,2024,329,0.0036296514885383285,0.002549362260027315
641154,2024,2986,0.0024932242961027127,-0.003716005379553475
641154,2025,1258,-0.0008736626248408942,0.003042269852783087
641302,2024,1668,0.03168029802112494,0.04608818272821272
641302,2025,1585,0.014648679994837842,0.0008955448282758277
641302,2026,1200,0.022491192011882263,0.018743814445278166
641312,2026,351,0.0020668436892148936,0.003697662852362283
641329,2024,369,-0.0034158299842933135,0.006386830369176281
641329,2025,1102,-0.0023950843063694437,-0.0031748054015946934
641329,2026,977,-0.0024823770686586933,-7.389617395315082e-05
641401,2025,840,0.02749995762282047,0.020338102547029727
641401,2026,281,-0.0032851570882675594,0.0006817821238314408
641482,2024,2849,0.00863575515767848,0.00028132358714589347
641482,2025,599,-0.006593678960227571,-0.006217536397135926
641540,2024,1689,0.014378119067138217,0.01127960565683268
641540,2025,372,0.011605835699660843,0.006013684865017335
641656,2024,619,0.006767612967567921,0.006036291568418917
641656,2025,641,0.006194741276025153,0.0037295819722663994
641672,2025,586,0.005264686050475454,0.003515998509200871
641703,2024,453,0.010769401854089256,-0.010411836722704793
641712,2024,1510,0.006719795401214055,-0.007458366373389953
641726,2024,281,0.00783690806172848,-0.005550708306283154
641729,2024,1089,0.023540642777167192,0.020276446894953663
641743,2026,2788,0.013679076461208056,-0.0030100551597014996
641745,2024,743,0.006578972367593925,0.013575077153139894
641745,2025,1113,-0.0005489166644198629,0.0013772029105685764
641745,2026,533,-0.007202229875360621,0.0059672128669411755
641755,2024,1185,0.002920295234554498,0.017120238124613184
641755,2025,1225,-0.00106368126704604,0.004498157094570601
641755,2026,909,0.0011057317127891784,-0.007243536875545204
641771,2024,980,0.024696219007802292,0.02671316233461008
641778,2025,1682,0.003897048584616452,0.004615297371144364
641778,2026,1814,0.0027508193833219274,0.01040077215648279
641793,2024,2486,0.020676386513072444,0.007080074983086134
641793,2025,2788,0.01195029321721043,0.003384162671318032
641793,2026,1975,0.014849712137987883,0.005255137805588119
641816,2025,1381,0.0017938973749631769,0.019898620697967984
641816,2026,2402,0.004046669837378857,0.01222393711331906
641835,2024,731,0.00392794229751997,0.001950295487367482
641835,2025,301,-0.010833153730246823,-0.0008485204478380008
641835,2026,1085,0.002696664857745545,0.004769016291584191
641927,2024,2696,-0.0012963698098849153,0.0023678378414015715
641927,2025,2356,-0.001571602934470909,0.00021203272219276725
641927,2026,2099,-0.0019601545087430737,0.007475620075597928
641941,2024,593,-0.003716824041338306,0.0037155215332289925
641941,2025,1068,0.020045612476176547,0.02523243623354267
641941,2026,674,0.012363804033134945,0.006050243153076825
642016,2025,255,0.006991384942978937,0.0043190235722181634
642048,2024,626,0.005298869968197599,0.030797060307100114
642048,2026,343,0.002466479483608337,0.0014401612503847513
642100,2024,422,0.009024509763312046,0.010425549961503827
642100,2025,921,0.001487139688377638,0.006237027339887972
642100,2026,698,0.015502606787462275,0.01592792858647121
642121,2024,292,0.007691545497555392,0.004025202748383034
642121,2025,387,-0.003623659132206688,0.0002282835374288704
642121,2026,937,0.010326542167438852,0.007770706200389367
642152,2025,841,0.012683255242826453,0.001923526688337055
642207,2024,391,0.004764781669228499,0.004581161043567537
642207,2025,1115,0.0025680830924050533,-0.0007045194629258871
642207,2026,759,0.005943068560776092,0.0016804691975680812
642232,2024,1514,0.02960015686122491,0.02464644140865189
642232,2025,1017,-0.0016991870368550568,0.02208021850191808
642232,2026,1061,0.026410431544033882,0.017449415692790095
642239,2025,347,0.014914731929003541,0.010927927804240574
642376,2026,367,0.05905818715277533,0.048379463098494065
642397,2024,960,0.017140921773334563,0.007977342163021596
642397,2025,1031,0.024370818662974393,0.015096855606309129
642397,2026,1153,0.02465170032647284,0.0306096848824458
642520,2024,492,-0.005647911716564208,0.0005808544421372802
642528,2025,467,0.00778743361897451,0.021273790771649224
642528,2026,962,0.003092952341151509,0.01410053811957091
642546,2024,761,0.010423338609194267,-0.004954199648851644
642546,2026,413,0.019522815825728068,0.014477780477151363
642547,2024,3066,-0.0011116432695006176,0.004823217326187419
642547,2025,3086,0.013529719442080736,0.019181462660757705
642547,2026,2959,-0.002006784656338553,-0.002645020398426804
642585,2025,626,0.009576526083312184,0.017372023002875277
642629,2024,371,0.005363821676407108,0.004336710443161405
642701,2024,1106,0.014051668142852566,0.01367167279047291
642701,2025,1002,0.013839359820121105,0.00014164369942900693
642701,2026,929,0.011410305111901406,0.010133318095580735
643256,2024,416,0.018927491479880435,0.0032575007489696987
643338,2024,840,-0.0047320878067661516,-0.0020696802029878344
643338,2025,709,0.009601093959477473,0.00727161506367873
643377,2024,1068,0.012992243740712887,0.01175548227395563
643377,2025,1093,0.006547538498686029,0.00723148424397089
643377,2026,1724,0.03583118363785776,0.037356376225380294
643410,2024,1015,0.029333529606452403,0.025093432627284248
643410,2025,832,0.023404814017913722,0.019967395879455164
643410,2026,551,0.024783999970641887,0.025029333102202997
643511,2024,1002,0.006853962785161199,-0.005827932492184883
643511,2025,978,0.00779052956691504,-0.002194136442472886
643511,2026,1018,0.0024649017233311326,-0.0003553634309522567
645261,2025,2891,0.013014163879424709,0.02077783829219546
645261,2026,3293,0.028618141452828958,0.008382288651799904
646241,2026,669,0.001204921541913721,0.004237219478666593
647315,2024,743,-0.0011798142031768037,0.006174775572884188
647336,2024,1442,0.06240938027828199,0.0034472953278246407
647336,2025,1527,-0.005907196535738866,0.007693288234744343
647336,2026,1838,0.007007562236144326,-0.0006521931769968996
650556,2024,1300,0.0026401074306537952,0.017047593832397737
650556,2025,1189,0.001179420320465879,0.004002556147640537
650556,2026,1093,-0.0014932503034183217,0.0040782694265976875
650633,2024,2895,0.02007164621204553,0.016524436851123085
650633,2025,1219,-0.0024624325124238474,-0.0014942939266429074
650633,2026,2981,0.012825195203777047,0.004605476032670655
650644,2024,2699,0.0381142654164561,0.008255361132486632
650644,2025,1747,0.013909923516567332,0.015562400972957345
650644,2026,1896,0.016189852981839257,0.018313110427657722
650671,2024,379,0.008546791502988928,-0.005419947421570167
650893,2024,1030,0.017965183917470137,0.03273596604431368
650893,2025,715,0.004154563096447616,0.006197206553245575
650911,2024,2797,-0.0012377900414785442,-0.006197480474588689
650911,2025,2896,-0.001160508045143109,-0.004441804229519182
650911,2026,3158,-0.005244523101576946,-0.004557364349085187
650960,2026,463,0.0019247546174652813,0.014985841963064595
655889,2024,605,0.02159361116122098,0.0023460634371702733
655889,2025,431,0.0037870017127363048,0.004203117304362935
656186,2025,456,0.01896484230124868,0.012672709497039773
656222,2024,1186,0.006685737260129631,-0.012431796705851478
656222,2025,916,0.003020316286751797,0.02972789641654826
656222,2026,407,0.011018073165576498,-0.002400937087013022
656232,2024,510,0.0008900598347562994,0.01350405239726745
656234,2024,684,-0.003175021581200937,0.009415677572132828
656234,2025,957,-0.0003201046611345796,-0.002381814236701391
656234,2026,678,0.010212578767375387,0.0021771355490441007
656240,2024,319,0.0011599348858332274,-0.0012691228790405412
656240,2025,711,0.008267625454518025,0.010342146811827858
656240,2026,584,0.004451289426951136,0.03413500275017195
656271,2024,575,0.01350317860304295,-0.007804523799472005
656271,2025,1014,0.0745540764915622,0.02775396297086427
656271,2026,1180,0.06428881417282466,0.026403356265500673
656288,2024,2869,0.02174088665833721,0.018528514545035357
656288,2025,1343,-0.0033667525791149667,0.010818367520677007
656288,2026,1544,0.0036784076220147716,0.0031521647987612146
656302,2024,3188,0.01610341705724386,0.015357114512556171
656302,2025,3044,0.01932275114897375,0.03572147961247249
656302,2026,2895,0.006506209084533077,0.00037356084154222837
656412,2024,1007,-0.0009893329032230594,-0.0024793516494856943
656427,2024,2569,0.012292659491507795,0.007856368278709823
656427,2025,2831,0.009636894403182876,0.014983235934728254
656427,2026,1658,0.005448111082974618,0.003741661677681166
656457,2025,839,0.004101230564172623,-0.0021737322797314115
656464,2024,1184,0.008257468427958794,0.023798058455620434
656464,2025,491,0.007190312363753402,0.024688529343537307
656464,2026,1099,-0.00037924089382012206,0.022257016468279933
656492,2026,2833,0.014106248681110357,0.007561930128970442
656529,2024,351,0.009527366856302169,0.024779536734006794
656529,2026,687,0.0019038436266740812,0.025098567784390256
656546,2024,1001,-0.003955936373253275,0.0012209648152587762
656546,2025,1127,0.013821230504566724,0.022453462081807367
656546,2026,1211,0.00263162193969544,-0.004089157767770014
656550,2024,1024,0.06519778465664361,0.05001586475252179
656550,2025,1964,0.04366377791273819,0.04768224043039728
656550,2026,2382,0.045873372593013974,0.03811324730678485
656557,2024,2735,-0.006207025742272076,-0.003306929196512882
656557,2025,749,0.0051618096056083645,-0.006260518419854643
656605,2024,2849,0.003640652747369215,0.001450480413554118
656605,2025,2870,0.003848569681022704,0.015213139925473903
656605,2026,1887,0.004681516230564224,0.017189029353663853
656629,2024,1143,-0.007427241960282175,-0.0014439364800310618
656638,2024,377,0.013693431454334383,0.009132653555140612
656638,2026,1135,-0.0008085995856070569,0.0053882523693190194
656641,2024,813,0.00199155906651794,0.0014213325264399485
656641,2025,1388,0.012013746746444669,-0.002396939964839937
656641,2026,1128,-0.0014748904076722616,0.0038704649829442456
656686,2025,332,-0.006312432377473176,0.002305253898016733
656730,2024,668,0.0002714585362060553,0.004940467022582489
656730,2025,753,0.003036761360316786,0.000145369515715073
656730,2026,874,0.008591175929285084,0.020102909774854003
656731,2024,1365,0.00866285415572825,0.016639017134448292
656731,2025,1234,-0.0040351755938591695,0.0055269294947843705
656756,2024,1929,0.019550166196902422,-0.004661570521611701
656756,2026,414,0.009656894611794148,0.0031362157789435476
656794,2025,1546,0.00279449638015611,0.009652419018801888
656794,2026,1472,0.009049168256766662,0.011609512808193985
656848,2024,363,-0.002110588772148453,-0.0002931581449146185
656848,2025,327,-0.007934025818265937,-0.0037831823565720795
656848,2026,1129,0.011245517310737045,-0.0012330454685810519
656849,2024,1871,0.017116085148825882,0.015483682849174604
656849,2025,2699,0.00893722899969381,0.015459158094013756
656849,2026,2476,-0.006357683425645257,0.012414304608663801
656876,2024,459,0.014807285080116302,0.015280473098114592
656876,2025,2316,0.02712635655373304,0.026590283035054806
656876,2026,2660,0.027917624318826016,0.05821999797476003
656887,2024,385,-0.005182189038957555,-0.00018185857096845106
656924,2024,340,0.005704894281988983,0.006114210059350894
656945,2024,1163,-0.006187995166565816,-0.004340194149588933
656945,2025,911,-0.004677264922493053,-0.0018732410960805824
656945,2026,963,0.00022987819238257378,0.0033292851345234943
656986,2025,728,-0.005635143042046044,0.011230730135957389
656986,2026,533,0.025299953395294568,0.00545501134187725
657006,2024,2046,-0.0004696167785432742,-0.0074884721984625705
657024,2024,666,0.010284089143175284,-0.0013894702764009222
657044,2024,977,0.048032801902122786,0.05034667184304121
657044,2025,650,0.022242977610475407,0.009815885234656875
657044,2026,654,0.009735552220239264,0.0075044326257040226
657053,2024,491,-0.0023146813311631853,0.001875977914223881
657097,2024,933,0.011359413105877013,0.018673011562634775
657097,2025,978,0.014568636192780577,0.02193518798449391
657097,2026,1139,0.005226791273598074,0.021683306900361587
657240,2024,272,-0.002855385571547588,-0.0012458419444786896
657240,2025,353,-0.01125844266834973,-0.006703324566203808
657265,2026,251,-0.005633850745801968,0.01916875622565823
657277,2024,3200,-0.004674387125639076,-0.005620988294006235
657277,2025,3282,0.021814207715672863,0.00655234753827243
657277,2026,2488,0.030754533053149555,0.016986955942229414
657376,2024,1454,-0.0015666932194693395,-0.00711233543174349
657376,2025,1226,0.01798113995902545,0.013269667967276218
657424,2025,531,0.0011943670750058396,-0.0025450593675164944
657424,2026,526,0.009050431180550015,0.0008637275557587426
657508,2024,1066,0.01009560372042956,0.03361948236518195
657514,2024,860,0.01587319167299082,0.001339388665115579
657514,2025,833,-0.0038088735078510468,0.018798630141028
657514,2026,1001,0.012248580472906126,-0.002932874184223357
657571,2024,940,0.00881245821056621,0.013940855087760311
657571,2025,1042,0.0005672634083335702,0.014295506027415951
657571,2026,586,0.022919061695869263,0.016687832099614996
657585,2024,980,0.005680921890559778,0.005002273201045957
657585,2025,979,0.010242332058318804,0.019106012918355644
657612,2024,982,-0.004510771173139852,0.003077768235806038
657612,2025,899,0.0036587490497991767,0.005188312327530928
657612,2026,816,-0.004914520788701425,0.0029137940176870696
657649,2024,1017,0.014886777297363051,0.024325671045044156
657649,2025,1043,0.003543170239829273,0.005453045905107556
657746,2024,2106,0.031221287811309048,0.014423038970409238
657746,2025,2794,-0.00550777463270924,0.014009582302877679
657746,2026,2441,-0.0029793403397688255,0.004588031168526602
657756,2026,476,-0.004315167027659683,-0.014525437837809733
658648,2024,1419,0.009656391004916358,0.013956255100148278
660271,2025,753,0.0060683499981337595,0.002789667540437327
660271,2026,1335,0.006808819896838131,0.004972541490287368
660600,2024,319,0.0028354601920300366,0.0016891643373878463
660604,2026,491,-0.003891512701238297,-0.0012808487709103347
660730,2025,335,0.007592954526628318,0.004177579587651549
660761,2024,987,0.009434709720243828,0.010949429938647878
660761,2025,295,0.0011792002339885011,0.004170843193871415
660761,2026,1068,0.005272520106660516,0.003471534364370906
660787,2025,590,0.018849164036261475,0.0020547535324658118
660787,2026,358,0.009497873921559449,0.015531749473683428
660825,2024,441,-0.0006372438591567387,0.0008433086200352317
660825,2025,1224,0.03792042175248479,0.01094816392796991
660825,2026,1133,-0.0012463336204663385,0.0012361928348502214
660853,2024,1127,0.0012816580552375341,-0.0002796705394496443
660853,2025,1105,0.020537926825167578,0.025210731663130287
660853,2026,1153,0.02704385325363031,0.004767595209110599
660896,2024,931,0.014107194631121842,0.017255471550819846
660896,2025,1058,0.007036881844094032,0.0003694124846487774
661395,2024,881,0.03073758153731307,0.027986817859827366
661395,2025,1073,0.010065583876566498,0.009047825153952641
661395,2026,947,0.0038553419638899292,0.007649971374924859
661403,2024,983,-0.004081112079519323,-0.0001727157549036677
661403,2025,746,0.002284821927737754,-0.00448221909863701
661527,2024,838,0.012365978926731032,-0.00024470493050928447
661563,2024,2664,0.012000732972987739,0.01853989521892315
661563,2025,970,0.004553910713785684,0.016811932543289932
661563,2026,496,0.021220101759433712,0.001263420558071324
662253,2024,951,0.010322527416766467,0.01890377587228222
662253,2025,1035,-0.0030982159815627713,0.008741429166811468
662253,2026,953,0.03382758492854311,0.003143741836760547
663158,2024,977,0.027792095699304787,-0.0036240492069168793
663158,2025,1076,0.013372281960430282,0.02123847607610219
663158,2026,487,0.015386830945365236,0.0146210592288235
663362,2024,1514,0.02522239342623766,0.027312012039017324
663362,2026,482,0.0009050780742567185,0.008288094124988574
663372,2024,2577,-0.000680468156472202,0.0024114953255424108
663372,2025,522,0.008069852775432923,-0.0014730725239435994
663372,2026,2049,-0.006336299077230298,0.007660740036675457
663399,2025,512,-0.007555431547969233,0.007083370338676272
663423,2024,1139,0.004785008087746822,0.0016957264714485005
663423,2025,656,-0.019354531959973137,-0.006083990798244967
663423,2026,708,0.019033920193414107,0.013009728713960276
663432,2024,939,0.0006886046578140692,0.00824779682153611
663436,2024,892,0.00387651508960572,0.016343218822058875
663436,2025,2307,0.014289672662959383,0.021704972325892875
663436,2026,2317,0.0405611224787813,0.03274555539242752
663455,2025,500,0.01060043362659398,-0.011022431507229225
663460,2024,467,0.0008700001297243887,0.0059089020212606674
663460,2025,1795,-0.003985238230145918,0.02076653216667198
663460,2026,882,0.017819995097245158,-0.0016341531155862517
663465,2024,436,0.009269455650466605,-0.0017088512924791602
663465,2025,1000,0.0009037952499902491,0.0059259892838211155
663474,2024,1304,0.005213592351990652,0.007907871606981668
663485,2024,1154,0.026931539554063876,0.01576214436828916
663485,2025,1143,0.007711598680528314,0.0013665422411885775
663531,2024,470,0.012120864441746272,0.010198568481380064
663542,2024,927,0.020933614237722588,0.020948287194007147
663542,2025,318,0.0014711722664111407,-0.008240297533358467
663542,2026,1057,0.02591175361804821,0.03226498381340902
663546,2024,1209,0.0017562651296990212,0.003953885891794071
663546,2025,254,0.002349900711961919,1.565622190971239e-05
663554,2024,1789,0.004706450771781756,0.002848561310638967
663554,2025,2353,-0.004856427474771831,0.00011156119687709346
663554,2026,2083,0.002853236015839635,-0.0035528296331786015
663556,2026,1830,0.016100872034612426,0.042674251164892193
663558,2026,1061,0.007721836988229597,0.014892616800921472
663559,2024,2137,0.0067184746530131,0.0075531577615294
663559,2025,1951,0.007059028130884199,-0.0016027621489037738
663562,2024,354,0.013356841192020383,0.0006209952568912229
663567,2024,1039,-0.003394767725214063,0.0005189784790489808
663567,2026,2642,0.020028679429493712,0.019421021451638723
663568,2024,797,0.028690167591006423,0.02032278563554936
663568,2025,1689,-0.0006388789814039267,-0.0008092670345583304
663568,2026,837,0.004590689093902208,0.0011770699313127099
663574,2024,504,-0.004386487953935169,-0.00926732411636231
663574,2025,1230,0.024307411867862214,0.02504269845761402
663574,2026,698,0.013504029208958311,0.030158232634500168
663623,2024,3046,0.0017666115323160378,0.015482152847933525
663623,2025,2944,0.015218984943951911,0.014933126539182018
663623,2026,1939,0.010079677845408253,0.0069534213278881415
663671,2025,532,-0.005245186476157173,0.00012056571171903727
663687,2024,1213,0.008819146567474328,0.003672649605159766
663687,2025,1125,0.01453217072500997,0.00395432986797323
663687,2026,1333,0.002209490452834664,0.0009626240003789592
663704,2024,903,0.022931013810271565,-0.0015987646670362705
663738,2024,631,0.005931297379190839,0.0038149809906194393
663738,2025,1088,0.0034783581074774262,0.0018273640885587811
663738,2026,1300,0.025351807590218267,0.019854043386883676
663765,2024,618,0.011923658103652673,-0.007668566975640573
663765,2025,625,0.020329412167091065,0.000601706003665744
663765,2026,485,-0.011212772673009103,0.001973205698898958
663767,2025,692,-0.005871602997132297,0.010385074815745786
663767,2026,867,-0.004056844472753733,2.797228880734895e-05
663773,2024,782,0.006496129392091541,0.01674664712737786
663776,2024,1444,0.007993740679691537,0.01587667406581773
663776,2026,1219,0.02779920994907997,-0.0072030339745225375
663795,2025,383,-0.008602769379921426,-0.004443193773902382
663804,2025,281,0.002147129885404535,-0.003728118484900423
663855,2024,1958,0.005937201440694978,0.014437699613161454
663855,2025,1199,0.017902234797725316,0.019691197024236284
663855,2026,888,0.01489311213567538,0.016976543459438113
663878,2024,1059,-0.00649852905490538,0.006913865170393131
663878,2025,280,0.012317815169537697,-0.003813555677574525
663878,2026,772,0.04096268276920611,0.0064952362801690465
663893,2024,696,0.03796479451308711,0.017271789573995246
663893,2025,1240,0.042885956572002545,0.018632806026211805
663893,2026,552,-0.0005647300257430024,0.010560025649868743
663903,2024,2966,-0.001906960819151777,0.007253231630269721
663903,2025,2850,-0.0009138060549355127,0.002314077472803074
663903,2026,2801,0.03018177022393666,0.014331121209009335
663941,2025,817,0.014198562836162743,-0.0012033429196690996
663941,2026,313,-0.013162299273211588,0.011591710317577266
663947,2024,1339,0.0030600964794113526,0.010998347242453839
663947,2025,1159,0.00146817583599759,0.004806743993111637
663947,2026,1130,0.014146344824614604,0.01749493381859192
663969,2024,578,0.003789139933669991,0.005510675498614327
663969,2025,1114,0.02188381880837102,0.023495179176431305
663969,2026,2037,-0.00922823233527172,0.00915996171653638
663978,2024,1460,0.003259925905353591,0.005679126476546535
663978,2025,2565,0.0037632904821144355,0.002308055531266245
663978,2026,1015,-0.00020365417647796372,-0.009433643904802622
663992,2024,528,0.014222083611503386,0.00034423465694633415
663992,2026,640,0.0054957617102945125,0.009946351282296
664062,2025,609,0.010684043826085225,0.00905841903329239
664076,2024,1056,0.06045323839404224,0.03930818332917791
664076,2025,874,0.0024781399204059714,0.010883960870074814
664076,2026,734,0.007507690128857981,0.004843996507183339
664126,2024,696,-0.002868972887567081,0.0024360908552609564
664126,2025,987,0.013330448008075991,0.0030702830931170944
664126,2026,766,0.009565883810608272,-0.0029066153675855614
664129,2026,435,0.0036564315944324815,0.007983096718665959
664139,2025,387,0.003691820431589007,0.011029801777169404
664141,2025,469,-0.005582081559578028,0.010589937465459554
664141,2026,1000,-0.0039338138419087775,0.005058341787059688
664192,2025,632,0.01140906120993348,0.018847848667348635
664199,2025,865,-0.009899746921353763,-0.0003087456232475989
664199,2026,1069,-0.0089259555987691,0.006049426218051951
664208,2024,1078,0.008216081073369476,-0.0015148198373408906
664208,2025,1008,0.012682788097302625,0.02567328369006218
664208,2026,546,0.01117955353281976,0.0255878192253001
664285,2024,2598,0.01098901405897958,0.012295834473729466
664285,2025,2891,0.016263222948953313,0.01957971047796422
664285,2026,2768,0.0002055909119517655,0.0011478604512260085
664294,2025,285,-0.005899692885527734,-0.002390227299912122
664299,2024,570,0.0010571506089963399,0.004672986873607861
664299,2025,617,0.002777515692336397,-0.0038611296418299195
664299,2026,1108,-0.016448846080495,0.006881292181941172
664350,2024,621,0.004198767022938165,0.0043614314256784125
664353,2026,607,0.002610418381282082,-0.002888180214320436
664747,2024,977,0.0004778520587409321,-0.001776788212976272
664747,2025,361,0.0033269683909967216,-0.004308605707985402
664776,2024,644,0.005157370680028413,0.004257729238583321
664849,2024,697,-0.00541568579109982,0.003340390251095085
664849,2026,265,0.008403117224902865,0.003075524402604824
664854,2024,931,0.0021356208132369773,0.003465256094143945
664854,2025,979,0.009456250393784636,0.0104422104883667
664854,2026,273,0.006552652619801549,0.014225250227532864
664875,2024,1081,-0.0004979943277305791,0.0009343625576640202
664875,2025,270,0.004512023854210094,0.016673830434140904
664875,2026,684,0.008804393214247844,0.006225816400631303
664991,2025,520,-0.007971816401358224,0.03926656209677562
664991,2026,901,0.009037675977803236,0.030471367028774326
665152,2024,2171,0.01215637001644115,0.012577930529776345
665152,2025,2692,-0.0017177603971974163,0.002094735034184593
665152,2026,1465,0.010201170619326265,0.0030474657163945835
665620,2024,283,-0.00018586933053288307,0.01703762153874584
665622,2024,720,0.005270237313326949,0.008955177336589243
665622,2026,1270,0.005945031425161504,0.010166462031329393
665625,2024,829,-0.0011962718559132952,-0.007284587551324105
665660,2025,765,0.0030915394796361974,0.007259654674670815
665660,2026,951,0.009285439350805969,0.026376880570855212
665665,2026,345,-0.001807358408721432,0.003117691543924564
665795,2024,1734,0.009889533963986731,0.002707218132130019
665795,2025,2252,0.006404732248325328,0.004360701587378894
665795,2026,1353,0.012300742950648,0.01065559834296565
665871,2024,2538,0.011199865337506583,-0.007035583584674132
665871,2025,567,0.0008547531358229865,-0.006806015996588311
665871,2026,1506,0.0038813250572501874,0.01386727409372322
665896,2024,311,0.014114166677377245,-7.718374210062353e-05
666129,2024,588,0.017256171092898665,0.017206067407991785
666142,2024,3118,0.013020612447971603,0.006157837998181817
666142,2025,1079,0.0004203526073989613,0.002299554126312988
666142,2026,638,0.0005814804883023326,-0.0004790198016769541
666157,2024,1863,0.03912577388732184,0.020526818620104643
666157,2025,2478,0.014535877488812727,0.0073766237476264535
666157,2026,1899,0.0035800824524084675,0.011743991683688008
666171,2025,1029,0.08723752632044127,0.10345280070781311
666171,2026,1269,0.029471147469749145,0.02972524269090844
666200,2024,1083,0.013834490208724697,0.001615538865199883
666200,2025,3013,0.020628231173560746,0.001896065229602
666200,2026,2864,0.008849109104126925,0.003847737472010382
666204,2024,450,0.006010401180614322,0.005027000025714185
666205,2024,725,0.002609650310411839,0.01532365697694765
666214,2024,1224,0.007561674132001561,0.010854720305280402
666214,2025,1815,0.09478960328437339,0.05971740498312671
666215,2025,256,0.026408281403128123,0.01810667060434352
666277,2024,519,-0.0005321290378686005,-0.0044370903040207394
666277,2025,692,0.002639659172134041,-0.005848306620669736
666277,2026,1149,0.017147140827948118,0.003286724951853113
666374,2025,822,-0.000492842440314067,-0.005273763952470211
666374,2026,262,0.012349047324128568,0.003894183855046808
666661,2025,617,0.01645654195060139,0.006482562016428303
666661,2026,1041,0.009319501673620318,0.010218818467423818
666711,2025,315,0.015071832858798727,0.017944811880780502
666720,2024,438,-0.010154585730605075,-0.0027812850612793628
666745,2024,626,0.00218711459682344,-0.0020521298745951465
666808,2024,1116,0.012891361029978217,0.020684649222936228
666808,2025,1103,0.030163841051830412,0.010685190600822719
666808,2026,1038,0.05254247261904234,0.045066541194653344
666974,2024,1008,0.03482845558339639,0.03198157700805548
666974,2025,986,0.04433575011032196,0.04341993983487737
666974,2026,794,0.009801637916749966,0.015162980060312227
667297,2024,322,0.013581351606437598,0.006133407664258221
667297,2025,461,0.013575771700184204,0.013352884931477913
667297,2026,981,0.006635369331181081,0.006622340549034636
667463,2024,857,-0.012715370174996191,-0.0012237755588710962
667463,2025,782,0.016785186808595025,-0.00027036140598711556
667463,2026,714,0.01524568426718771,0.016628767794653457
667652,2026,311,0.025146094558363655,0.0060280130992682885
667725,2024,580,-0.004437369001391349,0.016262720385903467
667755,2024,1736,0.026273868623522566,0.031161162287534364
667755,2025,2784,0.012156697207683115,0.008113742329638948
667755,2026,2916,0.0010400527519217816,0.0015377299412757286
668338,2024,934,-0.005723252785021402,0.0013395923815622593
668390,2024,286,0.007542257411967785,0.0026380714226197604
668390,2025,619,0.005684473214783378,0.004962667732758362
668390,2026,787,0.014694241826863364,0.000826084932633127
668674,2024,947,0.011400403035385594,0.013427175774667878
668674,2025,963,-0.002348545630356128,0.0005454253070012197
668674,2026,901,0.006556011818180116,0.012352881897937144
668678,2024,2506,0.008685142129744479,-0.00030677524110764125
668678,2025,3134,0.017373684829310964,0.027611280282779534
668678,2026,1779,0.00218350965276809,-0.0008230417043533382
668716,2025,391,0.006080795341543643,0.008348725345378904
668820,2025,529,0.008725039844873779,0.00968782048266707
668820,2026,340,-0.004891876418528744,0.009588079972287134
668873,2026,786,-0.0013331257315606973,0.0029447474673553677
668881,2024,2563,0.0031217835344979866,0.011119618091958286
668881,2025,1748,-0.00235026668803574,0.005584952900064522
668909,2024,1368,0.0011721806388661146,0.0030523641045213704
668909,2025,2925,0.014219068736311695,0.04181162260069017
668909,2026,2960,0.017067705714971283,0.013424160475261527
668933,2024,1342,0.020251952473773937,0.0007429461141403093
668933,2025,1039,0.011615321737435971,0.03133098390495883
668933,2026,612,0.003398244134653264,0.007853814298638441
668941,2024,919,0.005743628690720514,0.009675365332162017
668941,2025,990,0.001803171382633221,0.011494450405731126
668941,2026,922,0.013610865476675988,0.005804945132441069
668964,2024,2152,-0.0009578191903187474,-0.0007927084484682334
668964,2025,826,-0.008443073198038014,0.006745928542167822
668964,2026,836,0.0012262507467543284,0.010994962717452912
668968,2024,437,0.004148020089289268,0.005489034149970759
668970,2026,259,0.0025308635882573456,0.006621843219183889
668984,2025,861,0.02123755821962164,0.0013914149030250262
668984,2026,1118,0.004224905250061786,0.004639971551818652
669020,2025,676,0.0064852807100114485,0.02068926969000027
669020,2026,990,0.02300484834414784,0.009494426936125937
669022,2024,2994,-0.0023150985856540325,0.009712723419059387
669022,2025,2818,-0.0030166696392135753,-0.005126252780591665
669022,2026,2962,0.0038015882305933993,-0.009665790613537584
669060,2024,1643,0.021894652528829942,0.030595237197643687
669060,2025,854,0.003195371789688165,0.003651116812568867
669060,2026,558,-0.0059387717718280865,0.010329348854720956
669062,2024,1269,0.0012499212007614534,-0.0024105488784030267
669062,2025,482,0.024487628582196868,0.00470699856634767
669062,2026,970,0.02238563255991935,0.008197193039839304
669084,2024,782,-0.0028076777423702848,-0.0033818639807216178
669084,2025,588,-0.008999606240312059,0.008172214893247978
669084,2026,997,0.004623140306969989,0.00028000630478586697
669093,2024,1003,0.0070224948060423065,-0.006348485728263028
669093,2025,1236,0.012305256959207691,0.003720345127336858
669093,2026,512,0.01911630019468587,0.007679004936433005
669160,2025,2169,0.011399957224340127,0.0029130201013870052
669160,2026,2398,0.013164514511936225,0.009160794975264239
669165,2026,742,0.003191366102967573,-0.0029295294846676673
669194,2024,2406,-0.004959388189752515,-0.008213895383690937
669194,2025,2466,0.012392898152032948,0.0073966942905951925
669194,2026,1374,0.0009734031386113254,-0.00754817935393833
669199,2025,1143,0.001824936718505041,0.005654792679155187
669199,2026,1448,0.0008117394631553855,-0.00013494812669230638
669203,2024,2995,0.02853749669927287,0.004291287022849365
669203,2025,1009,0.0027008802486939037,0.005069223851618819
669211,2024,1241,-0.0005414834327334211,-0.0007760415428342333
669211,2025,1058,0.008249176396545418,0.006308818614086512
669211,2026,443,0.0050020365381845365,-0.004058351485029536
669212,2024,646,0.004103190978627442,-0.0013279540802120658
669212,2026,339,0.006568309969928898,0.0013636619743482889
669270,2026,748,0.0025063691174019432,-0.0022097910173623655
669276,2024,858,0.01959195478714694,0.023973144567374514
669276,2025,1102,0.028572467031152012,0.023796442542906124
669276,2026,1054,0.00854486412913673,0.003938280874212253
669302,2024,3041,0.04072396216505618,0.01764818530464473
669302,2025,2156,0.02002724422167712,0.015898375786169382
669302,2026,2982,0.0219667640550339,0.009561727182798695
669308,2025,494,0.004460475237611196,0.006676213408180739
669330,2026,1068,0.007054242968794189,0.0109278582158946
669358,2024,1206,-3.594318461702413e-05,-0.0022475549859393685
669358,2025,2718,0.021217748989851654,-0.002727403763881571
669358,2026,2911,-0.0013742961061045272,-4.877451237923374e-05
669371,2025,967,0.024319077421093113,0.01248547716257511
669371,2026,282,0.008286726546504539,0.0010027631714739982
669372,2024,515,0.007957277815209874,0.012196983870307763
669372,2025,1575,0.015530084343397225,0.013864392438775948
669372,2026,2185,0.010001320249420926,0.013223122276592347
669373,2024,2838,0.02522325089408685,0.03071852889080791
669373,2025,2849,-0.0035908832962902562,0.006526542928758271
669373,2026,2356,0.004026821565518491,0.0006716412651836975
669387,2024,866,0.0030361074272495024,-0.003545817747052096
669387,2025,1647,0.03206393448681222,0.015840464539097248
669387,2026,2080,0.03302849991520531,0.03448781437412379
669422,2024,327,0.014090718418551097,-0.004801175233084149
669422,2025,512,0.005735929789263421,0.004777146627574868
669432,2024,2243,0.005262509772850847,0.022071904211657722
669432,2025,1627,0.00864517788872071,0.008327750037369389
669432,2026,2689,-0.003577894565635999,0.005440039617977811
669438,2024,365,0.014602349702514351,0.001812464738445246
669438,2025,724,0.018378606792868943,0.011973048109024347
669438,2026,663,0.004587650498189151,0.019005299784404073
669456,2025,645,0.002494277522522128,-0.00445779233155109
669456,2026,930,0.007764722582581394,0.001316183669571467
669461,2024,1358,-0.004036217076012725,0.007444094309174573
669461,2025,2386,0.020100848555546953,0.022177747086095878
669461,2026,2609,0.0031536492836999287,0.009973415466831557
669467,2024,1934,0.001797948642119465,0.007305915826859087
669467,2025,2720,0.012237461983076977,-0.005479142723915177
669467,2026,2642,0.003923679453706998,-0.0016021205858727811
669620,2024,350,0.004123715763492859,-0.003314740967098054
669620,2026,696,0.003462551949211812,0.010041189713743496
669622,2024,954,0.03686809836950695,0.005769477755525175
669622,2025,783,-0.0032325442934800623,-0.013924319507070433
669622,2026,539,0.0036219550835514818,0.014652494036046288
669674,2024,702,0.007640064660528696,0.004484949828681256
669674,2025,786,-0.006182157436697048,0.001560862677648527
669684,2025,569,0.0011662590693150598,-0.016243273399808977
669684,2026,614,0.0111053670271723,0.0122749951664486
669704,2025,406,0.015830670213007575,0.020555499532171773
669711,2024,1029,0.006245005210660295,0.015281014345715518
669711,2025,1069,0.004867166020144142,0.0047607346728744185
669711,2026,991,0.003836562754726295,-0.0006312760387758647
669713,2024,1075,0.009609664044107916,0.01102752289934166
669713,2025,508,0.027871712399969138,0.014084796896047117
669713,2026,898,0.014088077858810043,-0.006301330975469617
669721,2024,508,-0.007028435686846004,-0.009848146461359106
669724,2024,446,0.0159841331166387,0.00892494323209253
669724,2025,946,0.0012769093803814743,-0.0011005800913610625
669724,2026,321,-0.00572267808724476,-0.0011693822849163267
669854,2024,2751,0.01570245386191384,0.000453674768989136
669854,2025,793,-0.0048431544364556075,-0.009757804897136882
669854,2026,570,-0.006361731317006224,0.0092597957533297
669920,2025,1252,-0.0028418820448828067,-0.0034576268391409326
669923,2024,2966,-0.0023088819995549553,0.013774111226542459
669923,2025,2086,0.010373497041314884,-0.0021841305484544683
669923,2026,2758,0.007695420257040242,0.023814040738693226
669947,2026,773,-0.0046248014550836864,-0.0003757646845197489
669952,2024,413,0.020786535281921464,0.012193490275548134
670036,2024,385,0.0010112919784324315,0.0035780771518652407
670036,2025,817,0.03756305435801155,0.017537642905339455
670036,2026,1101,0.004123651182986657,-0.003835508977547853
670046,2024,403,0.003943304717796347,0.004496957000977943
670059,2024,869,0.0034436878735501397,-0.006288941020809594
670059,2025,492,0.0065221802453466204,0.00722819222168592
670059,2026,860,0.0005318952054991351,0.006558878820574734
670062,2026,712,0.0015310525593444579,0.011445659054390414
670102,2024,1558,-0.001732391346940699,-0.0009378584889218165
670102,2025,1141,0.006793474394747521,0.011642012340968821
670103,2026,292,0.01592325308201906,0.015392138730976172
670124,2024,710,0.008054584733010925,0.014878368483004242
670167,2024,895,-0.005362688294428244,0.005097666911411387
670167,2025,1047,-0.004043113613111186,4.104992808176412e-05
670167,2026,997,0.01240943376529906,0.01084670161374096
670174,2024,1240,-0.01101227044314456,0.002178624239135285
670245,2026,1138,0.007845522855082443,0.006095243493359356
670280,2024,1023,0.007193367641050891,-0.004931787840153497
670280,2025,1024,0.01237620831872948,0.00669291407566647
670280,2026,1154,0.001608650299185878,-0.0020751870275098287
670329,2025,586,0.015445549059974684,0.003900980881676105
670329,2026,997,0.012090970011157972,0.015127793188281346
670766,2024,714,-0.005270091161426976,-0.003809467306798738
670871,2024,271,0.008385553092579746,0.005580293563246291
670912,2025,665,0.009589462138592996,0.0029415661271811424
670950,2024,1182,0.0058162645710502225,0.00355020241515907
670950,2026,1302,0.013090449072100281,0.004600788836130086
670955,2024,672,0.004701176687238613,0.02058317107365136
670955,2025,1214,0.025379107558117557,0.021797989040787356
670970,2024,981,-0.0037191307053556764,0.02361145595053005
670970,2025,994,0.015700691925378756,0.0007985987525699881
670970,2026,1318,0.005166436442530199,0.015518077863514659
670990,2024,769,0.04711170945487791,0.033620612750057476
670990,2025,604,0.0034013559502459214,0.008533252678058104
670990,2026,1410,0.04665624679750944,0.02331416273494764
671096,2024,2333,0.008598003619801958,0.01896331840165728
671096,2025,2677,0.0014653613477950177,0.003935779447649596
671096,2026,2858,-0.001437224837561737,0.006681509804889961
671106,2024,1665,-0.002955958390837853,0.0025778026883434275
671106,2025,2709,0.005972510866181524,0.019813457598402022
671106,2026,325,-0.008199605133566842,0.00449717494441248
671109,2025,302,0.0074147880660759115,0.023238789675724614
671111,2024,282,0.009183763641168814,0.005459916825036608
671111,2026,400,0.01966603137371099,0.01678974260256308
671131,2025,1339,0.04928314204731798,0.04091863388532991
671162,2026,418,0.005966709399669481,0.0022776769687630313
671212,2024,966,0.002281128567945657,0.02124460242666453
671212,2025,934,-0.0020222856945076905,-0.0006336677420553845
671305,2024,601,0.011498190587996351,0.01943929563026454
671345,2024,905,0.009813725928208358,0.0062512328272489506
671345,2026,448,0.014622697933741814,0.020819111110902642
671737,2024,2294,0.0023762758014153618,0.0007153529039570467
671737,2025,2272,-0.0007971826563530458,0.012399202023408176
671737,2026,2997,0.0026086638474168418,-0.001420500340495458
671922,2024,1166,-0.0003398889553779857,0.0059731032941409135
671922,2025,1182,0.00890121471611092,0.007228018252657269
671922,2026,1226,0.007559496899925304,0.0022364032393686053
671936,2026,577,-6.723300248841938e-05,0.011281455073741767
672282,2024,1557,0.0044888972207475135,0.017002219846111593
672282,2025,1083,0.01470290489422039,0.03145198166417889
672282,2026,2957,0.015034538692798038,0.022662955059424204
672335,2024,864,0.032843539331426135,0.02972786699550716
672335,2025,437,-0.013864034369859916,0.013447148228883243
672335,2026,790,0.06450050120387409,0.11338552140760351
672391,2024,366,-0.00019598960486749204,-0.0019781527235098293
672391,2025,788,0.012215113851601733,0.017371406634594043
672442,2026,256,0.018517157537295315,0.021965264879427918
672456,2024,1539,0.019459380258172444,0.012825428750347204
672456,2025,1473,0.005263025301023841,-0.006652407870552529
672456,2026,2304,0.005832132723353473,0.007567330549144694
672578,2024,560,0.004212129061821132,-0.008514302460127651
672578,2025,759,0.015513628765501077,0.011155091445257304
672582,2024,951,0.011433467010714344,0.01353122123923548
672582,2025,1099,0.006660937419978063,0.004370233583141906
672629,2026,316,0.014664409597486484,0.018024440627816312
672710,2024,1074,0.037915042313078004,0.04638526519350453
672782,2025,1099,0.005657080919406935,0.0032142563221722355
672782,2026,1123,0.006765183537047529,0.021479596940393277
672841,2025,1095,0.0033664870285770865,0.024053033762462046
672841,2026,282,0.004634934137880461,0.005161768979829751
672860,2024,348,0.006838292029974108,0.009236556884669407
673380,2024,521,-0.006623179538938799,0.003040969530020205
673513,2024,1049,0.00120832466434916,0.0016962423652075106
673513,2025,1063,0.008003496462370072,0.0007781964903278572
673513,2026,1086,0.009239465352622996,0.003989937992813341
673540,2025,1900,0.020416104272294965,0.004693449463791855
673540,2026,1129,0.017870048256941436,0.031047794396000063
673929,2024,560,0.010744031378219396,0.004196592274279664
673929,2025,1130,-0.006146960318680871,0.000764821444065657
673929,2026,313,-0.002105577245061954,0.005031312312547768
674003,2024,1175,0.029190402555191484,0.02317382626858826
674003,2026,719,0.0077556157348936715,-0.0013170823029862522
674072,2024,706,0.014909481307721132,-0.0003785705555750021
674285,2024,494,0.0011519537921686775,0.0015115464397896107
674285,2025,545,0.01986693191239563,0.010559495871294743
674370,2024,1055,0.01266941736533636,0.006182903023870743
674370,2025,1378,0.03243923895786219,0.018373295629658122
674370,2026,317,0.01425747277670024,0.010694578024666553
674444,2025,642,0.012966318642245095,0.0351595716604772
674444,2026,930,0.010321021370723592,0.01402027939577358
674841,2026,1857,0.0035352772018123757,0.022273076804478428
675512,2025,656,-0.018981550687286335,0.004278190156775099
675512,2026,1773,-0.006347985918487727,0.007357749064680568
675540,2024,639,-0.013588356291002175,-0.013200862410307587
675540,2026,348,0.01786497764233386,-0.010774476685465429
675627,2024,827,-0.0013372398411437537,0.007871372643583166
675660,2026,2001,0.025412650258232555,0.008973384125972959
675848,2025,1074,-0.0022879605855975387,-0.0009782947575878173
675848,2026,1303,-0.00023953985408579675,-0.004413240116096826
675911,2025,2110,0.043234893197420285,0.036566835808384664
675911,2026,691,0.0031225106476663067,0.021402570038720956
675921,2024,537,0.003952248807029739,0.00649437455062393
675989,2024,312,-0.010569634985067652,0.00870398721683819
675989,2026,391,-0.00533506317771395,0.009613287466670499
676083,2025,1622,0.0036128141495032615,-0.001962159068249202
676083,2026,1981,0.006135418367358253,0.002022649148542767
676092,2024,676,0.0025390206926962896,0.0006330471436059396
676092,2025,477,0.024820874322504422,-0.0007632490601064595
676105,2024,354,0.016975100324550147,0.007717886235650302
676106,2024,1014,-0.0013283394630410838,0.004855539502073233
676106,2025,1423,-0.0061309282597843415,0.014509082276533483
676106,2026,2171,0.015892694354148838,0.020992943159803754
676130,2024,1222,0.02037407506116652,0.007867304709148435
676130,2025,1095,0.02303960491002904,0.012604071210660723
676254,2024,1220,0.001465927695696382,0.000388501663887681
676254,2025,1018,-0.0033481169343291027,-0.0027928117285905504
676254,2026,609,0.010621096963414659,-0.0019439436974887044
676263,2025,1146,0.013786833162866883,0.007493374434077829
676263,2026,1037,0.007013874048546,0.003413515535310796
676272,2024,1053,0.009062858936636638,0.013020224255125232
676282,2024,711,0.005562444626852378,0.007602272775212326
676282,2025,1637,0.028289004604422362,0.030678113367472795
676282,2026,2747,0.027877759546791864,0.019890847181825815
676395,2024,946,0.0035339820549899234,0.009075607068692343
676395,2025,972,0.0032623915412621288,0.0036772747955697033
676395,2026,287,0.005556399380865648,-0.0018557812412817272
676428,2024,645,-0.00018455519648510424,0.0113995967408776
676428,2025,1052,0.012226042337744188,0.0015650018069353804
676428,2026,507,0.003793783133462822,-0.0020429080572897784
676440,2024,2851,0.006401660974455321,0.006627173177730064
676440,2025,2969,0.03236122321392952,0.020218857863028822
676440,2026,2968,-0.009468849291243841,0.003774986342509655
676467,2025,1451,0.02370106407464353,0.025964631499955666
676477,2025,1180,-0.00575809065061024,0.0027890961667725936
676477,2026,743,0.001877040299713755,0.0019780292479011706
676508,2025,1262,-0.014539569770972363,0.004229002620795822
676534,2024,987,0.006676756730003834,0.00978232158832106
676534,2025,1054,0.015560789456677276,0.01554988311000675
676534,2026,1166,0.01255746411972134,-0.0020448949411571993
676571,2025,419,0.013987578789069758,0.004398888570153412
676571,2026,635,0.011291568007839304,0.006184434726823041
676596,2024,532,0.010363524837609508,-0.004275983858839253
676604,2026,694,0.005716507594509185,-0.017598382038933214
676614,2024,374,0.0064574750986599785,0.010801404021089412
676617,2025,758,-0.0005198810304773382,0.0024262219241555434
676617,2026,1063,0.0027522138512488755,-6.825589991127797e-05
676620,2026,284,0.012574965675530358,-0.0037657309181852784
676661,2025,646,-0.0035896941680587558,-0.007622866842226216
676664,2024,2856,0.008933346634175677,0.008314810306158974
676664,2025,2366,-0.0004391854536112653,0.025686708818183315
676664,2026,529,0.0031098994095662058,-0.00034266117672855385
676680,2024,323,0.006262647297586453,0.0008128285172138129
676680,2026,268,-0.006043249016365873,0.010081152493409868
676684,2024,1162,0.008119277197156351,-0.004691693502788118
676684,2025,1137,-0.005121557753656782,0.003032375145003157
676684,2026,484,0.0032796972672677832,0.0013015344511922433
676702,2024,587,0.0033336388797938097,0.009974294421553901
676702,2025,343,-0.002253235264401678,-0.002387061527789165
676710,2024,2823,0.004681999955175289,-0.007426995624061624
676714,2024,350,-0.007130844417484072,-0.00190749965733327
676742,2026,547,0.021164602226421782,0.0020413460818468833
676755,2025,777,-0.0032626955095257752,-0.007005350197508759
676755,2026,728,-0.0023226567794529954,0.0019987097353796656
676760,2024,395,0.011944827037333466,0.006508428384905809
676760,2026,1042,0.009303911653235644,0.0024709241452953194
676775,2024,847,0.004907440970895181,0.004710058140598123
676775,2026,644,0.0028245720884328604,0.004765859266745714
676879,2024,484,0.010074956065531335,0.01298780706524242
676879,2025,1033,0.007550896832658352,-3.023381736575041e-05
676879,2026,1582,0.0036758627133162782,0.007793707566469119
676917,2025,788,0.002444375142267717,0.009747530249285246
676917,2026,2776,0.007646431817836828,0.012084892224488858
676961,2025,742,0.03870817362395324,0.004718922749281092
676962,2024,849,0.0065825041089119475,0.0039246420014873735
676962,2025,1759,0.004254322404688641,0.00811605306886649
676962,2026,1004,-0.006671483605428898,0.004778262037873403
676974,2024,968,-0.01143916612352638,0.008977119960930348
676974,2025,1039,0.021274827314849993,0.007939348151637937
676974,2026,1789,0.02166327349443205,0.021611852371931906
676979,2024,2395,0.015726504412950953,0.015417806768170029
676979,2025,3150,-0.00035066953700171963,0.007268036318741459
676979,2026,518,0.00773945454058384,-0.005070855935396687
677020,2026,505,-0.005986955621241495,-0.007957700214292004
677053,2024,906,-0.0015342826209909601,0.00031198940156315446
677053,2026,378,-0.012619907560498246,0.00897817039709245
677161,2024,955,0.01029110181864999,0.005748590738516454
677161,2025,581,0.002615327113306573,-0.0032941239329593156
677161,2026,283,0.003796791817800294,-0.004611635154108973
677865,2026,1314,0.01004509655202551,-0.0019095178656488379
677944,2024,1290,-0.0019806555813609993,-0.004185139931536513
677944,2025,2063,0.0033441343856280416,0.0091932023793943
677944,2026,2003,-0.0003021307485829246,0.020314580456960846
677952,2025,1102,0.004454150150528119,0.01288314823203627
677952,2026,2413,0.0045453198879136705,0.008680752946033808
677955,2025,488,0.015993842725780676,0.0027243339096176605
677955,2026,692,-0.009839797461261889,0.012272390893850016
677958,2025,1127,0.02368013999327736,0.04473241180065791
677958,2026,2496,-0.00263229968153409,0.0015249815088505215
677960,2024,1413,0.03767656467803504,0.004245030443955583
677960,2025,642,0.0006061630047589522,-0.00030542392137685343
677960,2026,2280,0.01959638133532648,0.010808909967974031
677961,2026,488,0.017328098971831702,0.02654578762680204
677976,2026,1264,-0.004175059571203717,0.0005240016153492365
678020,2025,636,0.028585964556579926,-0.0036467996469018616
678020,2026,522,0.0009187438569745587,0.002578595417113427
678022,2025,637,0.007140155642530047,0.0016525808947455368
678022,2026,2066,0.023458384031106814,-0.0006462993718437111
678024,2025,1646,0.013437015084181821,0.008175211592401727
678061,2024,383,0.016437463745040907,-0.016998339584212242
678226,2024,330,0.02197951148580219,-0.002847916812011586
678226,2025,717,0.032233022963196994,0.019399617038244988
678368,2024,1094,0.004042750750921453,-0.0021550704240400342
678368,2025,1322,0.012617242980516781,-0.004550510427442247
678394,2024,2710,-0.006933107531704863,-0.005294563479907623
678394,2025,2697,0.010630311260978142,0.002296188476563764
678394,2026,1906,-0.007636271977722522,0.004109742341824805
678495,2024,879,0.0034327155262164235,-0.0006050940221882981
678495,2025,808,0.002441305376909885,-0.0012595518538539242
678606,2024,476,0.006286877376608215,0.029534446131200945
678606,2025,1208,0.008961151007129358,0.01545350026078449
678606,2026,1090,0.0019873083589387113,4.093946438069545e-06
678692,2024,303,0.0003425328655778011,-0.001979252863326136
678692,2025,1158,0.010073647709493243,0.011172099732202663
678821,2025,436,0.008578295311025727,0.0032174854124413788
678906,2025,573,0.0032000267774918868,0.002669741554404208
678906,2026,1266,0.002722438514000304,0.02081098702590501
679156,2024,330,0.011123024500391557,0.002947458842075419
679358,2025,681,0.0015262398543234796,0.0024762154454590563
679358,2026,677,0.012438184628040232,-0.005369071380506852
679525,2024,2161,0.00036368313954939825,-0.006026127794180629
679775,2025,430,0.010214550884049009,0.025367747452929863
679775,2026,354,0.00319295266714664,-0.0010909919974603477
679883,2026,1293,0.001643640128441162,0.013247775310305507
679885,2024,1177,0.04192631672410635,0.01905705234470301
679885,2025,269,0.026501890086594416,0.008732394586070336
680570,2024,1879,0.02811927468714886,0.0082903575901095
680570,2026,1771,0.014165400123940446,0.006169788535121468
680573,2024,2295,-0.007904188944037842,-0.002697168792767495
680573,2025,1878,0.010884980056965698,-0.00343283385384055
680573,2026,1161,-0.005612094765311207,0.0006331188313487715
680604,2026,460,0.0016510651316677411,-0.007357914380540451
680684,2025,547,0.0183430230035105,-0.005171341656920272
680689,2025,674,0.026594456552339833,0.010305754371350237
680694,2024,674,0.013837408197289796,0.005061123768418077
680694,2025,494,0.01477455641091559,0.01247693116693066
680694,2026,2629,-0.012968495612613033,0.003205392462524976
680704,2024,1003,0.004968422549493932,0.0022445948521245154
680704,2025,289,-0.0034528954122583074,0.012736481965914592
680723,2026,300,0.022355306003780006,0.009260125407949509
680730,2024,2404,0.06175378407202917,0.046490724900835965
680730,2025,2705,0.02443642930190491,0.02078356122903105
680730,2026,663,-0.004073542930613644,0.015141148863940395
680732,2025,2376,0.011479075697118585,0.02584956856098952
680732,2026,2878,0.023226387813949593,0.011195069000863969
680735,2025,427,0.011175740657348795,0.009416726574509078
680736,2024,592,0.012121053157828706,0.0034871150582128554
680736,2025,1092,0.02383573139270822,0.005682552158240353
680736,2026,2137,0.0030505759020348494,0.004941433387064104
680742,2025,727,0.00723223297445049,-0.0019266145536689305
680742,2026,966,0.003067932875702674,0.0017539701217986587
680744,2024,403,-0.014052799328046752,-0.008824897640675771
680744,2026,755,-0.009028665753040165,-0.0023625974832991023
680755,2025,833,0.0008673847272819593,0.008603896504741195
680755,2026,1256,-0.004809745025177745,-0.008000432029988866
680767,2024,1341,0.0007717447662333003,-0.004455956910348246
680767,2025,919,-0.0016283917380507846,-0.0016995751158699417
680767,2026,1027,-0.012795722002713086,0.01180198207888242
680802,2026,530,0.016547092077332376,0.013898791468317058
680880,2024,292,-0.0014624604862656606,0.008427597503299586
680880,2025,375,-0.005224889796886714,-0.0009337300369018933
680885,2024,1887,0.04819810163023817,0.04684727083338397
680885,2025,1573,0.02091223071723604,0.03666082241436599
680897,2024,734,0.013469553037247896,0.013236123213898516
680899,2026,289,0.017967621877671737,0.008444456102075643
680916,2026,427,-0.0011487480575616904,-0.002165571281330531
681006,2025,613,0.020645319294282864,0.010259606797956844
681035,2024,787,-0.00447558520455438,0.0007070671659460561
681035,2026,1964,0.0014934622000735832,0.0010170239579057484
681151,2026,304,-0.01547950710262325,0.02577695058134892
681168,2025,325,0.021452596682012944,0.021784879621653198
681190,2024,1687,0.0051611981553786644,-0.016831613698368546
681190,2025,2148,0.02785432017990916,0.010026915619852281
681190,2026,2226,0.007524349341146504,0.011873816841466813
681217,2026,1089,0.010520098019843443,0.001433305018395489
681293,2024,2505,0.0014732800286603833,0.0017963249073038754
681293,2025,618,-0.0007130263908541419,0.013333953211852483
681293,2026,1942,0.007967217495614997,0.016349256785241198
681320,2026,294,-0.001802810249852941,0.004043730784240306
681343,2025,2419,0.011987681374582171,0.004584270976043298
681347,2025,1537,0.001728683517118849,0.0019014190638830324
681347,2026,1567,0.004975737401981021,0.00468823549830351
681402,2024,455,-0.010614081822452229,0.0036576533862889182
681402,2026,579,0.007309742715202392,0.004996658720578363
681432,2024,438,0.0035296048711421077,0.008190909465827718
681517,2024,695,0.0005982194055409013,0.01293359294729079
681517,2025,1350,0.012427249778313105,0.014957897050893827
681517,2026,2327,0.02111225921593181,0.014085023019686633
681544,2026,288,0.0025524881025138953,0.0073205165968987995
681676,2024,1190,-0.0052720084891421095,-0.0009734923464858968
681676,2025,524,-0.0022287703764100448,-0.005846012767635839
681676,2026,387,0.011929061047112388,0.008195956502008767
681799,2024,474,-0.006822081968228543,-0.009273954639849398
681799,2026,436,0.0051057096885274945,0.0006835478996756774
681810,2026,931,0.0006684477372562247,0.005421776277626735
681857,2024,1853,0.018473923028762954,0.02206977333251523
681857,2025,1159,0.009232453275600455,0.00438293247902783
681867,2024,1756,0.0013946902371126768,-0.0013066619667979195
681867,2025,276,0.008465906628790966,-0.013077025538402873
681867,2026,642,-0.010660729625084535,4.117259508565397e-05
681869,2024,840,0.014707619332991521,0.013228900184585378
681869,2025,551,0.018337910634018087,0.008872636584098188
681870,2025,503,0.019173794363730547,0.03466982915532464
681870,2026,820,0.02603168762558864,0.005727336736114572
681892,2024,652,0.021655438088994918,0.022397715020713783
681892,2025,725,0.007039416862197075,0.001461258038499844
681892,2026,876,0.013334243445300566,0.006952874846685386
681895,2025,329,0.017251590270600765,0.005487074163732357
681895,2026,833,0.018208785937035215,0.013808963657742276
681911,2024,1109,0.0001706145852042037,0.004148387803421594
681911,2025,1023,0.010032472500953,0.011326599580657208
681911,2026,1011,0.02170219451706863,0.00832550490582477
681916,2026,703,0.004133275722139747,0.0035728967835844273
681982,2024,483,-0.004860734966058375,-0.006619490485618936
681982,2025,1158,0.007567999379813657,0.0011183219307912098
681982,2026,915,0.002581277163670023,0.013633853989760157
682052,2025,1666,0.004519547875809174,0.000436682405593375
682052,2026,2226,0.015573443745165937,0.0033526445689341937
682120,2024,1011,0.022846775931351985,0.05352869700586317
682120,2025,750,0.04482931682397584,0.026383843279965076
682120,2026,983,0.006165333178903709,-0.0008367480223786417
682227,2026,907,-0.005234919606855702,0.014668058436394012
682243,2024,2749,0.00925140750666776,0.007439957060334842
682243,2025,1542,0.01829255617660041,0.008978017781668105
682243,2026,1884,-0.0030769008695794285,0.01673710714456065
682254,2025,859,0.0010584409726780938,0.0006261094484985222
682254,2026,1169,0.10488411911526174,0.09100184107286063
682274,2025,314,0.012319835013601338,-0.0009404486376207264
682608,2026,944,0.0018581199882659156,-0.0009072971242542011
682610,2024,1485,-0.0031816195616421804,0.0011884196746786918
682790,2025,368,-0.005101480725171657,0.009509768933224062
682825,2025,414,0.009699190555831986,0.0142594621846136
682825,2026,665,0.027169901388284762,0.010159320593567013
682842,2024,258,-0.0026868448769271107,0.0007224223076165011
682842,2025,1164,0.02077583189861536,0.010834571571918406
682842,2026,918,0.02421306168495116,0.02008039652165353
682847,2024,2143,0.012027131030979502,0.020130491543979074
682847,2025,1501,0.01745611221207153,0.016190325391426508
682982,2026,273,-0.0036154257664058674,-0.0062706646763840655
682989,2026,586,0.02364898312249145,0.009617903964019906
682990,2024,811,0.0016571778137944868,0.00128890024351575
682990,2025,2468,0.0003233246180002106,-0.0012619570166683273
682995,2026,351,-0.007608047089858116,0.003401765328911149
683000,2026,685,0.020297338878379773,0.004022906480647055
683003,2024,1912,-0.0017926812184221826,0.000585810191330015
683003,2026,1634,0.010670086358543947,0.0075797735927506426
683004,2024,669,0.000991892691867563,-0.010081492753124505
683004,2025,2583,0.016497802034886832,0.013647593763120195
683004,2026,1397,0.0048012985095524435,0.004033152292290077
683155,2024,2027,0.011259369007499577,0.0071744745481576045
683175,2025,377,0.009518324001622181,0.0011140932288431836
683175,2026,590,0.010127685121688218,-0.0020639204931218597
683232,2024,1028,0.01782034298014708,0.014223753584329441
683232,2025,845,-0.006130300703677868,0.0002186408465544503
683232,2026,341,-0.013340601484380503,0.0032846218952059278
683352,2026,726,0.0010230261927434107,-0.005642257232318367
683363,2026,419,0.007578131408270101,-0.009129056041735188
683409,2024,512,0.01612616255334557,0.01011243547089559
683409,2025,1022,0.019264260697344722,0.014561739691074146
683409,2026,285,0.006306836295384604,0.004190386391547987
683618,2025,279,0.006895823385241188,-0.003237922493177414
683618,2026,968,0.0025032619699029202,0.0019006220747768657
683627,2024,1048,0.003287081597479045,0.005681027909508928
683627,2025,608,-0.0021240726543393165,0.027031343167018565
683627,2026,541,-0.004845899691561782,-0.0026719442168459226
683742,2026,348,-0.00321648755283033,-0.000543482544907589
683769,2024,1075,-0.005808874657198737,-0.0010258239639230429
683769,2025,1049,0.002721597876680075,0.0023965147468529235
683769,2026,983,-0.004499014096834577,0.010198059139917599
684007,2024,2590,0.008501192425275372,-0.0026611431957755394
684007,2025,2176,-0.0033767727643244233,0.0049678976696978985
684007,2026,2810,-0.0010909670231810341,-0.005041128431027032
684049,2026,325,0.0079116647975747,0.0003537419294710991
684320,2024,1501,-0.0020304469318374635,0.005130766604352478
684320,2025,1158,0.02430096102696086,0.03055025847569015
684665,2026,381,0.00731783835965567,-0.007979516894245822
684974,2026,635,0.008615069041102383,0.018660029113905723
685107,2025,481,-0.00021975782271051032,0.0014668276248652923
685126,2025,1216,0.006975556417390223,0.009201927998976532
685126,2026,784,0.006400764172745589,0.016211683225335453
685299,2024,607,0.0024353212597966133,-0.00016592199250638564
685299,2025,1244,-0.004418490494027628,0.009692344554571823
685299,2026,1692,0.007305171580960445,-0.007489431468143566
685314,2025,427,0.00021194452334288033,0.02360929389275528
685326,2025,501,0.014937158796086885,-0.0015549640615867253
685801,2024,300,0.004052791165171968,0.010351577051577594
685801,2026,319,-0.006769670035772143,-0.011503666245407919
686218,2025,1146,0.005356953939540696,0.024657632861494652
686218,2026,1954,0.01641462834138506,0.0144340771742444
686539,2024,1096,0.032276561394021096,0.01179504813172497
686560,2026,480,0.01784096593603856,-0.006665905910463281
686563,2024,2028,0.0039936220225143685,0.013036628531575625
686563,2025,1793,0.03158591884057218,0.011783000915357243
686580,2024,811,0.0006298400607251944,0.01696813708107064
686580,2025,499,0.0035983722981968945,0.018264788451465588
686580,2026,508,0.01987900270644875,-0.0003362158517351909
686613,2024,2889,0.05422330335235546,0.01649757867570726
686613,2025,2962,0.0376415527527215,0.05269777555711133
686613,2026,1881,0.010556391216042484,0.02244656809363043
686642,2024,432,-0.0032846513495868777,-0.0024581973196176553
686642,2025,329,0.008198756148674408,0.0016368196199802604
686701,2025,1312,-0.006999359987144582,-0.004889968126784676
686730,2024,1554,0.005322608282305648,-0.004992335559674241
686747,2024,271,0.012443791659664595,0.00023722605012462556
686751,2026,605,0.008680965832455024,-0.008969673418513503
686752,2024,2149,-0.0009387720225527793,0.0030804324579079187
686752,2025,2698,0.0146697628711705,0.002331549486034431
686753,2026,306,0.011119936542874458,-0.0054623051321788536
686790,2026,1137,-0.00752193531074101,-0.00978884715461401
686796,2024,343,0.021642050851759565,-0.004589213319319274
686799,2024,859,-0.00942466694761403,-0.012440081264492317
686799,2025,1858,0.026828520056283507,0.00984309495611736
686799,2026,1106,0.0028052747164802497,-0.008066732562624194
686826,2024,1006,0.018334200233794645,0.02104797530763958
686826,2025,409,0.011889607686433021,0.011888412446614592
686930,2026,909,0.005416063283299682,0.001652659939913673
686934,2026,312,0.031780816883194424,0.010643475914468114
686973,2024,901,0.003578450847814124,0.014202051413751924
686973,2025,1066,0.00023258340675134877,-0.001244967785311719
686973,2026,1236,-0.0043189478386664,0.004053884309896071
686993,2025,1092,0.018761090205228516,0.01822923230154532
686993,2026,726,0.0025486827582102208,0.013863597397838118
687064,2025,939,0.004435916474627306,0.015675647280486513
687064,2026,2530,0.007263526333188232,0.0019166448501810832
687075,2026,1727,0.020487491546511163,0.00017034047890310326
687134,2024,551,-0.0036487258272173704,0.009015479749251808
687134,2025,1033,-0.006523086067527012,0.011939056533272306
687209,2026,291,6.081395749828048e-05,-0.0001734359845655901
687223,2025,705,0.0037122132119905183,0.01216576337666886
687223,2026,313,0.006171104857880376,-0.004581339361681305
687239,2026,282,0.007583157927370287,0.006910590815602433
687273,2026,867,0.006585927682038871,-0.004861632437781783
687312,2026,1142,0.006137710366889082,-0.0019400555267232273
687330,2024,1033,-0.00502651269504164,0.0005615427843787244
687330,2025,588,0.01256132945406109,0.009202662823053109
687330,2026,987,0.019536533651912078,0.03702618385689118
687362,2025,471,0.01269078911119231,0.0014091920526332039
687377,2025,501,-0.005626840946898338,0.016804144277986686
687377,2026,750,0.002484147843990016,0.006306986635361818
687396,2025,366,0.00038602002285449525,0.002573892622830687
687396,2026,1282,0.007600200103505737,0.01581203410189726
687424,2024,297,0.001909362248803913,-0.007734583827818395
687473,2025,1760,0.0035945411260490732,-0.0002963505474518041
687473,2026,1436,0.014750366690439495,0.007738711663153039
687562,2026,1618,-0.005718624194773137,-0.001026864952919532
687570,2026,2067,0.005142240343721615,0.014187822153259234
687606,2025,448,0.007905282089422504,-0.004119678811217819
687606,2026,610,0.0042537109516827985,-0.009581667298992968
687765,2024,2480,0.00980880560694981,0.007102847610003818
687765,2025,1353,0.001953419292345416,-0.0032934996072855422
687792,2024,1586,-6.012685295440216e-05,0.001489648149794056
687830,2025,463,-0.0017764011215700543,-0.0002385623323087633
687849,2025,308,0.005023641634547639,-0.006401129876757122
687849,2026,294,-0.003579437033164008,-0.004369314634562999
687863,2024,642,-0.006812205778651016,-0.0012624305340090906
687863,2025,624,0.045783658235558036,0.07540020972163088
687888,2025,814,-0.00580040280034044,-0.002564359381543316
687911,2024,416,0.0070045666789470395,0.024557137295799388
687911,2025,1046,0.0043190551507765,0.015090922430243472
687911,2026,1067,0.028390429778746666,0.042418930465574295
687922,2025,438,-0.010488251794958577,0.011127783708792067
687924,2024,530,0.0069807422987929494,0.012879050606260782
687931,2026,617,-0.007772922829215698,0.007586806735593048
687941,2026,466,-0.014181451881474716,0.014947319426022164
688107,2026,1817,0.004050171353069323,-0.0059606484336253065
688138,2025,1338,0.007442550995763877,-0.0012711091462735572
688158,2025,766,0.006098996820977592,0.019527977913909582
688158,2026,597,0.015544663935142682,0.02722425890508652
688297,2024,596,-0.008402320349763154,0.0005073410377625199
688297,2025,394,-0.001709365268898773,-0.004647574095624235
688297,2026,695,-0.00020991212165371567,0.005495039874460891
688497,2025,319,0.006455173515485811,0.010762606507329004
688642,2025,527,0.015550589785606353,0.005299937184683127
688642,2026,1502,-0.00507415266791254,0.0027128409231487434
688883,2026,442,-0.008936766239226693,0.005684704949151085
689017,2024,1149,0.010064947647226692,0.012074493975713559
689017,2025,773,0.022795343133269665,0.00817261297136268
689147,2024,1087,-0.0034275019949273344,0.012961472144918941
689147,2025,1073,0.006356622829419162,-0.005602849092196644
689147,2026,1093,-0.0034086597088910254,0.0008847828407190753
689149,2026,260,0.0046887067920028305,0.00011075022585042091
689225,2024,1152,0.005921472269659141,0.0029362335792247874
689225,2025,405,-9.393426702235502e-05,0.00412842035147044
689225,2026,387,0.007303580337786921,0.0020344212230959968
689254,2025,859,0.0036892416290422014,0.01285358603193206
689254,2026,1034,-0.0033406114904911506,0.00453498643780172
689266,2025,536,0.031441108120191824,0.009339177227278055
689266,2026,779,0.005311107717925746,0.008044006898919048
689296,2026,993,0.017518026491957377,0.004401510945689348
689520,2026,296,0.005360778245217838,0.0023240324677486846
689546,2026,446,0.0004672777219135126,-0.0035039165125625975
689672,2024,721,0.006074773589118968,-0.004677613417858478
689690,2025,586,0.006253083254783806,-0.004811042783540578
689818,2026,638,-0.004888054058950441,-0.012787235474757623
690279,2026,468,0.011594572090750464,-0.004237049742368611
690544,2024,303,0.010239426594404685,0.0009241968231558125
690829,2024,541,0.036025594404714985,0.026875868560458368
690829,2026,259,-0.0009991060511555735,-0.0028889698547472794
690916,2025,735,-0.002998307593310957,0.01407827617841678
690925,2025,465,0.008527790849361946,0.010591653941466684
690925,2026,796,0.0022988846772696563,0.020990056995566855
690928,2025,931,0.001526235990764489,-0.009755800776392917
690928,2026,932,-0.004938079250548775,-0.00039552524744286864
690953,2025,720,0.0019195445185993495,-0.0007515684787779307
690978,2026,479,0.0043701115906459925,-0.0033384541364251475
690986,2024,2078,-0.00015772850647472505,-0.0023232646919879997
690986,2025,587,0.005273009238996493,0.0009264918620037697
690986,2026,2106,-0.002633366762683805,0.01063090027838192
690990,2025,1788,0.001847102773231977,-0.001197208177784118
690997,2025,738,0.013862382256690231,-0.007401404226747243
690997,2026,2914,0.01769625547904547,0.012261960893783884
691172,2024,286,0.0025017288477946695,0.007139258610631298
691251,2025,255,0.0023930898315997185,-0.0033429761538242768
691384,2026,250,0.010921669191035243,0.003357632276579711
691587,2025,1673,0.007161629510729645,0.02244248655762857
691587,2026,2673,0.021873062611898773,0.019362749580723624
691725,2026,2126,0.005394752422688386,0.019259454373303043
691769,2026,313,0.0020629688998247946,-0.0007313692763612796
691799,2025,610,0.01612220081406646,0.0069822382757695435
691799,2026,1333,0.015600367227997826,0.025214753322012867
691946,2026,491,0.0031005003554456724,0.021887617350575407
691951,2026,610,0.00853229105124156,-0.011587478460748533
692285,2025,288,0.0122846864198326,0.0005430670004104394
693308,2026,390,0.0047335959102985095,0.004543122692837884
693312,2024,950,0.0114732786018213,0.0061230688552610345
693312,2025,652,0.001491721836315769,-1.8099175859641506e-05
693313,2025,621,-0.000696005328552382,0.00687363534417541
693313,2026,530,0.015919906019708482,0.01679547698765639
693433,2024,1716,0.0010465171703066124,0.018404313401382672
693433,2025,2714,0.01442304693894768,0.0010943396801235247
693433,2026,2667,-0.002243176116620142,0.006922355967609287
693645,2025,1253,-0.0008621713856442804,-0.007652582175264975
693645,2026,3040,0.019323191591087696,0.004100969404859658
693686,2026,1502,0.0017020491088753852,-0.0019815072878204667
693821,2024,864,0.014494381163090306,0.03321857177146723
693821,2025,2514,0.024120741236956997,0.016125979138962788
693821,2026,2245,-0.005884711055603461,-0.010535457525175096
693855,2025,995,0.01572260506809865,0.007334063592970352
693855,2026,2123,0.026859075655479434,0.028440392642743464
694037,2024,263,-5.832266216710067e-05,0.0008636538702817882
694037,2025,841,0.018621029173080027,-0.0022324913761585805
694037,2026,477,0.012310727323352241,-0.006542047250406504
694297,2024,2792,-0.01186167662334171,-0.004769197789891098
694297,2025,2918,0.035059569379292735,0.028964237104089307
694297,2026,2032,0.006316247092731622,0.0021737252483756894
694335,2025,964,-0.0024041541649634356,0.006962221159912627
694335,2026,788,0.013702033918086418,0.01279271536532764
694346,2026,711,-0.010013145136769073,0.02223512207457491
694350,2025,459,0.005471039456931285,-0.001265413607503238
694360,2026,389,0.00973909116418902,0.0034719717453704463
694361,2025,305,-0.0002087543417181324,-0.004535756253714634
694361,2026,762,0.010692598160889546,0.0075062988180022855
694363,2024,1290,0.0016925576824069392,-0.010398746859017023
694363,2025,280,0.0041423284691524224,0.0035331446072493643
694462,2025,862,0.030493554018378756,0.030229708805283736
694477,2025,2010,0.009032045400619111,0.02116292641069909
694477,2026,1730,0.008981072864564298,0.011140729300771028
694680,2026,265,0.020241003035571446,0.01599047995318061
694738,2024,906,0.02583883224053751,0.020233750011564303
694738,2025,1851,0.010408109393928876,0.0006097144524905333
694738,2026,2712,0.004760099304128868,-0.005695161736985744
694753,2026,349,0.0061937907275346074,-0.014116901757137205
694795,2026,549,0.0020675656239315856,0.005178469495323076
694813,2024,2153,0.010743531307283359,-0.0036235671905640184
694819,2025,1164,-0.004266383303283805,0.0021283252948402494
694819,2026,2647,0.02132547127282068,0.030670882082240853
694918,2026,959,0.013425951526653485,-0.005530499756643696
694973,2024,2125,-0.0001255023778878435,-0.005394438114475267
694973,2025,2997,0.004155847902561239,-0.003097163524927775
694973,2026,2890,0.033262896193668026,0.015710570314163074
695034,2026,322,0.005798079433328357,-0.00041468146945917365
695076,2024,498,0.006609513005442113,0.0006529230684681494
695076,2026,2296,0.0049227633986412885,0.0008913572848300013
695239,2026,648,0.0009729078840891986,-0.0014999547347165788
695243,2024,1024,0.021334568452638102,0.017022158964311394
695243,2025,972,0.01923559634978619,0.005213559966169072
695243,2026,1149,0.0033404480170109645,0.008927673402189935
695380,2026,733,0.024540169852522654,0.011441760377416505
695418,2025,2127,0.016108412227827256,0.0022218313904473455
695418,2026,1467,0.0003504184566939776,-0.0023320707515995165
695445,2025,600,0.006543735276022118,0.0012741631491866745
695505,2025,764,0.0035523612948396757,-0.0030396441054308253
695505,2026,2569,0.004303849965823419,-0.005676485901935279
695534,2026,477,-0.002039382189485077,-0.00031778358898215995
695549,2025,877,-0.0018960906299711152,0.0020890808465341155
695549,2026,771,0.0042259670231833074,0.00962793622538233
695611,2026,1756,0.007470327314816281,0.012514715835201968
695684,2026,497,0.01839899183887403,0.014384319974665253
696062,2026,706,0.004340823910017124,-0.007130553145615056
696070,2026,521,0.002619670240743046,0.002700120589067886
696131,2024,663,-0.00010042202349669433,-0.017910219875511203
696131,2026,556,0.009022312698881988,0.0019389083762988383
696136,2024,852,-0.007584505746685086,-0.0004700885222273045
696146,2026,469,-0.007682012034659577,-0.0008721743507377996
696147,2025,334,0.0024560751381200864,0.0039920803804364795
696147,2026,830,-0.004837614366474436,0.0035837041804147405
696149,2025,461,0.002628644956891575,-0.0034956554302855722
696149,2026,2685,0.005805514539998392,0.021354436167235816
696270,2025,274,-0.009238675000957645,0.009852455814036432
696270,2026,1722,0.014708201150762832,-0.000782891958839632
696519,2026,580,-0.004946786166978441,-0.0023058672458735625
696522,2026,292,0.012188466138703068,0.013635882712306398
699008,2026,293,0.004943740066151641,0.0013070877124303744
699134,2026,1183,0.014698133953284778,0.003291587833803547
699823,2026,488,0.0035718588597781786,-0.0005647422150961769
700187,2024,328,0.006731411987683246,-0.0009885691096607257
700241,2025,1465,-0.0018028652016974056,0.015838800200757484
700241,2026,2774,0.005596942276280412,0.013577771662485043
700249,2024,1389,0.029775217867374353,-0.0008427293401960498
700249,2025,1971,0.007166514960685188,-0.0168481085254457
700249,2026,611,0.009105057948656532,-0.0052059691055259694
700270,2024,469,0.00033940273442289613,0.009307959468027848
700363,2025,711,0.0284355909185923,0.02430969153677102
700363,2026,573,0.008670720188585295,0.0048623744620423
700669,2025,756,-7.011988818896793e-05,0.007459912755962575
700669,2026,1222,0.042047114640007224,0.04285917421886843
700712,2026,2480,0.005763547264900768,0.004869498943621222
701487,2025,539,-0.0024164035397259004,-0.00022520585260572706
701519,2025,663,0.008096464831384058,0.005601308350766074
701519,2026,950,0.005162502906547687,0.002627943400485385
701542,2024,458,0.001274037580396665,-0.006636757680292747
701542,2025,2802,-0.004649994093962781,0.011078619487207694
701542,2026,2642,0.012988341277691606,0.013152310849082806
701552,2025,361,-0.0028568221119188377,-0.017403338433890837
701581,2024,1099,-0.003083235311938145,0.001967348659708206
701581,2025,882,0.004481439482076015,0.007887576425131231
701656,2026,1505,-0.006726025303410683,-0.008882550820660355
701719,2026,314,0.003820993306369193,0.005640503690152341
702021,2026,792,-0.002538611000943245,0.011418578449081854
702056,2026,1619,0.0006984108543326237,0.012907967922327006
702070,2025,2164,0.017381016932640204,-0.0011055837389758814
702070,2026,2892,0.017211095147440448,0.014166397113916814
702193,2026,1295,0.007672915995206103,0.011981026878691889
702273,2026,1262,0.017427805961900175,0.014174420390990112
702275,2026,1278,0.015282890320459168,-0.010096842392406621
702352,2024,768,-0.005985733034882925,0.007858811979529994
702352,2025,1294,-0.007259781303550438,0.007402933849895961
702474,2026,551,-0.0031257199776940857,-0.0047651213123604125
702674,2025,562,0.012056177270851332,-0.0027537719155504457
702752,2026,523,0.008576201391246735,0.0035535060644284696
703615,2026,463,0.009120429860371076,-0.003104493532557782
703725,2026,599,0.013889144697831987,0.005585784721121831
800048,2025,625,-0.0053925315392480515,0.009286011775453507
800048,2026,2948,0.006608929062623383,0.0013168049695139075
800049,2024,584,-0.006544085357345708,-0.0023581687700972554
800049,2025,489,0.010253187592776103,-0.010299370839581493
800311,2026,1231,0.010030416678617265,0.011847582741032137
800600,2026,677,-0.0018586648173913119,-0.0015809565837263879
801139,2025,304,7.321166678694769e-05,-0.03650836426404203
801139,2026,2282,0.004735265496533621,0.009125497766984078
801403,2025,1778,0.0011417951563093998,0.011870549332430671
801403,2026,743,0.0010157511453024438,0.01255953926762664
802408,2026,302,-0.006819413667275356,-0.003211110761727834
804267,2026,1257,-0.0017052276920511771,0.009711263653598073
804636,2026,539,0.016650261920885878,0.00487944593020292
805123,2025,507,-0.008840684247023113,-0.0042650376447634425
805123,2026,1640,-0.004058294771638565,0.019954620726929256
805299,2025,277,0.0044565822930054955,-0.00266417174199731
805299,2026,705,0.00685165065391424,0.004586547011220564
805326,2026,566,-0.0062564845921800295,-0.003937900882796245
805345,2026,368,0.0073052225576749645,-0.005408215487795842
805427,2026,642,0.0048521701293438866,0.005342615991738004
805673,2024,717,-0.010401055204481105,0.0022250308995970447
805673,2025,1353,-0.002622344399471968,0.022433864610464472
805673,2026,2117,0.009148290327435318,0.014113707481917816
806185,2024,1388,0.005284056954207521,0.009526336659074113
806185,2025,1194,0.011227668259842194,0.00427685307194339
806188,2025,908,0.01605036180000791,0.01789002060338739
806188,2026,877,0.004734776558044171,0.0026039474139577814
806960,2025,821,0.010466527877063337,0.0016654299495240795
807739,2026,541,0.006604926512602283,0.008699691955325361
808825,2026,364,0.008485727642364537,0.014011078499812334
808963,2025,621,-0.00838397156344025,0.013735803318273431
808963,2026,2100,0.02002443160480668,0.007364945764637399
808967,2024,1469,-0.001103550625236316,-0.0014480604477695284
808967,2025,2789,0.020075689825184415,0.005400610995661772
808967,2026,2734,0.011810538293749243,0.009719480930124912
813349,2026,1562,0.001936906930120982,-0.013352226653326672
814305,2026,294,0.006038639406861464,0.008239560410459274
814490,2026,572,-0.0016839576736837629,-0.0075507141553910265
815081,2026,298,-0.003501551703703752,-0.019706508978734272
815083,2026,961,0.005693184862019429,-0.0002504662034462086
820862,2025,645,0.009842845608043039,0.024163937382527725
820862,2026,981,0.021120212466684253,0.0025840403290436167
829272,2025,674,0.0039000010076683657,-0.00880249481620819
837227,2026,1451,0.016811050529926774,0.06482238933202593
