pitcher,season,name,throws,n,games,m,H,bits_sit,bits_seq,hand,hand_se,count,count_se,tell,tell_se,tell_h0,tell_h1,eb,eb_sd
434378,2024,"Verlander, Justin",R,1580,17,5,1.800070691436653,1.7728095064316751,1.748067115342236,0.0063911084174557,0.0123610511494613,0.0208700765875222,0.0089283967455738,0.0330735853818223,0.0069299645498978,0.027340782022041,0.039419522790778,0.03085385579703808,0.006528119232462517
434378,2025,"Verlander, Justin",R,2608,29,6,2.0415106258639986,1.9680832450186103,1.931818036608092,0.0505616294508628,0.0117931862362274,0.022865751394525,0.0085557183652974,0.0486020881472925,0.006383947365798,0.040126904129044,0.0578992188914486,0.042800719236850616,0.00584369916944193
445276,2024,"Jansen, Kenley",R,801,54,4,0.8610843738532085,0.8273613303700528,0.8297087734235015,0.0148919368181881,0.0073807539651506,0.0188311066649677,0.0128987808190716,-0.0032252176429031,0.0037092564165319,-0.0076803014079336,0.0004617482316048,-0.0026433233567983196,0.0036436138642631706
445276,2025,"Jansen, Kenley",R,869,62,4,0.9767306956778928,0.8897995804649412,0.8861075665793683,0.0117090108271883,0.0060669242293021,0.0752221043857631,0.0148088848431379,0.0050445912996271,0.0045684942008831,0.0044870954378228,0.0056931068939709,0.005744648543311733,0.004357737208187087
445276,2026,"Jansen, Kenley",R,725,50,3,0.8369945921500284,0.7412240124462577,0.7366945578258197,0.0096679724140491,0.0045828388956871,0.0861026072897214,0.0127451357447982,0.0060143857139518,0.0027299617946647,0.008736355423472,0.0034847813549277,0.006240759835633509,0.0026741380215162705
445926,2024,"Chavez, Jesse",R,1044,46,5,1.768718739531426,1.5185100306359447,1.5103047947160988,0.0829990681836611,0.0126153895738992,0.1672096407118202,0.0192473745430457,0.0109683307302421,0.0051300510474212,0.0052432198208631,0.0175949093794957,0.01112397272468994,0.004960469227657331
450203,2024,"Morton, Charlie",R,2791,30,5,2.020390294741859,1.9034550895454592,1.8939897007847155,0.0428530505474043,0.0085272806627846,0.0740821546489945,0.0112918963026099,0.0126583133834388,0.0041317431214502,0.0137171016083577,0.011606603971867,0.012688689534994734,0.004041590979349021
450203,2025,"Morton, Charlie",R,2548,33,5,2.106912462771259,1.9607413675126224,1.9542497102837324,0.0659021128549213,0.0187652420790814,0.0802689824037152,0.0104880512234678,0.0087332326394994,0.0054529079931321,5.222091233477927e-05,0.0175063994805405,0.009237593069580082,0.005104573240147935
453286,2024,"Scherzer, Max",R,669,9,5,2.0584865607433183,1.9222642833098067,1.90624707666768,0.0853889099245803,0.0152857971221794,0.0508333675089311,0.0129127205101156,0.0218238518199239,0.0041863865094087,0.0163588610718884,0.0289565627492847,0.021449324440783738,0.004092691043828023
453286,2025,"Scherzer, Max",R,1390,17,5,1.86997001504572,1.7753500355369651,1.7568868360785277,0.0486402321709378,0.0096337891452403,0.0459797473378175,0.0078802000172819,0.0248921893765549,0.0048340409514716,0.0219690809446232,0.0283004355524416,0.02368597585904116,0.004586372208799269
453286,2026,"Scherzer, Max",R,1461,18,5,2.0102791624627163,1.858375820602797,1.828568472737469,0.1064292735771132,0.0189509664584006,0.045474068282806,0.0082548544290534,0.0397340649920116,0.0070859795325648,0.0304001022904515,0.0494504246757585,0.03350893399873146,0.006252870188027072
455119,2024,"Martin, Chris",R,657,45,5,1.8221386942241375,1.6162356617511795,1.6137757870016136,0.1101470540121182,0.0219781442708657,0.0957559784608394,0.0157346159757594,0.0033881293720439,0.006370024832212,0.0009921757586414,0.00577405807493,0.00435399824253385,0.0060537385486927825
455119,2025,"Martin, Chris",R,638,49,5,2.0221426051898854,1.8769024687204656,1.8545178702249951,0.0690822588429228,0.0174344443617005,0.0761578776264964,0.015875424587041,0.0307126319142161,0.007002322352305,0.0240059931181079,0.0367349198127623,0.027332885469972274,0.0063067674936538205
458677,2024,"Wilson, Justin",L,816,60,4,1.5765658372196687,1.4550042788623216,1.4510799932336087,0.0482265445272059,0.0114699688614286,0.0733350138301409,0.0126413736770816,0.0052668043964304,0.0039913715503271,0.0018145272190351,0.0078809564787355,0.0055938222646700056,0.00390992244154384
458677,2025,"Wilson, Justin",L,816,61,4,1.6770622282139012,1.560034985034359,1.5475001352644024,0.0375921154806539,0.0106142401738235,0.0794351276988889,0.0138344105777777,0.0167954637311728,0.0062336145401326,0.0181444642948157,0.0156243988246974,0.01617502432845578,0.005727734661767684
458681,2024,"Lynn, Lance",R,2039,23,6,2.0219931324917515,1.903879649538282,1.740808673257476,0.0467127238825306,0.0083810629732167,0.0714007590709392,0.0066856782295524,0.2176058381129341,0.0149820453147939,0.2495039259010047,0.1800733302597344,0.14156530580254273,0.011869876242948977
471911,2024,"Carrasco, Carlos",R,1693,21,6,2.3617067682111035,2.2564623220252806,2.248488321071775,0.0537726955056234,0.0131996735893157,0.0514717506801992,0.0155775444635649,0.0108520768603569,0.0063573752277089,0.0097258545925599,0.0119782991281539,0.011094271538496939,0.006042878050029571
471911,2025,"Carrasco, Carlos",R,779,11,6,2.31537395490238,2.0878911159294296,2.0790226260520193,0.1397782103068932,0.0201860855583283,0.0877046286660573,0.0183104065612968,0.0121843979091754,0.0093185238874918,0.001222375216012,0.0238240729142798,0.012367332886583274,0.00784158158808261
472610,2024,"García, Luis",R,897,60,6,1.9643861538364724,1.650166282180648,1.6289037324390792,0.2303951855379223,0.0248380095683762,0.0838246861179021,0.0175099100839155,0.0296617529054235,0.0088110985061254,0.0274605978779841,0.0318289394910815,0.026887134125752127,0.00802620297008059
472610,2025,"García, Luis",R,896,58,4,1.6550196315986436,1.2780238869446308,1.2825373425768618,0.2792864153888005,0.0193570779536068,0.0977093292652122,0.0113276572189007,-0.0060721565262445,0.0051827088994084,-0.0060850477368522,-0.006056712600665,-0.003936855664012067,0.004880893922008662
472610,2026,"García, Luis",R,265,15,4,1.6371783298413085,1.3593251123921473,1.35587690065179,0.1889882965716943,0.0283266461818768,0.0888649208774666,0.0243195511825628,0.0047841681214383,0.0073664761362308,-0.0009232626308161,0.0127032282901914,0.0063874098201448905,0.006443078918750216
476594,2026,"Stock, Robert",R,560,8,6,2.294601544499115,2.0098310278082185,1.9956796564699557,0.0598774549907272,0.0105417129804738,0.224893061700169,0.0345500376058078,0.0192348736636585,0.0034430770151457,0.0219464992212102,0.0171101800449708,0.018755179547679874,0.0033330601269984986
477132,2024,"Kershaw, Clayton",L,504,7,6,1.7938711517738395,1.6935596643510868,1.6861126239805442,0.0443682523156715,0.012704223831192,0.0559432351070812,0.0291846838947453,0.0101715673353752,0.0111186539440917,0.0026742602046933,0.0174684117085523,0.01095717398489878,0.009653190261022168
477132,2025,"Kershaw, Clayton",L,1768,23,5,1.7755133228028337,1.5941189196281522,1.5818541632365255,0.0250969225594796,0.0056034618975016,0.1562974806152016,0.0126402532467133,0.0166161603834453,0.0064664140645321,0.0179651707454227,0.0148158710631677,0.01598602575573952,0.005906752351393987
489446,2024,"Yates, Kirby",R,1026,61,3,1.015413508724758,1.00085372733756,0.9933696892726944,-0.0013204492739112,0.0042579624435808,0.0158802306611091,0.0070248785656314,0.0096830051129283,0.0032505070357332,0.0076771339813002,0.0117041107088472,0.009782932576411644,0.003206059498401526
489446,2025,"Yates, Kirby",R,762,50,2,0.9877137429654016,0.9747278871521232,0.9760513070029088,0.0011099413021684,0.0003590281537682,0.0118759145111099,0.007112767342119,-0.0017297528752979,0.0013694083597651,7.83994523779808e-05,-0.0037409947760098,-0.0016014633786247106,0.001363354068735067
489446,2026,"Yates, Kirby",R,726,46,3,1.035804653189561,1.009628032146647,0.9974826746963492,-0.0010451561730191,0.0011454525643078,0.027221777215933,0.009560780969064,0.0160903823155409,0.0055073659354153,0.0187155830742616,0.0134459493168296,0.015433384627602045,0.005087884365355073
493603,2024,"Ottavino, Adam",R,1003,60,7,2.1440559411229683,1.931954625300953,1.9258397525065587,0.0758538970318182,0.0154995435583112,0.1362474187901969,0.0197672154088784,0.0080913158479914,0.0049503925091898,0.0182749363471502,-0.0005523425269042,0.008411873321793426,0.004797494539880741
500779,2024,"Quintana, Jose",L,2819,31,5,2.1922761833136133,1.8874422150417909,1.8833763241478616,0.2220143652271022,0.0197440613223297,0.0828196030447206,0.0113916007354637,0.0054527813653595,0.0070014179783093,0.0082399884348593,0.0025957598605928,0.006359797726953606,0.006587745288517039
500779,2025,"Quintana, Jose",L,2174,24,5,2.0703393217544983,1.7605116550345536,1.7669386592048717,0.271361839045041,0.0211893466819497,0.0384658276749034,0.00779537071071,-0.008640882539438,0.0031315823721779,-0.000910262635337,-0.0167938870126321,-0.007686727734990441,0.003061146209896899
500779,2026,"Quintana, Jose",L,816,11,5,2.3011296410253284,2.1289203963458365,2.1144371382527765,0.1045331521332486,0.0294886220691264,0.0676760925462432,0.0122745322731327,0.0195992348323994,0.00712191990206,0.0262569989496954,0.0126480777201039,0.017816367368397822,0.006277524298708195
502043,2024,"Gibson, Kyle",R,2764,30,6,2.4805818526196366,2.2658386929146728,2.2578803813561823,0.1252006310051148,0.0191611446495279,0.0895425286998494,0.0106250317775048,0.0107721709831867,0.006829984885679,0.0043087547291145,0.017350549186442,0.011056384072375837,0.006444339743485438
502043,2025,"Gibson, Kyle",R,280,4,7,2.603279455316738,2.3561888667792243,2.3552243886843196,0.1852554521173952,0.0390974466873641,0.0618351364201181,0.0276498346080827,0.001304608051079,0.0044855645330758,0.0013490009347099,0.0012580174999415,0.0023077169740916836,0.0042855874581926206
502085,2024,"Robertson, David",R,1211,68,5,1.3842818438669988,1.3365392289266242,1.3277928749497423,0.0118105269406442,0.0058358014824985,0.0359320879997302,0.0129004851040321,0.0115379462592632,0.0052439612495499,0.0102330154146221,0.01289507433769,0.011661516491315582,0.0050632281711175476
502085,2025,"Robertson, David",R,304,20,5,1.6742564517680514,1.602704380674089,1.60214330140868,0.0476381760674296,0.0157655177222861,0.0239138950265326,0.0145115691362022,0.0007514013069793,0.0067396031501254,0.011497803617919,-0.007412532231564,0.0028903403663567626,0.006112780756279938
502624,2024,"Anderson, Chase",R,1016,29,6,2.1652654861217053,1.9171282909591376,1.9154472138322671,0.1656304802662667,0.0283336834948989,0.082506714896301,0.0174848593525457,0.0022443815517742,0.0062042217383611,0.0052863100785212,-0.0006953633293714,0.0032708001444164813,0.005910891347949081
506433,2024,"Darvish, Yu",R,1260,16,8,2.804586667604532,2.7549139409699444,2.74228195636753,0.0291849965906897,0.0119162915863401,0.0204877300438981,0.0164091546015126,0.0171511859903467,0.0079714072227969,0.010562548136198,0.0241196566254441,0.016606429323730482,0.007376162826921501
506433,2025,"Darvish, Yu",R,1156,15,8,2.8427765171594213,2.7387182706577544,2.721644593162379,0.0110738161215835,0.0084514319035774,0.0929844303800828,0.0179802516496488,0.023030538138453,0.0081864286956866,0.0296532148269998,0.0157081683353915,0.02056424355615103,0.0071304909706839045
518397,2024,"Alexander, Scott",L,566,45,3,1.2895345153406566,0.9569598080490348,0.9545287400509216,0.2046748191110833,0.0214712021216501,0.1278998881805385,0.0127239361135611,0.003339768172165,0.0038455782491711,0.001967786664033,0.0045488660309298,0.0037166861849624432,0.0037725731814351846
518397,2025,"Alexander, Scott",L,313,21,3,1.2907764476658887,0.9049821241616206,0.8970868994887735,0.293759795110236,0.0346578346401926,0.092034528394032,0.0109184838401845,0.0106517470801773,0.0051036599778141,0.0209107181338905,0.0005681430530233,0.010889352731325522,0.004814696174580515
518489,2024,"Brasier, Ryan",R,374,29,4,1.8745293616632144,1.503659163066154,1.4976538397971575,0.2619984844796741,0.02406381347456,0.1088717141173864,0.0189329598259617,0.0085075412977452,0.0048177709857501,0.0126619217767933,0.003745202699812,0.008788079350044102,0.004676492676038427
518489,2025,"Brasier, Ryan",R,404,28,4,1.8857310306924784,1.57025418350858,1.5705039669100564,0.2499046214211612,0.0251794144663736,0.0655722257627368,0.0133932088750912,-0.0003374999805897,0.0040118261574622,-0.0025177545560891,0.00179943827884,0.0005957029292412656,0.003866840226579421
518585,2024,"Cruz, Fernando",R,1138,69,5,1.6135238151513318,1.3290261302094513,1.3257967601111988,-0.0108912604075841,0.0070984415511092,0.2953889453494648,0.0168445927320022,0.0043134074786517,0.006321516458088,-0.001381304503356,0.0103100078066937,0.005177648051879608,0.006012057001915336
518585,2025,"Cruz, Fernando",R,792,49,4,1.5507397956546718,1.192461306362477,1.172704521145307,0.1008072506290921,0.0142978987638185,0.2574712386631027,0.0231369657095992,0.0264760979560041,0.0064880406050466,0.0365546940470415,0.0177051678134873,0.024200448542401345,0.005923221903246947
518585,2026,"Cruz, Fernando",R,944,61,4,1.5724741176333317,1.3372255061191225,1.3242617253138778,0.0156466889340464,0.0085106865836982,0.219601922580163,0.0178350447755624,0.0172121084109014,0.0076728424533518,0.0240724603670351,0.0096839345829316,0.015811027629195087,0.006645076158973787
518617,2024,"Diekman, Jake",L,627,43,4,1.7640459279287917,1.62912708015068,1.6138193034684658,0.1004538901073393,0.0144110505148664,0.0344649576707724,0.0129775016901334,0.0199128132359921,0.0083069732096498,0.0297698356930018,0.0119086145490971,0.018902545634625206,0.007639607219429246
518876,2024,"Kelly, Merrill",R,1142,13,6,2.502307393989569,2.327933255903609,2.333024805548468,0.1323187526791753,0.0196929040336244,0.0420553854067842,0.0200343085317798,-0.0069220829695583,0.0050210993873459,-0.0142138560429337,0.0022958188401802,-0.005655163552771035,0.0048617659899862714
518876,2025,"Kelly, Merrill",R,2833,32,6,2.4475773661039573,2.2882873783904025,2.290049086756942,0.104761225257224,0.0127133285132246,0.054528762456331,0.010783209053955,-0.0023971756976013,0.0049613384414562,-0.0021097645598922,-0.0026679641762265,-0.0008061698010080436,0.004694658412667233
518876,2026,"Kelly, Merrill",R,2616,29,6,2.440029759434439,2.232090622588835,2.2228169688623933,0.1304663981169583,0.0138826785134793,0.0774727387286452,0.0092516155785227,0.0127148208324802,0.0060430295331712,0.0032706495868466,0.0225428193586849,0.012525008470392875,0.005501136590008389
518886,2024,"Kimbrel, Craig",R,963,57,4,1.18232679175767,1.1018705648540086,1.1004049308010329,0.0195274896005139,0.0072133564856146,0.0609287373031475,0.0154016605162613,0.0019360844897332,0.0101658106632439,-0.0126492440558945,0.0173866443897627,0.004386989448426137,0.009009783870854498
518886,2026,"Kimbrel, Craig",R,776,46,5,1.5792406576852052,1.4675291433018998,1.4695194534538156,0.0841162450819702,0.0183977200467404,0.027595269301335,0.014282946604875,-0.0026628977204942,0.0044665404919927,-0.007868496466136,0.0032316773297177,-0.0012149563259992412,0.004233870835733855
519008,2024,"McFarland, T.J.",L,836,79,4,1.4256081003075416,1.3311369813388945,1.32772742608198,0.0666059858208397,0.0129437523259818,0.0278651331478076,0.0106601742547495,0.0047036108824756,0.0043411282685898,0.0080622437666476,0.0015802962258572,0.005114329435180013,0.004236915590744351
519008,2025,"McFarland, T.J.",L,272,27,4,1.467623270276222,1.3708674966537515,1.3795886561727528,0.0699500574728898,0.0151256432148825,0.0268057161495806,0.0128040719287856,-0.0119805827735777,0.0058341968466635,-0.0138655676651456,-0.0088892075514064,-0.00853225793167934,0.005413268186363788
519043,2024,"Moore, Matt",L,854,51,4,1.5551095726603348,1.3475522448057045,1.353988053741889,0.1425518946135668,0.0373692001210232,0.0650054332410635,0.0132747043213639,-0.0085477151345283,0.0082447972065842,0.0012204014085702,-0.0199988517576879,-0.0052114654045394455,0.007591161172017834
519141,2025,"Pomeranz, Drew",L,800,57,2,0.7865215577176181,0.6895472068434932,0.6832123665896168,0.0135341861836331,0.006185054487941,0.0834401646904918,0.0102236335965629,0.0084747026807711,0.0043745474524988,0.0095727093077053,0.0072768772695701,0.008835800856782865,0.004188454578921418
519141,2026,"Pomeranz, Drew",L,478,31,2,0.8507379757731148,0.7494589367858647,0.7460893972509154,0.0300686145270446,0.0109365756765175,0.0712104244602055,0.0131262783378011,0.004641613538057,0.0022732574698528,0.0080370431393561,0.0010238641414348,0.004839569403731082,0.002240720656791606
519151,2024,"Pressly, Ryan",R,969,59,5,2.0219244688961258,1.9570445061254016,1.9448807539028352,0.0629082790345945,0.0146795023012449,0.0019716837361296,0.0105100208209888,0.0162799390934623,0.0049569490804622,0.0179117596194311,0.0149055559023791,0.016102038253952688,0.00480346144120459
519151,2025,"Pressly, Ryan",R,661,44,5,2.11014775743387,2.020593573027402,2.012643392215676,0.0631802426391691,0.0121572058943736,0.0263739417672988,0.0150961395885828,0.0109709175710875,0.0063824875171146,0.0096092419363195,0.0127450238067707,0.011269090234264114,0.005842579402488297
519242,2024,"Sale, Chris",L,2815,29,4,1.7375398069650008,1.6838907531075538,1.6361825865963673,0.0258415517623437,0.0063755328797538,0.0278075020951033,0.0073582836431052,0.0636184219464662,0.0059071813904639,0.075315262076371,0.0508677081018869,0.059375642104982904,0.005652333787782656
519242,2025,"Sale, Chris",L,2031,21,4,1.4965275912424507,1.4084559601994977,1.3769611951126168,0.0589153872469647,0.0154689041119147,0.0291562437959886,0.0058961400948836,0.0421938442555766,0.0063326819736673,0.0421765470555141,0.0422130687202699,0.03749519257643409,0.005804301854405689
519242,2026,"Sale, Chris",L,2574,27,4,1.6981064182747092,1.457170418838549,1.4445785687130923,0.1804642025413713,0.0206384828710097,0.0604717968947889,0.0114826207933376,0.0168546137404703,0.006092217181822,0.0239957826892914,0.0096011622610074,0.01594349679237318,0.005538165384171146
519293,2024,"Smith, Will",L,673,45,4,1.8161736453376576,1.4755449023633374,1.4589966127536402,0.2015120583211294,0.0251806871837177,0.1391166846531911,0.0219977883593333,0.0227750488902374,0.0086388412546458,0.0216163681154672,0.0241014334613559,0.02122454136028252,0.007895351650721845
519326,2024,"Strickland, Hunter",R,1157,72,6,2.3148807739489716,2.1446873525167702,2.08346937138693,0.1247382745811311,0.0178232052610227,0.04545514685107,0.0137616271657718,0.082073237737225,0.0109681023291383,0.082462498343091,0.0816626604791329,0.06549961347974403,0.009554173175560747
519326,2025,"Strickland, Hunter",R,332,19,5,2.139769471210661,1.8605802510773048,1.8547590159677865,0.2063197888298556,0.0321847637349773,0.0728694313035008,0.0258168523239531,0.0079532924130043,0.0051517199560345,0.0023793671820154,0.0142606288585971,0.008496797627733199,0.004854983512275293
523260,2024,"Kelly, Joe",R,552,35,5,2.23243696510839,2.0166473154753626,1.926274500552447,0.1677778174940296,0.04395566917115,0.0480118321389976,0.0209531738069082,0.1216726678962178,0.0110605103504792,0.123908957690977,0.1192547505039147,0.0952132989713324,0.00961506646148001
527048,2024,"Pérez, Martín",L,2204,26,6,2.117564934595696,2.0486019403606672,2.0485953679797304,0.0283036362401703,0.0058023543874344,0.0406593579948582,0.010295396712458,8.980488273467877e-06,0.0052720230280621,-0.0013469566844907,0.0013300649307708,0.0009225905060306853,0.005088473601241927
527048,2025,"Pérez, Martín",L,902,11,5,2.0435639626066804,1.9983436417722036,2.0000346037593513,0.0278194535938153,0.0120780990381789,0.0174008672406611,0.0127204687241057,-0.0022697138577487,0.0075441030489736,0.0082430143566942,-0.0158680892614139,0.0009378144015848508,0.006693926505144663
527048,2026,"Pérez, Martín",L,2244,30,5,2.011529430266055,1.8489152194525384,1.846504678705736,0.0448348978815486,0.0102531419141173,0.1177793129319678,0.0083228099779217,0.0032823139780495,0.0064380631681627,0.0080131642660662,-0.001553021347003,0.00486426731013403,0.005794125456964074
541640,2024,"Ramírez, Erasmo",R,302,13,5,1.8760219247246868,1.6654113631800156,1.6625179805669987,0.0972626476290977,0.0344537057452347,0.1133479139155735,0.0190305552664631,0.0040267352494524,0.0041671603846239,0.0040189807899488,0.0040353178551166,0.004436306883615222,0.004074721671223194
542585,2024,"Cisnero, José",R,313,15,5,2.0121726780001348,1.7547625308631218,1.7268423993968225,0.1811796075586304,0.0419126064705714,0.0762305395783825,0.0140700911358651,0.0365648583638149,0.0076565973871949,0.0318852393807754,0.043658175559159,0.033452654137688775,0.0071246248249703424
542881,2024,"Anderson, Tyler",L,2914,31,6,1.785525635656099,1.5430212276472577,1.542467968649902,0.1985295722649827,0.0188449131283544,0.043974835743858,0.0096166241892226,0.0007502078726369,0.006106334805102,0.0161304374264042,-0.0151985799300373,0.001881390847388767,0.005826057945390904
542881,2025,"Anderson, Tyler",L,2339,26,6,1.8989895245524129,1.651018568248409,1.645254674868876,0.1980930395639547,0.0141391586342709,0.0498779167400489,0.0107872098344805,0.007739234566434,0.0040658693469612,0.0047179308763622,0.0107605382565058,0.008108259075743042,0.0039151637134759365
542888,2024,"Armstrong, Shawn",R,1109,57,4,1.875392660492089,1.798110842757137,1.7927217094753278,0.0256566531874698,0.0089540856683764,0.051625164547482,0.0136454079640435,0.0073512285480029,0.0066245520177712,0.0120503526800101,0.001227724013376,0.007975829877789446,0.006270926988054084
542888,2025,"Armstrong, Shawn",R,1118,71,4,2.0002192211737944,1.9121362589222144,1.8878049961227303,0.0388487460765583,0.0104917283385396,0.0492342161750219,0.0112032611171003,0.0326167287887559,0.0061345674908425,0.0243589038382549,0.0420179448862493,0.029615077927228933,0.005650612833403446
542888,2026,"Armstrong, Shawn",R,628,41,4,1.9771014162746745,1.913368039345848,1.8982009908837696,0.044667535581357,0.0169638448086459,0.0190658413474695,0.0116807595230958,0.0200947393126267,0.0082606095574032,0.0216097548144932,0.0187600827990776,0.017729674211271418,0.0070159887150637945
543037,2024,"Cole, Gerrit",R,1534,17,6,2.0758207600629848,2.0732002124256574,2.0662188072555168,0.0266130668125905,0.0070560318113659,-0.0239925191752632,0.0117681375396556,0.0093532537388611,0.0050023732750899,0.0156942849659218,0.0025173688951694,0.009601890329527976,0.004844760665942964
543037,2026,"Cole, Gerrit",R,1923,22,6,1.9579997340982191,1.8827425462714216,1.8837808571085768,0.0438052514814078,0.0084959730787454,0.0314519363453897,0.0085387173519398,-0.0014160792481203,0.005292787035342,-0.0020620141963434,-0.0008211854810919,0.00036635365219967256,0.00491725379706566
543056,2024,"Coulombe, Danny",L,466,33,5,2.2418750143596964,2.0671813270464865,2.0526109513928334,0.0137322019054258,0.0102722955274984,0.1609614854077841,0.026900189936642,0.0189130781465248,0.0071466229779435,0.015259160525811,0.0226285786484865,0.018252997903905603,0.006708270337905764
543056,2025,"Coulombe, Danny",L,719,55,6,2.072321253527222,1.9073209921838088,1.9008272221984683,0.0719396516660901,0.0193174250837895,0.0930606096773235,0.0180048397774582,0.0086144291871948,0.0050194980975814,0.0173610549607305,0.0016634683075637,0.009062714486466287,0.004743843806590843
543056,2026,"Coulombe, Danny",L,385,29,5,2.0923654483335294,1.9689071048905085,1.957296562015676,0.0353634964859677,0.0148992784515347,0.0880948469570527,0.0190064176089622,0.0154673322034969,0.0058384658437696,0.0096551382164469,0.0241355180634939,0.014842900838480189,0.0053454768398882415
543101,2025,"DeSclafani, Anthony",R,634,13,6,2.3701227427555187,2.20807490387852,2.2024826960924253,0.0945992931636631,0.0205234741824701,0.0674485457133351,0.0187510768360832,0.0076246445943745,0.0056325824548529,0.0142118865046561,-0.0005143994966945,0.008303461362092679,0.005251062680197772
543135,2024,"Eovaldi, Nathan",R,2622,29,6,2.0686971290458107,2.011015723028903,1.9791203271308848,0.0067631787012401,0.026107924750543,0.0509182273156677,0.0150040863317293,0.0434440145686253,0.0086685795540014,0.054658745973228,0.0316188762252449,0.038460398370376236,0.007918034335728399
543135,2025,"Eovaldi, Nathan",R,1919,22,6,2.2368790652066664,2.098345958832863,2.071875070255511,0.0679732159773908,0.0059307319489133,0.0705598903964123,0.0113830930795566,0.0356724966151251,0.0052316772751953,0.0373963939107043,0.0339726425175316,0.03304392997072128,0.004921730170935977
543135,2026,"Eovaldi, Nathan",R,2220,27,6,2.1878275389948567,2.0358238734160903,2.0193059727750975,0.0856130250881451,0.0140932011028882,0.0663906404906208,0.0113043568658227,0.0228329635261549,0.0084423349051431,0.0222362354698416,0.0234680417146219,0.01960578397294814,0.007126306637320216
543243,2024,"Gray, Sonny",R,2483,28,6,2.503146890629566,1.9765636551990888,1.969443237537308,0.1809588780402694,0.0194321974910669,0.3456243573902078,0.021956489180973,0.009773353816585,0.0069329184632789,0.004727155689202,0.0149955161081401,0.0101777881313261,0.0065305883267711235
543243,2025,"Gray, Sonny",R,2718,32,7,2.613154629963814,2.0994642673315993,2.087335861815595,0.1950843497990577,0.0156421610835941,0.3186060128331576,0.0166426825721068,0.016801736081804,0.0068211016486267,0.0212434167046368,0.0125808149332671,0.016079856678730756,0.006173393375755937
543243,2026,"Gray, Sonny",R,2474,29,6,2.503675218713795,2.0752841234093884,2.0713225837212206,0.1365238147892085,0.01590224307032,0.291867280515198,0.0181222227402106,0.0054814592777001,0.005869615386474,-0.0064418832177,0.0171410110099279,0.006481077191125601,0.005369352318303607
543294,2024,"Hendricks, Kyle",R,2135,29,4,1.829908060009744,1.7177101607290113,1.7150353356375645,0.043157669372155,0.0152142881371686,0.0690402299085778,0.0129708975438836,0.0036513756842955,0.0060915004304058,0.0025478180237757,0.004821815627271,0.004518497991041594,0.00581316970394265
543294,2025,"Hendricks, Kyle",R,2571,31,4,1.7727566484373285,1.684008017055374,1.6714233071032374,0.0003436731109394,0.0021732552023339,0.0884049582710146,0.0079825857033153,0.0172285885446983,0.0075843868739607,0.0272161133948049,0.0060938480023496,0.01628115142390907,0.006722020292538328
543339,2024,"Hudson, Daniel",R,999,65,4,1.427622133569648,1.2514847136070737,1.24347092680237,0.1077475098173115,0.0165106892692319,0.0683899101452623,0.0118800039295087,0.0107315992197043,0.0056826503039779,0.0094830956233989,0.0121067116314097,0.01093841210715474,0.005454687407283753
543351,2024,"Jackson, Jay",R,453,20,4,1.6118838795596573,1.473199737108756,1.4581503222790666,0.1288488999549022,0.0290121232266284,0.0098352424959994,0.0101081884966201,0.0201102799936552,0.0049067663069802,0.0184540008241677,0.0220302978843988,0.01970663778595782,0.004757755234741434
543518,2024,"McGough, Scott",R,577,26,4,1.6302743401409028,1.4739497836986937,1.4680045213437805,0.116036250062633,0.03069795899731,0.0402883063795761,0.0132941049980111,0.0080337620112058,0.0056394085332695,-0.0062663266876848,0.018555371988845,0.008446825162869813,0.005416409407234823
543518,2025,"McGough, Scott",R,297,13,4,1.7751636195830225,1.719553507852565,1.72718397884661,0.0380604310449871,0.0248724491702443,0.0175496806854703,0.0169900954552153,-0.0102083328163574,0.0036691270666009,-0.0109656674188685,-0.0091578364322291,-0.008825715192615817,0.0035572316767361963
543859,2024,"Tonkin, Michael",R,1419,57,4,1.8280036425533837,1.6589252275566595,1.619394610788217,0.0170991368366958,0.0090180783485632,0.1519792781600281,0.0214456456451385,0.0519388381429822,0.0078812881274569,0.0441653743985696,0.0602484028352854,0.046499810924058915,0.007304588097013501
543859,2025,"Tonkin, Michael",R,397,21,4,1.596961048486656,1.523796926308137,1.513469920281737,0.0507547259291345,0.0241143128074366,0.0224093962493841,0.011177716092042,0.0139925644794569,0.0061111962121865,0.0161974840359592,0.0118905411689248,0.013814673270580332,0.005632332119984098
544150,2024,"Suárez, Albert",R,2233,32,5,1.8064986679739077,1.6474180575705428,1.60737257785624,0.1058736941344844,0.0165905544272496,0.0532069162688799,0.0089757157487781,0.0536100456846756,0.0084769691669671,0.0594521014614682,0.0464246294886206,0.04718723581494649,0.007771208247336873
544150,2026,"Suárez, Albert",R,970,28,5,1.72222234274423,1.332898955571065,1.3088724976822848,0.3324310117656252,0.0149737250625108,0.0568923754075399,0.0116962421916344,0.0329641642887088,0.0100355376262502,0.0377115658641312,0.0264484352808303,0.025209431896354773,0.008009002619086644
547001,2024,"Poteet, Cody",R,384,5,5,2.286462625297377,2.1895573333377114,2.1880024853004154,0.1045557979024619,0.0731568055895504,-0.0076505059427962,0.0162059043964919,0.0020731307163946,0.0041895070006168,0.0051628477060141,-0.0018993625559731,0.002573503461886468,0.004095606525952842
547179,2024,"Lorenzen, Michael",R,2092,26,7,2.6342054182115984,2.36942203501017,2.3376216352928005,0.1833353746393636,0.0214393401001769,0.0814480085620649,0.0093481812537579,0.0428098045101267,0.0066531855385328,0.0409727761703974,0.0449878845247425,0.03972608584690835,0.006295199099028975
547179,2025,"Lorenzen, Michael",R,2318,27,7,2.7497630112448466,2.5544057974839736,2.554680880475539,0.1085528589685812,0.0167925847458108,0.0868043547922913,0.013016752725327,-0.0003726723404144,0.0047041815541008,-0.0060831610804434,0.0053311452679088,0.0008805103796111144,0.004475023256316929
547179,2026,"Lorenzen, Michael",R,2399,32,7,2.7153868228647964,2.5310043264912823,2.51992611023862,0.0924591726748491,0.0151542047230429,0.0919233236986645,0.0116607065668739,0.0149306970731106,0.0062978198584002,0.0180463957089251,0.0115901168128253,0.014321258997897053,0.005691260510447192
547184,2024,"Kelly, Michael",R,470,28,5,1.4757092267845555,1.3907024565982264,1.3782941910387363,0.030260457730058,0.0175822168181517,0.054746312456271,0.0174136610546547,0.0170025796296214,0.0059351751302023,0.0267184748857182,0.0052181389319041,0.01669256676514565,0.005676843739772827
547184,2025,"Kelly, Michael",R,658,42,5,1.7263580102240828,1.60915721435085,1.591436528962161,0.0289292801329629,0.009843836629939,0.0882715157402698,0.0166045575321042,0.0236515435816577,0.0065105370661774,0.0340196055952725,0.0129848131149757,0.021835832812618156,0.005940324857751559
547973,2024,"Chapman, Aroldis",L,1128,68,4,1.9293260461031092,1.6767908910186942,1.6123992407752097,0.0554615017607508,0.0170373218676009,0.197073653323664,0.0204027232795449,0.0842619274647923,0.0086469366907366,0.1009921688840382,0.0667369002299052,0.07256500221474392,0.007901530215840419
547973,2025,"Chapman, Aroldis",L,917,67,4,1.8341223779249107,1.594055314520127,1.563016852902426,0.0511016155406133,0.0127752247537416,0.1889654478641704,0.0180841318914708,0.0413095345477969,0.0077448354024156,0.0490221523491862,0.0339683459323101,0.034993850742612326,0.006832965761924337
547973,2026,"Chapman, Aroldis",L,841,53,4,1.8843736594852696,1.6749240450098548,1.6426210490684507,0.0554754441052266,0.0158108399370987,0.1539741703701881,0.0195854486406927,0.0432592668578352,0.011689277622589,0.0243383904031156,0.0592863622077154,0.02945466278823403,0.008777627281798333
548384,2025,"Raley, Brooks",L,388,30,4,1.8982485680420345,1.7269840587846212,1.7171921735469329,0.0413283195061497,0.0147937305944547,0.1299361897512629,0.0166800751350786,0.013146198865824,0.0053754430573647,0.0089371830409242,0.0177517161814753,0.013105789955646091,0.005040858490831597
548384,2026,"Raley, Brooks",L,842,61,4,1.916960130376822,1.70852672592528,1.7043115470613128,0.0722284024413479,0.0135249999104425,0.1362050020101941,0.0198760108130856,0.0057337328004205,0.0058110835479832,0.0101117665070591,0.0010482117765931,0.006676213309660739,0.005324437760692564
548389,2024,"Stripling, Ross",R,1358,22,6,2.5004274842062273,2.3063802928529946,2.2903258276632776,0.0950432050292545,0.0184613090954068,0.0990039863239781,0.0165694985574167,0.0222696258709246,0.0059775213294882,0.02256696837567,0.0220197910972005,0.02150116427443572,0.0057138638854931055
552640,2024,"Kittredge, Andrew",R,1028,74,5,1.4968008533018693,1.395115859815107,1.3963248416362648,0.0194604820795255,0.0305415534239952,0.0822245114072368,0.0164480724891563,-0.0016727231657477,0.0058097410661218,-0.0032659918343388,-4.9147756178147567e-05,-0.00044157226382390835,0.005566790775744462
552640,2025,"Kittredge, Andrew",R,768,54,4,1.4344527233307038,1.2370358230289042,1.2335409688982928,0.0656923101976816,0.0153236059339219,0.1317245901041179,0.0147713138799131,0.0047843992376281,0.0056633961112406,-0.0061447070607296,0.0145689031871714,0.005844952786759286,0.005276002608104829
552640,2026,"Kittredge, Andrew",R,711,55,3,1.4139062857589166,1.209318696295627,1.205469203818793,0.100708367956261,0.0127537302022107,0.1038792215070285,0.0133838715529833,0.0054959621506604,0.0038742533232141,0.0011071836954286,0.0102520024013092,0.0059745054151446675,0.0037194629628405787
554340,2024,"García, Yimi",R,619,39,6,2.342792633856252,1.863905169469364,1.857782758190008,0.3393806137547289,0.0325100415468182,0.1395068506321589,0.0198918226227867,0.0080978046622251,0.0057217481304425,-0.0001208417250696,0.0176041652300176,0.008516951384321816,0.005489238071603629
554340,2025,"García, Yimi",R,359,22,6,2.127121812669805,1.8962334290809255,1.8715306922112676,0.1407291158360102,0.0425354912460237,0.0901592677528686,0.0196638767077256,0.0328454908748421,0.0056950974067679,0.0341826607770983,0.0315664587944231,0.03017266101143209,0.005301604899053488
554430,2024,"Wheeler, Zack",R,3134,32,6,2.298839141348499,2.0190824586889495,2.0246186769974317,0.2245471602957365,0.0197205123304321,0.0552095223638133,0.0076249133910559,-0.0073989373896726,0.0046041487210064,0.0027921308407254,-0.0174948428437258,-0.006297699553592641,0.004480374790750327
554430,2025,"Wheeler, Zack",R,2394,24,6,2.3192174607430625,1.9561093142054944,1.9620371535242151,0.2941485267033045,0.0190404594906912,0.0689596198342636,0.0100775573062165,-0.0078578335155131,0.0036248316312023,-0.003270097134139,-0.0124761548060964,-0.006644438168113165,0.0035168226912667567
554430,2026,"Wheeler, Zack",R,2649,28,6,2.414620037819313,2.0571156310961993,2.06366517476559,0.2805219254746909,0.0170192623346607,0.0769824812484227,0.0103109399852291,-0.0086575554791501,0.004663922511365,-0.0045500929982514,-0.0131423214029706,-0.006435951781355663,0.0044008471240665255
570632,2024,"Ureña, José",R,1759,33,4,1.733797011879963,1.6126921803841934,1.6046429380892713,0.0890583088075685,0.0124734731843591,0.0320465226882013,0.008078806576399,0.0109164357723729,0.0030147866584348,0.006789714210074,0.0154927351308897,0.01097379482349211,0.002979223057721566
570632,2025,"Ureña, José",R,934,19,5,2.053864137522524,1.9402517623417896,1.9332339429220051,0.0703530958998245,0.015860732821561,0.0432592792809098,0.015772560911556,0.0094994830986646,0.0054232392863498,0.0082026399531631,0.0112882322648735,0.00990517295341205,0.005080210267622761
571510,2024,"Boyd, Matthew",L,669,8,5,2.123468171805086,1.985406955450518,1.9687177368337785,0.098065678222119,0.0339194673282897,0.039995538132449,0.0181581339541481,0.0221969925538745,0.0066827923511115,0.034447447124372,0.0117095185304228,0.021264432711587913,0.006320261765171671
571510,2025,"Boyd, Matthew",L,2746,31,5,1.9248075900289845,1.6991501041742332,1.6697456965640491,0.1388038503883803,0.0115132904595679,0.0868536354663706,0.0074468686750433,0.0398541477283153,0.0058883077380227,0.0405863583762219,0.0390818362944179,0.036032504538086096,0.005456407983374915
571510,2026,"Boyd, Matthew",L,1957,22,5,1.9050817591724265,1.702891493895357,1.6903009360387604,0.1261173558205859,0.015813350188891,0.0760729094564835,0.0080164207489017,0.0171705377877073,0.0055280965716161,0.0183884575606054,0.0160106141944711,0.016350019025244897,0.005104216123403117
571578,2024,"Corbin, Patrick",L,2888,32,7,2.0374778776850246,1.9509526629331495,1.9278435186471845,0.0583487582201059,0.0093922571942223,0.0281764565317693,0.0067417077456959,0.0314956152420329,0.0072195463822557,0.0341169726022574,0.0289642302587363,0.02930044702753123,0.00676847134399536
571578,2025,"Corbin, Patrick",L,2588,31,6,2.056570647058859,1.966425931894802,1.9379100059422412,0.0470070201554654,0.010189723565112,0.0431376950085915,0.0082272711139397,0.0383970948830529,0.0070318217551332,0.0348452260174207,0.0419195182036851,0.033533510253815374,0.006328294760977926
571578,2026,"Corbin, Patrick",L,1412,19,6,2.3386804330215547,2.158312269986587,2.1626041070969553,0.101613958884491,0.0172316728361228,0.0787542041504763,0.0121182438261725,-0.0057770009531361,0.0039846379899633,-0.0108878415198419,-0.0001652980108932,-0.0043434706379249025,0.0038168096421214433
571656,2024,"Farmer, Buck",R,1168,61,4,1.96989341704451,1.671247245565786,1.6533734477291344,0.1511892364323309,0.0219716483536756,0.1474569350463934,0.0146344270307049,0.0238862653011541,0.0091585380914024,0.0396996855677191,0.0029418948417144,0.021976850240628516,0.008286169187663452
571670,2024,"Floro, Dylan",R,1018,66,4,1.7442116404411416,1.550926692738546,1.5411688038435063,0.1378577735070316,0.0178049707876147,0.0554271741955643,0.0117550710769245,0.0134418550678622,0.0065483243249849,0.0293294791453228,-0.0007755316065833,0.013433735063489475,0.006206150819704
571760,2024,"Heaney, Andrew",L,2731,32,7,1.7183603987379563,1.6564410982609237,1.6532890147678934,0.0340798106640553,0.007725157147281,0.0278394898129769,0.0085055555020323,0.0042239156130846,0.0052142614076262,-0.0023119150141617,0.0103738210032935,0.004836430506198081,0.005036479157895662
571760,2025,"Heaney, Andrew",L,2082,27,5,2.1062470769907047,1.9993316556057823,1.9935222809837925,0.0659854578148907,0.0100682520170419,0.0409299635700313,0.0089299934871046,0.0078336256236938,0.0066624363674069,0.0112296579430729,0.0044022179676544,0.008699847706596216,0.006055029134053275
571882,2024,"Law, Derek",R,1368,75,6,2.1727497350429688,1.9643509245413016,1.9202222540857072,0.0789696663048095,0.0101254614000356,0.1294291441968572,0.0124620603400781,0.0601874588068327,0.010719156643803,0.0669599811420831,0.0533197403745005,0.0492816782783288,0.009388273083029742
571927,2024,"Matz, Steven",L,754,12,5,1.5237919812752443,1.4702518586381572,1.4731964647454123,0.0288231078274114,0.0101452217931768,0.0247170148096759,0.0149593510949636,-0.0039296159378241,0.0052428134710076,-0.0010644225519218,-0.0068459734913318,-0.002758717834747168,0.005062195001002477
571927,2025,"Matz, Steven",L,1159,53,4,1.4794351038462068,1.3688334154446204,1.358169895854419,0.0594545886077987,0.0133314291652917,0.0511470997937875,0.0106779916006567,0.0145400225941686,0.0054184389311125,0.0150801195682796,0.0139844574489614,0.014328562215907167,0.005076263761655082
571927,2026,"Matz, Steven",L,1345,36,5,1.7224958851713283,1.5908411616665,1.57455252216913,0.0258412153853307,0.0065798388275941,0.1058135081194976,0.0142583761267327,0.0218426920478192,0.0070950246905378,0.0117612836879027,0.0328272265733116,0.019572775284105885,0.006259082748694192
571945,2024,"Mikolas, Miles",R,2703,32,6,2.3637305359761225,2.2248848350019146,2.217613825792468,0.0761822086636785,0.0098343943344693,0.0626634923105298,0.0113201318090495,0.0099160130641431,0.0045596149761673,0.0139981569358533,0.0057924681389672,0.010095468570827184,0.004439305468950605
571945,2025,"Mikolas, Miles",R,2480,31,6,2.388053892434113,2.185511106756938,2.143344205205247,0.0984743128698412,0.0110701661233918,0.1040684728073332,0.0111605361565751,0.0577437414954137,0.0082928398381605,0.0437741082414769,0.0727203391601033,0.0466860155143891,0.007200477660333246
571945,2026,"Mikolas, Miles",R,1826,25,6,2.414228289957737,2.2779146759382187,2.255915818531844,0.0824388842325398,0.0150800303446712,0.0538747297869782,0.0112833578473538,0.0302940525068185,0.0082036652349849,0.0257355261201603,0.0354691911583386,0.025138881714134212,0.006980999726652298
571946,2024,"Miller, Shelby",R,850,51,3,1.368157606958336,1.3085325366267773,1.3020249120697145,0.0358288623663218,0.0139079994507185,0.0237962079652371,0.0113127415361054,0.0088503693976054,0.0063010520160867,0.0130540267396078,0.004945119829881,0.00927876247944652,0.005994445085418932
571946,2025,"Miller, Shelby",R,705,48,5,1.3293159997950734,1.2046520725667942,1.2035416420878644,0.0878882856359233,0.0151342291090043,0.0367756415923554,0.0124414790451767,0.0015025978649627,0.0062679389636252,0.0136837924003759,-0.0091449930418911,0.0032799717169883693,0.005754328004258358
571948,2024,"Milner, Hoby",L,1043,61,4,1.9294114973090573,1.7752681520365157,1.756631386740822,0.0904896579033774,0.0121711244002469,0.0636536873691643,0.0125320105220985,0.0250491574786187,0.0066443987727733,0.0320932835044246,0.0174776637289557,0.023828197947001743,0.006287754203274563
571948,2025,"Milner, Hoby",L,1157,73,4,1.9018279660233848,1.7051900580545083,1.6707177467199892,0.1211927398691766,0.0169760453945445,0.0754451680996996,0.0119925577860679,0.0460028422307252,0.0070158134748987,0.0410368180450843,0.0524877301965487,0.039716754305985015,0.006316619058426016
571948,2026,"Milner, Hoby",L,674,44,4,1.9174866987212016,1.74887184592646,1.7373331367236045,0.104733122433318,0.0170581537313727,0.0638817303614233,0.0150039037333716,0.0156166465918167,0.0056916341828198,0.0096523805772334,0.0199655905607837,0.014995284826544686,0.005232101066761719
572020,2024,"Paxton, James",L,1708,21,5,1.66330176378979,1.5336374896807003,1.5269780721097868,0.0783736316485128,0.0183528221814863,0.0512906424605769,0.0104417448342128,0.008949083565004,0.0092368050150444,-0.0033698577266328,0.0214044688266431,0.009760951259865296,0.008343998723863625
572143,2024,"Smith, Burch",R,896,50,6,1.847874185687278,1.8353051451585127,1.8269280569422024,-0.0186001722211031,0.0252382108939517,0.0311692127498684,0.0139771704755028,0.0114593451020059,0.0054124188608541,0.009745270667733,0.0134023350144717,0.011596049686981885,0.005214363080260281
572143,2026,"Smith, Burch",R,287,13,5,1.8894365692088833,1.7834859208464822,1.780618021767941,0.0677273424643281,0.0126275888424445,0.0382233058980728,0.0174612829383795,0.0038462011006605,0.0048082856674245,0.0068846993378505,-0.0003401742483569,0.004744297961742026,0.004521513098538132
572955,2024,"Johnson, Pierce",R,916,58,3,1.0379497029187017,1.0172037210748073,1.0003009147012214,0.0130131040496977,0.0070253156878788,0.0077328777941966,0.0070054046771588,0.0227356397036775,0.0070191608340448,0.0285354267271095,0.0164937957424839,0.02165587741015451,0.006602518893256229
572955,2025,"Johnson, Pierce",R,968,65,3,1.0456773156318944,1.047294012620963,1.0369651796043815,0.0032261028491634,0.0029800451171094,-0.0048427998382321,0.0056622113553871,0.0137339428022675,0.0052892229458593,0.0175236363026534,0.0100469510227592,0.013625771402898888,0.004969551019543523
572955,2026,"Johnson, Pierce",R,840,56,3,0.9918661362750768,0.985378708378681,0.983411135209554,0.0020223986295225,0.0030148585511087,0.0044650292668729,0.007815069591023,0.0026276016885001,0.002354882143947,0.0051773279836905,0.0002120715141091,0.0029008851052066253,0.0023187695276134686
572971,2024,"Keuchel, Dallas",L,308,4,4,1.4978043077047298,1.417422018280406,1.41311131374736,0.052207247834577,0.0213368702359667,0.0281750415897465,0.0138568850847327,0.0057978034767607,0.0060929197699598,0.0045017031895465,0.0073017689043773,0.006473545950617799,0.005814403203272382
573009,2024,"Mantiply, Joe",L,867,75,4,1.7526978727860762,1.321532940268427,1.3287001962907683,0.3210060429699838,0.0237918764147053,0.1101588895476656,0.0149047465853787,-0.0098478779261012,0.0067012405156071,-0.0110272383249861,-0.0086343881266055,-0.007385870206594199,0.006335860684567855
573009,2026,"Mantiply, Joe",L,399,25,3,1.5256655114070397,1.208783610749,1.195902826667314,0.1951261295305401,0.0409016560701816,0.1217557711274996,0.0180586642146394,0.0179074315281977,0.0059633448835053,0.0223051809315596,0.0129558914592274,0.01685164445656433,0.005440820127346431
573124,2024,"Rogers, Taylor",L,1082,64,2,1.0014306063498928,0.9984113670265404,0.9981560464180876,0.0010358260851686,0.001666432305125,0.0019834132381837,0.0040749686536528,0.0003316409343887,0.0013768849759937,-0.0003549228824128,0.0010100118655483,0.00039659224074951177,0.0013734490882760437
573124,2025,"Rogers, Taylor",L,894,57,2,1.0033836982895317,0.9901286952522682,0.9837463592501806,0.0048594251517064,0.0034387620216651,0.008395577885557,0.004429245769817,0.0084655910769531,0.0036792003556243,0.0077466933563569,0.0093301478128334,0.008727947386058487,0.003566408914595008
573124,2026,"Rogers, Taylor",L,1076,65,4,1.4850785067199863,1.4435504182710588,1.4430970801318577,0.0143195691359157,0.0125193133331214,0.0272085193130119,0.0111342139805644,0.0006067062658962,0.0066158494216928,-0.0011728003383116,0.0027256282986996,0.0027909292076254665,0.005922702293869073
573186,2024,"Stroman, Marcus",R,2657,30,7,2.4461751946570565,2.2471200333126355,2.2505385017952695,0.10462261443749,0.0186244746031335,0.0944325469069307,0.0117982575528882,-0.004580368511527,0.0043136993050979,-0.0095943006413493,0.000378244407234,-0.0037394784954730906,0.004211403510788939
573186,2025,"Stroman, Marcus",R,704,9,7,2.458969438700536,2.2406394395233575,2.2381992202097583,0.1158933629147578,0.0274722135340781,0.1024366362624211,0.0186325801863443,0.0032474752301957,0.0048074551108336,0.0083168944883986,-0.002540282789291,0.004192910485052867,0.004563648220824081
573204,2024,"Thielbar, Caleb",L,887,59,4,1.6181432943414962,1.2784505859750517,1.2832685998605171,0.3120918910412277,0.0249311844018739,0.027600817325217,0.0124096057573343,-0.0063500420749003,0.0071958283524321,-0.0104596502539984,-0.0025799741727078,-0.003977547992702689,0.0067489153655591085
573204,2025,"Thielbar, Caleb",L,839,67,4,1.8717258281439844,1.61017021571351,1.6044696718098237,0.2157023658058019,0.0183102839176519,0.0458532466246722,0.0129093724922111,0.0077390879210238,0.0060991460068954,0.006755250193413,0.0087357443812418,0.008500268582750605,0.005622894252494098
573204,2026,"Thielbar, Caleb",L,848,58,4,1.9149008823081783,1.684752992720477,1.6817915693600958,0.2021351089435211,0.0195243395610729,0.0280127806441804,0.0097679057851743,0.0039361865354281,0.0052318012922318,0.0050793975362149,0.0027341608207745,0.004965229245210352,0.004868234415111836
579328,2024,"Kikuchi, Yusei",L,2923,32,4,1.8107722698220072,1.680399611776806,1.6779695901806757,0.044956141408963,0.0059129302428438,0.085416516636238,0.009396749070071,0.0032537577304117,0.0032760755138077,0.0024427221926278,0.0040478813757487,0.0035325271923938827,0.003230585500596252
579328,2025,"Kikuchi, Yusei",L,3094,33,6,1.9498213190963467,1.777453379432105,1.755648431849871,0.0363041242764097,0.0123077552478875,0.136063815387832,0.0154200403798051,0.0290294784076728,0.009065168287982,0.0258712675268225,0.032531596099505,0.024478496470201908,0.007688803903504665
579328,2026,"Kikuchi, Yusei",L,1202,14,5,2.086833819533287,1.9758258785227876,1.945581093160828,0.0183661298281274,0.0076463969317316,0.0926418111823717,0.0102260373741862,0.0404835545713527,0.0126523899384764,0.0387294604754057,0.0420808998331937,0.026755931075052936,0.0091641546950591
592094,2024,"Adam, Jason",R,1109,74,6,2.056612358238136,1.9661188541497965,1.972300065270438,0.0767346480984386,0.0237435615951541,0.0137588559899008,0.0136257534720147,-0.0082889517929763,0.005130485102897,-0.0183688015413784,0.0001557223295738,-0.006880971306381902,0.004960861642002372
592094,2025,"Adam, Jason",R,1087,65,5,1.8775750040043264,1.7707421662535252,1.7706808476844718,0.0549749991619197,0.0127417610780222,0.0518578385888815,0.0132980309574547,8.1483232959822e-05,0.0049582447993698,0.0035408947505568,-0.0034984053026629,0.0014116998906092589,0.004692037044694957
592094,2026,"Adam, Jason",R,583,38,4,1.8168947918496745,1.7654878562781708,1.7651018962941565,0.0214581332277196,0.0116691753581101,0.029948802343784,0.0141141265951421,0.0005102373484815,0.0044595319003623,-0.0009894491793788,0.0017547904836354,0.001633027690452626,0.0042279000233286556
592155,2024,"Booser, Cam",L,695,43,3,1.5597365288486271,1.3150804583393028,1.2945045545274592,0.0652877821178374,0.0217872242353797,0.1793682883914867,0.0255793756731182,0.0278757371330044,0.0107159879652856,0.0420955420110206,0.0119519060505978,0.024496991772515325,0.009386143971963768
592155,2025,"Booser, Cam",L,571,39,4,1.658875062381575,1.5299265920581375,1.5326346389496504,0.1292682394689104,0.0228954185612969,-0.0003197691454733,0.0151689892558702,-0.0036212992390019,0.0053620864693767,-0.0059338167144058,-0.0017848883026518,-0.0016480005820756465,0.005029839003943506
592155,2026,"Booser, Cam",L,573,42,4,1.4791917969423487,1.297154210963858,1.297580082182327,0.1247802780756615,0.0234064524081028,0.0572573079028292,0.0137015008834284,-0.0005810100194826,0.0044284579649833,-0.0022456698673093,0.0007168603703483,0.0006367820986579592,0.0042013929923025535
592288,2024,"Emanuel, Kent",L,302,12,4,1.4029386073762196,1.2457570370612672,1.2391290989435155,0.1238221176093935,0.0296574818211904,0.0333594527055588,0.0143515922049832,0.0090983514161861,0.0029472674609197,0.0064470476682929,0.0108658872481149,0.009194021485593597,0.002914014233707799
592332,2024,"Gausman, Kevin",R,2868,31,4,1.575261366610285,1.4107569061310263,1.401580455169763,0.0808659963989207,0.0118191937552254,0.0836384640803377,0.0130575051376195,0.0123617009661359,0.0049010336341512,0.0200645106097136,0.0030704362768878,0.012421406527756567,0.004752528591822815
592332,2025,"Gausman, Kevin",R,3030,32,4,1.3312792439650305,1.2658243464183347,1.247479096544403,0.020625590547828,0.0065327198661867,0.0448293069988676,0.0053672535413686,0.024639231878552,0.0042767331909967,0.0247585202317644,0.0245162929366723,0.023694380759095114,0.004102361123720295
592332,2026,"Gausman, Kevin",R,3003,32,5,1.4574703488621548,1.3778980471484226,1.3743500943386482,0.0484426643664573,0.0088616866996755,0.0311296373472747,0.0058055755770985,0.0047353343501121,0.0045916928097253,0.0074643500481877,0.0020591693081612,0.005467974806854492,0.0043400094317685226
592351,2024,"Gray, Jon",R,1620,23,4,1.5222203754633703,1.441558488857826,1.4202891574819536,0.0665883896366919,0.0114736073108633,0.0140734969688526,0.0065410196617977,0.0291508602613472,0.0069436796076042,0.0243904125191405,0.0336147555212525,0.027366623466122897,0.006539580260709555
592426,2024,"Jackson, Luke",R,917,52,4,1.5076775548133865,1.5052178419228894,1.5006798231808447,0.0093746462277176,0.00868992239269,-0.0069149333372205,0.0078405926852254,0.0061106654720336,0.0061610999650807,0.0080039432914901,0.0042229397869451,0.006771708701937779,0.0058735653952136455
592426,2025,"Jackson, Luke",R,782,52,6,1.5824398029428273,1.5557033623728715,1.551737912244196,0.0082646929813237,0.0206284364284102,0.0184717475886321,0.0188141256454933,0.005478766785555,0.0061161977287135,0.0032958828283044,0.0071091924573286,0.006584392372720149,0.00563624690122786
592454,2024,"Kahnle, Tommy",R,750,50,4,1.1495091860412312,1.1168799623037704,1.1172297835542258,0.0370883346422377,0.0134554188232931,-0.0044591109047767,0.0090880000149131,-0.0004586817095134,0.0040534720946456,0.0010547156990964,-0.0021514447369214,0.00011640354427453099,0.003968243049013918
592454,2025,"Kahnle, Tommy",R,1035,66,3,0.6249837534690372,0.6114629914488847,0.6078066142385137,-0.0008632160563196,0.0050552987629611,0.0143839780764722,0.0079110496003636,0.0049275395999141,0.0036620641548957,0.0055111775006354,0.004223149030078,0.005399340782491781,0.0035507943248180756
592662,2024,"Ray, Robbie",L,568,7,3,1.43795689910347,1.413704650433779,1.406637523287492,0.0094967687272761,0.0108804008141821,0.0147554799424145,0.0080149619511737,0.0091646762992944,0.0032497388801811,0.0054941995716148,0.0126393942681644,0.009278629721332983,0.003205322418181009
592662,2025,"Ray, Robbie",L,3069,32,6,1.7780944054154249,1.714185379681057,1.6843266288629553,0.0554525235841196,0.013553584773419,0.0084565021502476,0.0076077800319007,0.0396180312411397,0.0086118349214955,0.0421500716647745,0.0370261788389938,0.032638365148823095,0.007406335179932642
592662,2026,"Ray, Robbie",L,2854,31,5,2.2523625757457646,2.0625766378569623,2.0317620783037973,0.1337647098789131,0.0196051260735119,0.0560212280098894,0.0111453163600606,0.0409426224230598,0.0115440043088911,0.0476455982698326,0.0335437450681988,0.028328520233242015,0.008715613527547524
592767,2024,"Smyly, Drew",L,1016,50,4,1.2142844073438763,1.1640834891554994,1.1282015903302018,0.0017772439793657,0.0087247199267828,0.0484236742090111,0.0129137999882749,0.0478425317670634,0.0089361863108195,0.03789187873705,0.0580578298244708,0.041834492439351056,0.008120408629259246
592773,2024,"Stanek, Ryne",R,977,63,4,1.505383629232788,1.3753463022314474,1.3559240033215016,0.0233795061990395,0.0090173132543267,0.1066578208023012,0.0142768157016049,0.0257121761992099,0.0066697903265296,0.0275159201538768,0.023506392929346,0.024413109764564324,0.006309259654699202
592773,2025,"Stanek, Ryne",R,1063,65,4,1.6326840188716618,1.4851209707130992,1.4620120691877987,0.0391154320652815,0.0128228298844314,0.108447616093281,0.0152955966207841,0.0304019335660823,0.0071900898286705,0.0198585338772591,0.04063674594694,0.026935912669435187,0.006442912778323398
592773,2026,"Stanek, Ryne",R,1079,70,5,1.7480344449220144,1.5686720831041732,1.5695965460215835,0.0918136106344324,0.0177404931227538,0.0875487511834091,0.0147696924987441,-0.0012284427190715,0.0055575565663955,-0.0098091363628089,0.0063944060528068,0.0006816556450958012,0.005127378357585381
592779,2024,"Stewart, Brock",R,268,16,5,1.9200017052782583,1.7791736666021694,1.7746742579491828,0.0892750800495778,0.02688902041892,0.0515529586265108,0.0157714714458954,0.006029207595002,0.0053759346062975,0.0110961095644889,0.0021281414769015,0.006549472806631105,0.005181715574025712
592779,2025,"Stewart, Brock",R,610,43,5,1.9133841977782096,1.6123913057982284,1.5991395888717748,0.2475193368594724,0.0269148976316806,0.0534735551205086,0.0166158435885247,0.0179236082597265,0.0069446698332123,0.0191830322375728,0.0166012130829879,0.016971273620348285,0.006264546958901405
592779,2026,"Stewart, Brock",R,382,28,5,2.173426745943685,1.6309993457322929,1.6195699341748004,0.4823853394248357,0.0283453179756997,0.0600420607865567,0.0165185209590159,0.0156488717382149,0.0075456301461357,0.0100088251113724,0.0220208328128157,0.014663655925155866,0.006561927530169138
592791,2024,"Taillon, Jameson",R,2483,28,6,2.395831369983143,1.9666514829675643,1.9554491287415672,0.2857306210588754,0.0236182596300243,0.1434492659567028,0.0141242852793307,0.0153846490836012,0.0077763396270408,0.0279628573901469,0.0033242868395136,0.01510598606510687,0.007220798222311794
592791,2025,"Taillon, Jameson",R,1979,23,6,2.3786672177912833,1.9027613187162005,1.8850873023564592,0.3734904777820685,0.0231877054559236,0.1024154212930141,0.0144622715852652,0.0239731860013215,0.0088434456627878,0.0280262511628027,0.0198359158849618,0.02095140982422216,0.007552118808985526
592791,2026,"Taillon, Jameson",R,1443,18,7,2.579969432076869,2.143116819029235,2.1408769989991514,0.3474471225674549,0.0298504196514818,0.0894054904801793,0.0195727089603509,0.0030121717645957,0.0102168086344197,0.0012837999762781,0.0046680024012138,0.006204321707844899,0.008100239273839654
592836,2024,"Walker, Taijuan",R,1435,19,7,2.601530069896498,2.478974494795208,2.473688649917624,0.089880307499733,0.029178388852355,0.0326752676015574,0.0225760403489804,0.0072102541818754,0.0060214726456948,0.012979938086112,0.0011711686945617,0.007748124731875122,0.0057522155443748245
592836,2025,"Walker, Taijuan",R,2061,34,6,2.4119411852558104,2.190340693499699,2.19120831196376,0.134384236341999,0.0159022034804489,0.0872162554141126,0.0110429999977515,-0.001176422141072,0.0045946859497668,0.0016905645218646,-0.0038117331140745,9.755735941815481e-05,0.004380451084012727
592836,2026,"Walker, Taijuan",R,424,5,6,2.5594459616404643,2.3580378024536923,2.3597446716496164,0.1469038223404055,0.0219319085400584,0.0545043368463664,0.0056745103090352,-0.0023497160359479,0.0033934983720635,-0.0059876542282289,0.002631460873483,-0.001495618092040284,0.0032880229237754336
592866,2024,"Williams, Trevor",R,1064,13,5,2.2162324208418416,2.12602135221412,2.106700156741633,0.0355984487034235,0.0169627249573837,0.0546126199242983,0.00796173473705,0.0256011855326602,0.006861888477615,0.0292213893025049,0.0208918087088508,0.02424689285105638,0.006471117941301601
592866,2025,"Williams, Trevor",R,1448,17,5,2.0422329716477443,1.9206476219883537,1.8991957822536123,0.0509400447502069,0.0091472661462568,0.0706453049091838,0.0144663322126297,0.0288951292427024,0.0090503059626929,0.0320926509735661,0.0253791043706784,0.02439249408050001,0.007679729143130813
592866,2026,"Williams, Trevor",R,514,15,5,2.0972650899611263,1.999673746731102,1.9941695644473147,0.0640033036760873,0.0261841059303356,0.0335880395539366,0.0117852227039357,0.0071805829793566,0.00629274732297,0.0173747783376286,-0.0041039006525273,0.007991053601047328,0.0056875161644457115
593334,2024,"Germán, Domingo",R,373,7,4,1.7528224273816355,1.6372334951721386,1.642895775758301,0.0881352401480553,0.0121427798097083,0.0274536920614413,0.0111060182705337,-0.0077363760389689,0.0021536105871446,-0.006623826596375,-0.0093356658626975,-0.0074809303358296456,0.0021405336569350723
593423,2024,"Montas, Frankie",R,2633,30,6,2.3448778168481827,2.170243776300168,2.159365850846308,0.0750105238312221,0.0128716063865403,0.0996235167167932,0.0109919003519633,0.0145314955454151,0.0056848305245018,0.0108310121438817,0.0180667787950943,0.014439488243987834,0.00545661554291054
593423,2025,"Montas, Frankie",R,708,9,6,2.545918072992513,2.4097406752991293,2.416585167046674,0.0496690090416501,0.0247612604463654,0.086508388651733,0.0331367830808387,-0.0091432078438889,0.0050775340303398,-0.0090544056702642,-0.0092449528444385,-0.006749499480723113,0.004792742864764996
593576,2024,"Neris, Héctor",R,1008,62,4,1.4983039432856993,1.4332161593380106,1.410050774082704,0.0480344825471292,0.0152812371702824,0.0170533014005593,0.0106454209588266,0.0312175245151728,0.007614164110104,0.0372169484283187,0.0247514787421154,0.02884551726965321,0.007090397825386343
593576,2025,"Neris, Héctor",R,548,35,5,1.7525237933490985,1.6731538916099251,1.6578925043308863,0.0803954901776434,0.0178011342435246,-0.0010255884384699,0.0105861098186712,0.0197712534962485,0.0065304801474508,0.0159844131756074,0.0228888677257418,0.018599523810934188,0.005955461793914645
593958,2024,"Rodriguez, Eduardo",L,866,10,5,2.0588076233108907,1.8272894628942384,1.824146928765562,0.1907615034274872,0.0416352104098456,0.0407566569891651,0.0111975554023173,0.0042389946346315,0.0089357647528296,0.0101033050052129,-0.0022811925537121,0.005828519309631719,0.008120092299764703
593958,2025,"Rodriguez, Eduardo",L,2588,29,6,2.1068372473203225,1.9210550681495453,1.904241395784444,0.1518393627056481,0.020320699491596,0.0339428164651292,0.0085627151254002,0.0229745428093352,0.0080292435213896,0.0364749187556889,0.0086515106573278,0.02059319026632403,0.007025898971567498
593958,2026,"Rodriguez, Eduardo",L,3066,32,5,2.092013768477196,1.942202244718559,1.931213682414619,0.0886938778822814,0.0134350824114285,0.0611176458763552,0.010429188194968,0.0147961932472021,0.0061990122318109,0.0114655657918019,0.0180890057183926,0.014226369129162022,0.005618026268214987
593974,2024,"Peralta, Wandy",L,613,46,4,1.688093464623158,1.6167020787756037,1.618656440344255,0.060411761622902,0.0189323891241048,0.0109796242246524,0.0154963659694857,-0.0026622747590738,0.0058713679704735,0.0008830859737271,-0.0060837800950957,-0.0013244434946930918,0.005620934399653057
593974,2025,"Peralta, Wandy",L,1138,71,4,1.6475549356977304,1.4089038790278203,1.4030143739012182,0.1646508845318889,0.0208713280074304,0.0740001721380214,0.0131780998994111,0.0081043008876336,0.005380726727816,0.0139049072677473,0.0005051824734623,0.008672987602566937,0.005045214905340009
593974,2026,"Peralta, Wandy",L,1224,65,4,1.7884742764869133,1.5615418326540056,1.5485567183030036,0.0837968697866051,0.0153015740820731,0.1431355740463027,0.0148164642516065,0.0176205986315149,0.0072558111969835,0.0141286765226967,0.0207180358159059,0.016239878259387573,0.006368638873412708
594027,2026,"Guerrero, Tyron",R,607,40,3,0.7149345200309994,0.5803481665712905,0.5800951404772932,0.087698069120031,0.012209285141931,0.0468882843396779,0.0091492686198982,0.0003474815363266,0.0035849484749362,0.0037068200240878,-0.003297083804169,0.001111036977794546,0.003461256937414485
594580,2024,"Moll, Sam",L,624,48,4,1.8664738213888048,1.6151930532797714,1.601271732584206,0.1145887654946884,0.0165215226897196,0.1366920026143446,0.0142596746632353,0.0183268019283394,0.0067553085050684,0.0227469476877887,0.0147501954359606,0.017792551357841736,0.00638149934221245
594580,2025,"Moll, Sam",L,332,23,4,1.8580752627237316,1.560221903200204,1.5467575677737284,0.1938824534862342,0.0319833518996607,0.1039709060372932,0.0205048273972596,0.0178806374463598,0.0054757128281826,0.026623265517596,0.0079424363055528,0.017249042871312993,0.005123266432585849
594580,2026,"Moll, Sam",L,1073,65,4,1.8518041511608423,1.416883694817101,1.3952643711189665,0.1869045107723005,0.0144432322043957,0.2480159455714407,0.0236488306512907,0.0283935548691534,0.0059031379881893,0.0274307796119895,0.0293874646495589,0.025627833338510396,0.005394977484173078
594798,2025,"deGrom, Jacob",R,2614,30,4,1.6235195042380997,1.4978847028494768,1.4872825067895905,0.0745163169254453,0.0123209420866121,0.0511184844631774,0.0094300758699854,0.0142635823471655,0.005256084382866,0.0099622961549419,0.0186498211772812,0.014095204724417222,0.004942034894078239
594798,2026,"deGrom, Jacob",R,2735,31,5,1.877133415514653,1.6985079132244825,1.6879639651701726,0.0923459823132727,0.0134947738332249,0.0862795199768979,0.0116010044964738,0.0139582274581495,0.005745193145168,0.0103069890316363,0.0179266441722185,0.013588045756396116,0.005273615391046884
594835,2024,"Gonzales, Marco",L,546,7,5,2.2229151417727233,2.2062271209331463,2.2090380265926557,0.0062981599698048,0.0110374842792709,0.0103898608697714,0.0082992473944983,-0.0038854544052956,0.0069852455659247,-0.0061553028867164,2.8077459223056817e-05,-0.0019156386331774175,0.006574268089002604
594902,2024,"Lively, Ben",R,2406,29,7,2.3264175283478017,2.185139572036886,2.1811680809431375,0.1023018340023857,0.0161566946792415,0.0389761223085306,0.0109930081088937,0.0053924421961386,0.0067156637976037,0.018131695041213,-0.009431132848252,0.006241080014440227,0.0063480468348555575
594902,2025,"Lively, Ben",R,719,9,7,2.6075275493001175,2.406705625735948,2.4012903793474507,0.1630802800470365,0.0244934783445947,0.0377416435171327,0.0203298989313157,0.0072103002839442,0.0049653725059318,0.005934431431273,0.0086048546112824,0.007797082831581959,0.0046980758679832785
595014,2024,"Treinen, Blake",R,737,50,4,1.848267085984766,1.5008160226696312,1.500862911153986,0.2591255655494894,0.0300843612196784,0.0883254977656452,0.0136477544894424,-6.271653896429019e-05,0.0057762252138156,-0.0097252684652949,0.0092215860237021,0.0010249737172933326,0.005537285348034982
595014,2025,"Treinen, Blake",R,511,32,4,1.761783946247946,1.5420663503542342,1.530603689002407,0.1206441723795889,0.0222221486504398,0.0990734235141228,0.0191906980415628,0.0152140777942432,0.0054406815679226,0.0209951080050367,0.0092189353534202,0.01491805211084142,0.0050945392454078
595014,2026,"Treinen, Blake",R,494,36,5,1.8315551271248531,1.7152694755823052,1.7054201175700596,0.0916216703896494,0.0304944401058575,0.0246639811528982,0.0152212827351726,0.0133303639946557,0.0049752525236376,0.012586458519902,0.013978896972646,0.013118539458808203,0.004659511031067944
595345,2024,"Okert, Steven",L,616,44,4,1.559764527721006,1.3679755877464896,1.3515443874258948,0.1761261304906232,0.0255501127266871,0.0156628094838929,0.0107901280576949,0.0220514583823237,0.0058231094893476,0.0235459229819151,0.0207574707412141,0.021336903856849727,0.005578547916898187
595345,2025,"Okert, Steven",L,1051,68,4,1.050949592726932,1.0263864343588764,1.0200214796795497,0.013784476132641,0.008681345832272,0.0107786822354143,0.0067887437695946,0.0086316998296418,0.0054021424736699,0.0096289423483939,0.0076573531850447,0.009140203435992773,0.005062856419863503
595345,2026,"Okert, Steven",L,1050,68,4,1.1549277538074991,1.0950692386058405,1.0813318533697136,0.055376941890192,0.015126324624388,0.0044815733114664,0.0079870039373566,0.0183048914948392,0.0055767511976244,0.0065493791947381,0.0290879283248589,0.017302233089349167,0.00514244023602384
595881,2024,"Beede, Tyler",R,265,13,4,1.8511090483087431,1.8520454996671605,1.8539643763711977,0.014674315889253,0.0118740994886701,-0.0156107672476701,0.0207669003716304,-0.0025812300841108,0.0045487399589265,0.00565954399156,-0.0157014098624814,-0.001754724196155348,0.0044292669097139485
595928,2025,"Curtiss, John",R,545,30,4,1.598328012142346,1.561538171395782,1.5598341566487952,0.0390495306589901,0.0158430153018061,-0.002259689912426,0.0125270622860665,0.0022987327651179,0.0037621661051475,0.0015825457960238,0.002993958164385,0.0029605260040223066,0.00364182075050463
596001,2024,"Junis, Jakob",R,943,24,5,1.7134723782722912,1.5894099632162662,1.5819589704992192,0.0398404765517382,0.0169000648870685,0.0842219385042866,0.0162763059981997,0.0101830233799641,0.0069597019600848,0.0156828815513498,0.0049019095676676,0.010543748340984321,0.006552959669524443
596001,2025,"Junis, Jakob",R,1032,57,4,1.8112374435125,1.6293070377557035,1.6241178068230673,0.1431963170505948,0.0217032871732983,0.0387340887062016,0.0100739973951232,0.0070650215336154,0.0065857243806014,0.016084544755187,-0.0031199456997323,0.008046014332166762,0.005997270698629282
596001,2026,"Junis, Jakob",R,845,53,4,1.8998470083890784,1.741562885193971,1.7364682145479549,0.0871283633851732,0.0145045776601262,0.0711557598099336,0.0132824265563581,0.0070228331091093,0.0048089959349148,0.0103449740834148,0.0034181971539954,0.007553450984849526,0.004522103695753306
596133,2024,"Weaver, Luke",R,1374,62,6,1.6437628551156307,1.571511972599535,1.5720210965672812,0.0170991194262986,0.0125755082303089,0.0551517630897968,0.0117217254062953,-0.0006706963870406,0.0055236858833451,0.0051307057862933,-0.0061162504716756,0.00037626545240132016,0.005313635503153541
596133,2025,"Weaver, Luke",R,1049,64,4,1.394547212578905,1.2878215816661245,1.287874895945374,0.0493475640105834,0.0156560239889734,0.0573780669021967,0.012318560768484,-7.10631244378383e-05,0.0062721554147794,-0.0101564268582268,0.0101953199584192,0.001955940060762022,0.005757590032775141
596133,2026,"Weaver, Luke",R,903,60,5,1.4616194937206568,1.3750464198505217,1.3731105954797749,0.0694775100817742,0.0168404958660415,0.0170955637883611,0.0111076683689819,0.0026246988089856,0.0048888723124307,0.005281555349392,0.00015266707139,0.003695102165792531,0.00458832831435894
596271,2025,"Lawrence, Casey",R,276,6,7,2.440807338938487,2.46456994941703,2.4753126085882555,0.0257987219996131,0.1415490000696905,-0.0495613324781561,0.0394616898407839,-0.0151274180166225,0.0129078391160736,-0.0076288899542029,-0.0208695341004573,-0.0027896542392118594,0.009645507209840233
596295,2024,"Gomber, Austin",L,2621,30,5,1.9204817622189445,1.7631699532470075,1.7673804455585873,0.0944908945051036,0.0176281403658214,0.0628209144668329,0.0087950254503755,-0.0057358109920218,0.0033082393719126,-0.0086837252913644,-0.0027134230682747,-0.0051990246524949504,0.0032614154796077447
596295,2025,"Gomber, Austin",L,999,12,7,2.360630524328888,2.2375772458212735,2.2187374727143556,0.1121759607291986,0.024208451250252,0.0108773177784155,0.0140650743719768,0.0258884915183099,0.0058178665470244,0.0324649527696052,0.0190349321805836,0.024078306056782767,0.005400216007184597
600917,2024,"Leclerc, José",R,1204,64,6,2.1218744008096415,1.9284194454322003,1.918735808059432,0.14157708317717,0.0177518355952608,0.0518778722002711,0.010881810014479,0.0127421851331285,0.0067623097332409,0.0129417711900607,0.0125430348536132,0.012809014151115284,0.006387400458665913
600986,2024,"Vieira, Thyago",R,737,28,4,1.637405072932581,1.6185475326141077,1.5787771599190548,-0.0139512749900871,0.0066634831572473,0.0328088153085609,0.0124155719864641,0.0523406512075961,0.0168282182817459,0.0457788521634217,0.0593382893026751,0.03565710563524174,0.012727092421732412
601713,2024,"Pivetta, Nick",R,2386,27,6,1.8711424653651747,1.6136352088310724,1.6197839470636335,0.1988616845100042,0.0214311063496775,0.0586455720240979,0.0115528665405352,-0.0081914513807317,0.0055615177015414,-0.0015232881449327,-0.0147196200292597,-0.006562945506608818,0.005347287596701235
601713,2025,"Pivetta, Nick",R,2851,31,7,1.9371342346803515,1.6957539524752523,1.69263316995031,0.2131629530354529,0.0200706280496296,0.0282173291696464,0.0067833915601637,0.0041771600838542,0.0047472316470638,0.010068254846225,-0.0022337371575492,0.005011492691606312,0.004512035022123461
601713,2026,"Pivetta, Nick",R,578,8,6,1.8338798403368664,1.646272888675569,1.6393468428327418,0.1439283019780849,0.0229017481238729,0.0436786496832116,0.0127940719343245,0.0091607654397125,0.0072629931204814,0.0021880731096007,0.0161016189920613,0.009723203864400887,0.006373493710538411
605121,2024,"Anderson, Justin",R,945,56,4,1.7347386414059969,1.5199444448722312,1.5103794837768838,0.1848475685039745,0.0245654509482959,0.0299466280297909,0.0103685325125119,0.012857593506548,0.005557565822699,0.0181350402926248,0.0075651112595422,0.01289566004513133,0.005343774749608381
605130,2024,"Barlow, Scott",R,1022,63,5,2.0566916596223224,2.0644209264867652,2.0553760603067133,-0.0452138338042276,0.0769160951550889,0.0374845669397844,0.0278573462912252,0.0118207841892754,0.0076134128248925,-0.000420591375777,0.0253819846130937,0.012025501583280935,0.007089791147047326
605130,2025,"Barlow, Scott",R,1272,75,6,2.300599537320528,2.161745025638982,2.1555168873866672,0.0708614305476072,0.0172117687694743,0.0679930811339389,0.0128882603369148,0.0081587969690465,0.0052307224486968,0.0091986964641496,0.007116753351273,0.008693547757791261,0.004920935168067471
605130,2026,"Barlow, Scott",R,581,36,5,2.032518906914498,1.9093179238525564,1.8978332734827488,0.035127281553517,0.0176654539120566,0.0880737015084247,0.017003136245727,0.0155538038807881,0.0069470813394572,0.0056953606614289,0.0269479844860776,0.014706882121194425,0.006156807675247539
605135,2024,"Bassitt, Chris",R,2959,31,8,2.482082949799536,2.3431164891945286,2.345375415393354,0.0787593683985914,0.0127906302299947,0.0602070922064162,0.0087892599096245,-0.0030410203013305,0.0044140594549449,-0.0117753582102741,0.0064046367933793,-0.002237858589613201,0.0043046381231531625
605135,2025,"Bassitt, Chris",R,2829,32,8,2.447839504415308,2.28156887695029,2.27606962676959,0.1002217757096477,0.0116022729058358,0.06604885175537,0.0095410755465907,0.0074366055263867,0.0063058520805117,0.015090861701407,-0.0004103037566205,0.008289950706055604,0.005783622028241531
605135,2026,"Bassitt, Chris",R,1731,20,7,2.3787649970729214,2.2158290475667584,2.2171382842947827,0.1227717884291425,0.0168231642976869,0.0401641610770199,0.0118053091163633,-0.0017858855604492,0.0033657839736626,0.0026274209274043,-0.006376575749583,-0.0009788214424234342,0.003262794397748729
605154,2024,"Brebbia, John",R,994,59,2,1.00336024029694,0.9951083955752557,0.982415973876306,0.0053628006454096,0.0045150341376352,0.0028890440762746,0.0047492048248859,0.0167992905043357,0.0050303687037053,0.0240786730354504,0.0090185730881581,0.016583863124896438,0.00487017913264946
605154,2025,"Brebbia, John",R,459,22,4,1.3648085797224478,1.3579873140833876,1.3637612895105733,0.0127405652263163,0.0126111572873985,-0.0059192995872561,0.0105718290423501,-0.0077042288403435,0.0049786045682059,-0.013167425393681,-0.0025496874595109,-0.005544641877991998,0.004709279275103873
605155,2024,"Brewer, Colten",R,391,16,6,1.843749430960784,1.784241754565937,1.787761413215537,0.0022926658653422,0.0171520148921028,0.0572150105295047,0.0193738236337718,-0.0046492788243025,0.004741758686731,-0.0013008728324565,-0.0086973517398177,-0.0036391802014288967,0.004606878527458503
605156,2024,"Brooks, Aaron",R,403,5,5,2.0500752421772654,1.9542488916190217,1.9527290881014785,0.0488911947782899,0.0275865790243527,0.0469351557799542,0.0240441845681685,0.0021566225970772,0.0072628490557176,-0.0066874217619531,0.0149652385653281,0.003527430369898117,0.0068041150724749465
605177,2024,"Chafin, Andrew",L,967,62,3,1.459452233929234,1.3501963246211723,1.3475484568696536,-0.0014233026924925,0.000665634541274,0.110679212000554,0.0132657072295022,0.0035414773384764,0.0034008890275015,0.0041191164116407,0.0029525436465632,0.003832718232398011,0.00335008088784873
605177,2025,"Chafin, Andrew",L,614,42,4,1.5820763147825363,1.2632387250988637,1.2409581741670033,0.1480323051029903,0.0283040929446026,0.1708052845806822,0.0227323949532518,0.0291069324939623,0.0109515687366347,0.029933306097702,0.0285053811206518,0.023195322643471607,0.008742276642324381
605182,2024,"Clevinger, Mike",R,303,4,6,2.400808779193556,2.4519982341802,2.4510838898131713,0.0117031137489018,0.1366796339564776,-0.0628925687355451,0.0415987179618462,0.0012258687752629,0.0086559933985736,0.0091388104452092,-0.004617534304082,0.0032315797995995568,0.007908439046494275
605242,2026,"Fulmer, Michael",R,264,15,6,2.1691413761335805,1.9964539046006065,1.9941963309428627,0.082159097566723,0.0534001841390597,0.090528373966251,0.0246982578075849,0.0029215659100215,0.006418118464893,-0.0031322526363133,0.0100058216557325,0.0045637947649485484,0.00577957391920159
605280,2024,"Holmes, Clay",R,1085,67,4,1.4581928925973306,1.3706093127612609,1.3525069296365062,0.0054847279487848,0.0104725809980758,0.082098851887285,0.0132166400039749,0.0241290978997037,0.0078787895534502,0.0290679160653763,0.018347388100423,0.022611856913242613,0.007302598720835989
605280,2025,"Holmes, Clay",R,2764,33,6,2.2841121308590733,2.0808179625291694,2.0683592241989857,0.0660055671824021,0.0158878147625889,0.137288601147502,0.0126965391329795,0.0167653129233827,0.0069354918755411,0.0103024185372699,0.0243053563738477,0.01603032701108971,0.006257807568940365
605280,2026,"Holmes, Clay",R,1613,18,6,2.047255032450886,1.7844782981476344,1.7902151334228726,0.0755536384440133,0.031040953867162,0.187223095859238,0.0167220896767794,-0.0077500128131984,0.0040637002181684,-0.0010389128278508,-0.0142617731950207,-0.006095276879452879,0.0038861255003293012
605288,2024,"Houser, Adrian",R,1131,23,5,2.085786990487893,2.006055530399176,1.9997219945388385,0.0492744550570575,0.0157168338087453,0.0304570050316588,0.0122594200706522,0.0087356451927341,0.0060250000786162,0.0139091418485646,0.0038563758348655,0.00914057914155235,0.005755290385588458
605288,2025,"Houser, Adrian",R,1892,21,5,2.0836480248073923,1.921408463638562,1.9099692227263572,0.0784055634385505,0.0147386443785238,0.0838339977302802,0.0187288333348312,0.0157863193332542,0.0044241058855608,0.0191724589568251,0.0120193042204373,0.015533412676669432,0.004231891924422548
605288,2026,"Houser, Adrian",R,1731,26,5,2.024055621447479,1.8791633131416503,1.885518110752326,0.0764116612914212,0.0171433369725977,0.0684806470144073,0.012485048019918,-0.0087302814794281,0.0054084070397356,-0.0072653721186366,-0.0103623281498402,-0.0058412813681168844,0.005009551540941373
605347,2024,"López, Jorge",R,802,52,5,2.2103730682481673,1.8953527355708468,1.873602464364121,0.2608235612941686,0.04682473124117,0.0541967713831514,0.0139014375667862,0.0298183205261442,0.0094307102301464,0.0201633449894193,0.0397750140483917,0.026686824341976768,0.008486107973375021
605347,2025,"López, Jorge",R,386,26,5,2.2642037761797886,1.596348200100316,1.5899843546865653,0.6260449918174827,0.0375543490395423,0.0418105842619894,0.0162806132658165,0.0087730154632424,0.0100097658460184,0.0034492516292476,0.0136592096670458,0.010074525735585857,0.008240271967471293
605397,2024,"Musgrove, Joe",R,1582,19,7,2.468423709635464,2.308269939915195,2.3011967705907996,0.1170862291322471,0.0159609451843472,0.0430675405880221,0.0119515489058916,0.0095802687253366,0.0054142108877967,0.0131303543105102,0.0058938796796503,0.009852145660635296,0.005215965434910525
605400,2024,"Nola, Aaron",R,3189,33,5,2.156011271572535,2.065949559892171,2.061343396638565,0.0498029675666878,0.007985163006855,0.0402587441136762,0.0067271279268554,0.0062110167508449,0.0039949764954322,0.0083031098266984,0.0039245256458191,0.00650039297736794,0.00391331098326477
605400,2025,"Nola, Aaron",R,1568,17,5,2.1897714139764677,2.1115940759571648,2.1202473036977514,0.0441917826951165,0.0114848521026382,0.0339855553241865,0.0104710077188471,-0.0116867020648057,0.0033738765001375,-0.0132212909180563,-0.009808153640999,-0.010430916947672474,0.0032862648336387974
605400,2026,"Nola, Aaron",R,2946,33,6,2.23483547735461,2.1368623196801835,2.1313370133269323,0.053598078248296,0.009053742722877,0.0443750794261307,0.0091112169738833,0.00739216735544,0.0043186031910965,0.0041481259198754,0.0105204535212253,0.007794623436687932,0.004107237377536083
605447,2025,"Romano, Jordan",R,701,49,2,0.9537128193227344,0.9409829407757148,0.9420975687230904,0.0031715584882204,0.0018512207638623,0.0095583200587991,0.0064819493969032,-0.0015171926040976,0.002089387594236,-0.0046756434076575,0.0014164995280477,-0.0012263157518581959,0.0020680707550893456
605447,2026,"Romano, Jordan",R,643,38,4,1.1327791542719778,1.1495153246732135,1.1482139920517351,-0.0048668988603582,0.0092960671482585,-0.0118692715408775,0.0091358014200888,0.0017041891560298,0.0066726085396616,-0.0030819244646842,0.0076978085067406,0.0036975538666131572,0.00596332111588301
605452,2024,"Ross, Joe",R,1197,25,5,1.8948487580372904,1.783629675944742,1.7786050276777998,0.0714343624393451,0.014173717782191,0.0397847196532032,0.0127166694290686,0.006873718829177,0.0050369038372024,0.0134722814550356,0.0015430618318407,0.007281366783415328,0.00487610888771024
605452,2025,"Ross, Joe",R,862,37,5,2.066998102743613,1.8716494382366404,1.8692174949542064,0.1291256800214672,0.0236141142452265,0.0662229844855055,0.0177228252474155,0.0033065222546649,0.005394344462976,0.010776451752863,-0.0046500476017219,0.0044599934668035236,0.005056435652538115
605463,2024,"Scott, Tayler",R,1203,62,4,1.7249011308033468,1.560201237878162,1.5504057173787609,0.0925413788383995,0.0170623594898205,0.0721585140867853,0.0114991557736414,0.0127948003917262,0.0057286719120572,0.0111041951023556,0.0144170620630159,0.012840067866753065,0.005495350736214111
605463,2025,"Scott, Tayler",R,536,24,5,1.8619935405521864,1.7705179607978103,1.7517932159165537,0.0170548078944546,0.0136760374164901,0.0744207718599213,0.0159904601527559,0.0249663265083424,0.0088033118383563,0.0205491919889266,0.0288467998244647,0.021697473621930398,0.007527077761106397
605483,2024,"Snell, Blake",L,1773,20,5,1.81110055892288,1.6432904300280875,1.626766770119749,0.0873886537044157,0.0189099427418328,0.0804214751903762,0.010577918767047,0.0216529556670244,0.0067059023592515,0.0085099954125022,0.0337691221516621,0.020772401828843635,0.006339800363812314
605483,2025,"Snell, Blake",L,1028,11,4,1.857282524925332,1.6672561502906595,1.662763764648752,0.1458930001747168,0.034444792616436,0.0441333744599555,0.0102783642469007,0.0059820886526961,0.004698953431376,0.0077287734409583,0.0038539439681467,0.006629917732765451,0.00447052184975113
605483,2026,"Snell, Blake",L,741,9,4,1.7839633176850027,1.5952490268859651,1.5869494351067075,0.1215694136608312,0.029194123005938,0.0671448771382063,0.0079570349271109,0.0108657199795583,0.0083916404322553,0.0124896312762929,0.0083863554104368,0.011076926361805961,0.0070957369894902745
605488,2024,"Springs, Jeffrey",L,565,7,5,1.821509733230896,1.6417404303330083,1.6394519143935584,0.0968470535352332,0.0306686093248475,0.0829222493626543,0.0153691662668826,0.0030567647890999,0.0060665560557165,0.0084292041376059,-0.0041262756658086,0.003970128753769767,0.005791478845037189
605488,2025,"Springs, Jeffrey",L,2847,32,5,1.985314502324597,1.7973620839369966,1.7884465174880784,0.1099189252149317,0.0137718938247263,0.0780334931726685,0.0114070423988303,0.0118999614065031,0.0060744175903882,0.0170633361836061,0.0069869607036786,0.012035766810465837,0.005603500358240714
605488,2026,"Springs, Jeffrey",L,2464,29,5,1.941294233272579,1.7766228714124694,1.7701063164968491,0.0861823901973728,0.0146837443591855,0.078488971662737,0.0117333149156382,0.0087694108749793,0.0063032714224523,0.0029367528821633,0.0148826105833336,0.009290374473061545,0.005695282791440792
605513,2024,"Turnbull, Spencer",R,916,17,6,2.214940729665248,2.104600273078304,2.1035786751504344,0.0855447387732576,0.0230301186698538,0.024795717813686,0.0135606668993399,0.001348391501338,0.0052662981174823,0.0030980564596721,-0.0007445621513527,0.002168697512413895,0.005083325491750835
605540,2025,"Woodruff, Brandon",R,964,12,6,2.183448215763745,2.00565629339871,1.999427432367885,0.0581354816326958,0.0171249848529031,0.119656440732339,0.0156081655436868,0.0084931004720153,0.0055675056628503,0.0075627768392959,0.0093747294793307,0.009046934539047468,0.005198214783431969
605540,2026,"Woodruff, Brandon",R,639,9,6,2.0760133628523123,1.855102564420807,1.8522333740370136,0.1590208197103089,0.0259769230374068,0.0618899787211967,0.0182111607706385,0.0039513203776811,0.0070682659819639,-0.0041899175385357,0.0137130890639507,0.005639030139003349,0.006240688584065445
606149,2024,"Gallegos, Giovanny",R,401,21,4,1.369678028397915,1.266004363064253,1.2536423684366071,0.0978457179804554,0.0258353304272552,0.0058279473532063,0.0107967746641805,0.0161471004745474,0.0067983440706106,0.0110502343345868,0.02356813757433,0.01584399209928969,0.006417741402958963
606160,2024,"Montero, Rafael",R,683,41,4,1.7949606844728123,1.6728796702754496,1.667259737024079,0.1142094263046322,0.0247766255340341,0.0078715878927309,0.011677986844445,0.007410066429896,0.0077532728588575,0.0119442959877138,0.0013644270194722,0.008225919662093895,0.007202319038379347
606160,2025,"Montero, Rafael",R,1088,59,4,1.5432064102645295,1.410470743816532,1.3977780008159568,0.1122028708706769,0.0156439320583156,0.0205327955773204,0.0077716585358242,0.0165187851490739,0.0075963272438794,0.0188789557762798,0.0142796489130068,0.015721617788268673,0.006730329044469366
606303,2024,"Payamps, Joel",R,899,68,5,2.2214896433227627,2.0645185752881634,2.011232065992925,0.0949272841982464,0.0140013979139263,0.0620437838363528,0.0115727156746584,0.0718209473109734,0.0095843612448937,0.0529634866111755,0.0913108228513133,0.06040261607283086,0.00859753819934284
606303,2025,"Payamps, Joel",R,449,30,5,1.5823599440766365,1.5546245534321077,1.5429998235118392,0.0037222975917468,0.0166639738584506,0.0240130930527818,0.0123824079417505,0.0157213967897607,0.0060858317938281,0.0169806632378049,0.0146580162336344,0.015286270628231914,0.005612456632441821
606930,2024,"Barnes, Jacob",R,1117,63,3,1.1910620446159177,1.183848555500339,1.174856578321063,-0.003332483385243,0.0043332704357344,0.0105459725008215,0.006299767639298,0.0119429708790147,0.0050361908452533,0.0166035282042067,0.0057761008271723,0.012032106034831885,0.00487546201381361
606965,2024,"Devenski, Chris",R,533,19,5,1.9582126206484929,1.881116281435829,1.8763164692329677,0.0803507191257999,0.0579136906016008,-0.0032543799131361,0.0346746335365471,0.0062245739759734,0.0064982541706444,0.0056309865793644,0.0069016346002305,0.006941049822551749,0.006163477012553177
606965,2025,"Devenski, Chris",R,262,13,6,2.1057647726108715,2.004178710016942,2.003624806242593,0.0361386732950333,0.0346610068643772,0.065447389298896,0.0247884600898924,0.0007366639029417,0.0050681816850648,0.0056651540047666,-0.0034943983542853,0.00204884084385,0.004784875212421097
606996,2025,"Hart, Kyle",L,691,20,6,2.406432744482478,2.284767064447482,2.2801163473416275,0.0782763673163463,0.011580990701234,0.0433893127186494,0.0209167481371278,0.0062766514065345,0.0055140407695034,-0.0017665998682371,0.0158323089039129,0.0071007674039897705,0.005154618440208049
606996,2026,"Hart, Kyle",L,1071,46,5,2.205439704071315,1.9262541633321943,1.9271323009764825,0.1388605048398903,0.0222157054285605,0.1403250358992307,0.0184261328849626,-0.0011712147161051,0.0064139405407403,0.0003197569551243,-0.0026584775025803,0.0012423404534044578,0.005776522477993674
607067,2024,"Rea, Colin",R,2650,32,6,2.3926945326269435,2.246917848303487,2.239882701989228,0.0492900983002716,0.0078247211004597,0.0964865860231847,0.0131444964388737,0.0096346965027327,0.0047896726672673,0.0056412476078588,0.0131654186025822,0.009847735467507664,0.004650781505319549
607067,2025,"Rea, Colin",R,2533,32,7,2.4919228902558763,2.153226613855691,2.1553777700048156,0.2589896729965819,0.0219795701984219,0.0797066034036035,0.0115789252456629,-0.0029169585255532,0.0059349549939039,0.0107562197818958,-0.0148878535899062,-0.0006640101259341464,0.005493462797176258
607067,2026,"Rea, Colin",R,2226,34,7,2.4118163108714006,2.0593425498049664,2.054168576082435,0.2498447937763313,0.0187024568754004,0.1026289672901025,0.0195806415375177,0.0070270076304787,0.0079995918629148,0.0062591935967377,0.0077645132155195,0.008244838324864502,0.006853949166252575
607074,2024,"Rodón, Carlos",L,3102,32,6,1.867683580836613,1.7285282903710812,1.7257234897314335,0.0513579602526547,0.00904711946296,0.0877973302128768,0.011741243913841,0.0036835273430091,0.0057861986639235,0.0033821352743543,0.0039788562015652,0.004470183048664464,0.005546069758177351
607074,2025,"Rodón, Carlos",L,3212,33,6,1.9928634123321591,1.7327136094727773,1.7288143830224816,0.1554081226516624,0.0144467169806582,0.1047416802077193,0.0101851546296365,0.0051731992393021,0.0053678335879982,0.0040455390990908,0.0063869329236634,0.006092137873600191,0.0050345817198258975
607074,2026,"Rodón, Carlos",L,1438,16,5,1.9033878037311505,1.7226072693640386,1.7180151958835772,0.0924871450919005,0.0158905478046248,0.0882933892752111,0.0095538318977074,0.0060195092660928,0.0044666272763682,0.0041647564832758,0.0079607710406456,0.00658646799472622,0.0042339447518681605
607179,2024,"Weems, Jordan",R,733,41,4,1.1705082446557875,1.1220309462545086,1.1062795355731057,0.0397349242513282,0.0096011786521504,0.0087423741499506,0.0102195890911306,0.0215005289189359,0.0060193543498922,0.0109840435158475,0.0367710419699957,0.020789417919388882,0.005750368812089952
607192,2024,"Glasnow, Tyler",R,2011,22,4,1.7954141210639434,1.6384240800406036,1.6305736311676826,0.0374466548387892,0.011990634355305,0.1195433861845505,0.0111547048267516,0.0106239923845514,0.0044168399367979,0.0152007244480872,0.0060840704984703,0.010758220527537022,0.0043072167908264755
607192,2025,"Glasnow, Tyler",R,1480,18,4,1.963318792533708,1.8135128326518797,1.8057628200554712,0.0173485775479525,0.0122675184950431,0.1324573823338761,0.0136061909926668,0.0103054974327803,0.0046055876253104,0.004998467362921,0.0157184754713663,0.010534697060892726,0.004389894766990642
607192,2026,"Glasnow, Tyler",R,1149,13,4,1.975088880076776,1.8532659310085495,1.826285396099925,0.0267781255477957,0.0073895906924063,0.0950448235204306,0.0179350611934905,0.0359636132366699,0.0076242829098015,0.034968366210546,0.0369822228690409,0.029933299586666084,0.006613458080360815
607200,2024,"Fedde, Erick",R,2891,31,5,1.9974273886845852,1.7442614116370605,1.7416258404058482,0.2082614537922649,0.0214968691761745,0.0449045232552601,0.008069570470085,0.0035209965015867,0.0069811188647906,0.0005336957797615,0.0068528734552549,0.004643755815718879,0.006570827409975728
607200,2025,"Fedde, Erick",R,2369,32,5,1.977941190613582,1.8367172633281172,1.8359292447581264,0.1003736051237942,0.0104871583498719,0.0408503221616705,0.0101678571503146,0.0010704220139382,0.0039118713273431,0.0030657428851503,-0.0010670832423958,0.0018654718846219838,0.003777099338461537
607200,2026,"Fedde, Erick",R,2413,33,5,1.943261570583649,1.8039571713295168,1.7983648802157943,0.0717162634411724,0.010886445606266,0.0675881358129592,0.0101111079115748,0.0074677357262932,0.0051005919875753,0.0156493141451941,-0.0015815858582485,0.007999033835804178,0.004761990161707088
607259,2024,"Martinez, Nick",R,2125,42,6,2.489961273485048,2.2626488105375944,2.259601764880586,0.1185503713881125,0.0134359886925257,0.1087620915593413,0.0128725168803998,0.0041639691454294,0.0072717497445612,0.012749827585317,-0.0035717003780388,0.00529163148738228,0.006811431849530247
607259,2025,"Martinez, Nick",R,2577,40,6,2.5383692796044484,2.374776874129835,2.3665372334233976,0.1114067733313241,0.0180834532818426,0.0521856321432888,0.0085118150641603,0.011216880137607,0.0067232381109649,0.0032105260158528,0.0183061717852558,0.011498516097137663,0.0061005624510029775
607259,2026,"Martinez, Nick",R,2522,31,6,2.260630421268625,2.167476003236529,2.1046607261283996,0.0116022358633968,0.0042700416272233,0.0815521821686988,0.0090037747968499,0.0880111827037236,0.0088625960772297,0.0900592649406541,0.0858169772231916,0.0644959050096828,0.007373691466181177
607455,2024,"Banda, Anthony",L,774,48,4,1.9308248956984857,1.5895994537752185,1.5650967220813952,0.2726789041542771,0.042637612270662,0.0685465377689901,0.010104445165722,0.0333306051511761,0.0088054278913838,0.0466797184903131,0.0188568412376796,0.029935084794676013,0.008021916085936684
607455,2025,"Banda, Anthony",L,1065,71,4,1.6745603918694911,1.501270114680402,1.4823330149580705,0.0808154415249461,0.0166259388133677,0.0924748356641431,0.015079708663165,0.0252100140053539,0.0063715081046428,0.0351433857585,0.016619615589463,0.023206838752528658,0.005834153730157901
607455,2026,"Banda, Anthony",L,608,39,4,1.8126202564179643,1.6849748307966592,1.6569011943136942,0.0772673021223779,0.0191611781561798,0.0503781234989276,0.013733824435097,0.0378464988506485,0.0087963438977656,0.0419547476834011,0.033863829676539,0.029854250500048626,0.00733540278466353
607481,2024,"Bummer, Aaron",L,974,56,6,1.815228531236315,1.694015663022033,1.669177820686921,0.0080678055937746,0.007156559411076,0.1131450626205071,0.0159641251479076,0.0331398060745197,0.0139760094305479,0.0328955139831992,0.0333469905063992,0.02640683752144122,0.011350449316717899
607481,2025,"Bummer, Aaron",L,932,42,5,1.902109178990443,1.6834668481276482,1.6195073558493402,0.1435897884495844,0.0263534945762451,0.0750525424132102,0.0152019721199479,0.0854014997183137,0.0097822611294896,0.0742157962481677,0.0960858831449798,0.06272839946314622,0.008111947062863403
607481,2026,"Bummer, Aaron",L,328,21,5,2.1493973562260575,1.955426259721023,1.9479787169223732,0.1645396419674926,0.057158338629861,0.0294314545375421,0.0185824059118096,0.0101783084914882,0.0058025671646572,0.0033810048182424,0.017324191840285,0.010406978667733992,0.00531788448749486
607536,2024,"Freeland, Kyle",L,1769,21,5,2.28660565930261,2.170549959351663,2.158393953206652,0.0261560175265535,0.0067740581200892,0.0898996824243937,0.0116864428258111,0.0168526448828558,0.0058039721312034,0.0097883083531415,0.024350656353005,0.016567334171837547,0.005561715110606891
607536,2025,"Freeland, Kyle",L,2482,31,6,2.33894488264157,2.162088849389918,2.137214289578238,0.0569775540274194,0.0123448217016672,0.1198784792242323,0.013860565000617,0.034782342226812,0.0066727491531648,0.0302672585855124,0.0396297275847026,0.03094900502427058,0.006062767512324213
607536,2026,"Freeland, Kyle",L,2187,26,6,2.5091291317379394,2.385053131399123,2.3847325310104233,0.0598043939528415,0.0095937827841368,0.0642716063859748,0.0077454924015541,0.0004457425620382,0.0042292924038346,0.0057769792237919,-0.0051139756709333,0.001471903393531742,0.004030181935655228
607625,2024,"Lugo, Seth",R,3112,33,8,2.8008903528294717,2.5461027056111507,2.535358144141801,0.1947126833454027,0.0184295007455926,0.0600749638729184,0.0081192312856003,0.0147040788445978,0.0062448676640959,0.0169264128380754,0.0123405802598831,0.014578704245341514,0.005946008505578578
607625,2025,"Lugo, Seth",R,2380,26,8,2.7315846597897213,2.608817943876524,2.6133685874148775,0.0726074910880463,0.010263634912124,0.0501592248251514,0.0089540348746555,-0.0061362785389703,0.0050445119036935,-0.0023631013074429,-0.0103196817299589,-0.004094315922953253,0.004764941883337116
607625,2026,"Lugo, Seth",R,2858,32,7,2.7592444468448187,2.6047434686369093,2.595781709857619,0.0621735783206302,0.007630441101718,0.092327399887279,0.0080896748057622,0.0121617790081723,0.0039203255719061,0.0197843817769093,0.0045246845991905,0.012117359478606772,0.0037601735658032653
607644,2024,"Means, John",L,320,4,4,1.9188785529196135,1.7966026195148683,1.7959549093818254,0.0846319448960789,0.0137532885010407,0.0376439885086661,0.014339903657022,0.0008636135107242,0.0035028725912653,0.0023834863778321,-0.0010255742586714,0.0012561241727479053,0.003447430458623576
608032,2024,"Estévez, Carlos",R,821,54,4,1.3379052647024845,1.1934143879444856,1.1913753044488915,0.1430177163249898,0.0284528966587698,0.0014731604330085,0.0088059974379675,0.0027354371730111,0.0062739735434237,0.0079823844669391,-0.0028295069266094,0.0037366139240216974,0.00597111601321248
608032,2025,"Estévez, Carlos",R,1043,67,3,1.4304862387096189,1.3145319127064892,1.3136853195187732,0.095726954743461,0.0139155188296229,0.0202273712596682,0.0077566147735454,0.001134957191244,0.0053548595896759,0.0105995795470559,-0.0076720735368688,0.0025337745631301544,0.005023872539709182
608331,2024,"Fried, Max",L,2761,29,7,2.5262686993331376,2.422865670799716,2.3754071218202135,0.0489371065384801,0.0085771162656194,0.0544659219949415,0.0109021797824821,0.0640435257734143,0.0094693262650797,0.0656967112892662,0.0624875864643774,0.054335256170653504,0.008514210942640921
608331,2025,"Fried, Max",L,3109,32,7,2.58218114173624,2.358807431827953,2.358944133626482,0.1026660972455468,0.0124061047367709,0.1207076126627399,0.0124626821167451,-0.0001841446670819,0.0052470625835067,-0.0055947740359092,0.0052171156465612,0.0013178236493988152,0.004934533306603494
608331,2026,"Fried, Max",L,1696,20,7,2.6035091660757455,2.368953476897932,2.36001335572173,0.1653946999683628,0.02311776992172,0.0691609892094503,0.0128540671409709,0.0120241439451537,0.0069029877155956,0.0084334376333826,0.0155752052345551,0.011935480690972718,0.006126052243263461
608334,2024,"Fulmer, Carson",R,1472,37,6,2.359694027415098,2.2184995385075497,2.1904074005771745,0.097641512768904,0.0200304451535731,0.0435529761386441,0.0121558098246865,0.0377295867094091,0.0099089716486703,0.0239228528098694,0.0503315445269645,0.03270974653646194,0.008829525245457466
608334,2025,"Fulmer, Carson",R,460,13,5,2.2279279866936847,2.0086825156609756,1.9754830749714356,0.1364021013105228,0.0547834318834082,0.0828433697221872,0.0373470349362625,0.0453167439679174,0.009160401639839,0.0483303287709154,0.0415143685117857,0.03605765451759728,0.007746655575688471
608337,2025,"Giolito, Lucas",R,2367,26,4,1.6674512126573424,1.5671287898693873,1.5660488421672825,0.0472726461795689,0.0145359499797558,0.053049776608386,0.0102560121944955,0.0014598721935364,0.0029536662518443,0.003767324978924,-0.0006628831649505,0.0019112377574509454,0.002894346744563695
608337,2026,"Giolito, Lucas",R,551,7,4,1.7806180162804264,1.7264966997034243,1.7122344661264592,0.0234978857684307,0.0107552859878695,0.0306234308085713,0.0097915019516939,0.0190278225203576,0.0037037941054025,0.0197796225877032,0.0180829371898139,0.018493083424079557,0.003567857215140598
608344,2024,"Irvin, Cole",L,1767,29,6,2.4177970858162823,2.244694058882338,2.21615743222556,0.0821520845089104,0.0187788017105767,0.090950942425034,0.0159383469088034,0.0395794500019824,0.0101418130412344,0.0153193372203583,0.0659042532331064,0.03397660460464403,0.00899306468850448
608371,2024,"Sims, Lucas",R,885,58,7,1.9263736206308657,1.8670315521674956,1.850168643666064,0.0524871806376937,0.0201620056454996,0.0068548878256763,0.0143702896395034,0.0223074350131045,0.0067016610835499,0.0151473463366859,0.0297959681242212,0.021358444509957303,0.006336216138293236
608371,2025,"Sims, Lucas",R,279,18,7,1.7223333369329554,1.6651425084756093,1.6391168496405737,0.0773586190322836,0.022377757373777,-0.0201677905749374,0.0237008645200903,0.0350780619080915,0.010185947211329,0.0188102466864664,0.0478398824698836,0.027730603117332085,0.008337729406917353
608372,2025,"Sugano, Tomoyuki",R,2565,30,6,2.5334407586911323,2.286427744116067,2.2787652036500208,0.1631213018545827,0.0214697269214465,0.0838917127204822,0.0121529194352295,0.0104046671759715,0.0062637286957472,0.0014261331452441,0.0194117649416852,0.010782469818263083,0.005751069726830445
608372,2026,"Sugano, Tomoyuki",R,2522,29,7,2.7206140588886516,2.603574334650286,2.583176710754735,0.0216121640390891,0.0077113475763101,0.0954275601992765,0.011427267233191,0.0275684927462906,0.0065499581366805,0.0257751026030619,0.029408616183154,0.024449606021058275,0.0058752871356879495
608379,2024,"Wacha, Michael",R,2602,29,6,2.4107011421375275,2.151056480399525,2.144638956757899,0.0936212575406294,0.0142997386513092,0.1660234041973733,0.0155031053506088,0.008710691974705,0.0046467160857579,0.0113777449874366,0.0059559627759769,0.008961753630540914,0.004519571666750449
608379,2025,"Wacha, Michael",R,2665,31,6,2.4620186838663036,2.2316796029821617,2.2287654062889244,0.1161308069840795,0.0139147061515898,0.1142082739000621,0.0135420481764186,0.0039847789571462,0.0049438812471185,0.0068219110541986,0.0012421225000562,0.004902330668647729,0.004679859511335752
608379,2026,"Wacha, Michael",R,3028,32,6,2.4555275192144466,2.2087448283084483,2.1940621622166088,0.1147619729966347,0.0134442829740453,0.1320207179093629,0.0115206087591158,0.0200627765911961,0.0044095171658312,0.0240466388165235,0.0163431146530631,0.0192243577155411,0.004185208512273178
608566,2025,"Márquez, Germán",R,2085,26,5,1.998260847291609,1.800461586428001,1.7743738081698994,0.0740686123039723,0.0101521584895473,0.1237306485596359,0.0138704767312672,0.0364076423481533,0.0079320909573159,0.0321437094250431,0.040942488136544,0.03098122115682389,0.0069605287000355735
608566,2026,"Márquez, Germán",R,918,13,5,2.0077798424717694,1.915373577256461,1.8982800903868216,0.0606612839005586,0.0294452419717632,0.0317449813147497,0.0152302522088158,0.0230423215070908,0.0062468076000269,0.0262725166427779,0.0202622355296552,0.020973333007925997,0.0056535297623777825
608638,2024,"Chargois, JT",R,529,36,4,1.303192046574729,1.166531724687777,1.157308461087792,0.0248726545401267,0.0188462684700881,0.1117876673468252,0.0152190026705056,0.0127391813169511,0.0064466666811845,0.0137310389730909,0.0117421306887897,0.01280081736279145,0.006119406328776212
608650,2025,"Enns, Dietrich",L,741,24,5,1.861924342549384,1.7438340250700628,1.7448869333596275,0.1063932648232414,0.0203191178218058,0.0116970526560795,0.0112649368862333,-0.001439492698464,0.0048920024344101,0.0048940493398232,-0.0075435585759438,1.4168957287933118e-05,0.004635784418370566
608650,2026,"Enns, Dietrich",L,291,13,5,1.865803235683399,1.648868316255644,1.6475736315396383,0.1763084517472719,0.0390941479110906,0.0406264676804827,0.0188152720807438,0.0017047658477722,0.0046304629451692,-0.0032433256905529,0.0094721188439804,0.0027764950275426126,0.0043727030684002546
608665,2025,"Graveman, Kendall",R,324,19,5,2.056515554017431,1.6606884967765403,1.6427398184281432,0.3674072645863256,0.038115787511809,0.0284197926545649,0.0114879817725966,0.0241301733812477,0.0068014019228102,0.0180464761039101,0.030577852546973,0.022092290041414622,0.006158778045089974
608678,2024,"Leone, Dominic",R,361,23,6,2.445142356142132,2.308179505455566,2.30818529615288,0.1612327682617846,0.0383652287633057,-0.0242699175752181,0.0162094904242171,-7.65729571649133e-06,0.0066570014142106,0.0023365594507327,-0.0016632603728962,0.0013938371454021315,0.00629843127198079
608717,2024,"Stratton, Chris",R,994,57,6,2.1674732507015824,1.9270997981265336,1.9262978241118112,0.1751065107123728,0.0259257021205637,0.0652669418626767,0.0133038627239132,0.0010801655428638,0.0062159184342017,0.0032939446862984,-0.0011944317089067,0.0022179510813041294,0.005921003573618203
608717,2025,"Stratton, Chris",R,411,15,6,2.158255110303347,1.9817582299905343,1.9756371969070272,0.1571375844807935,0.0298999398165346,0.0193592958320192,0.0157971802680997,0.0081946078088644,0.0079892161836849,-0.0046317268079115,0.0225247195876074,0.009268044449703323,0.00699903322008938
608718,2024,"Suter, Brent",L,1022,47,4,1.8914107352829233,1.69482599018565,1.6774505590137785,0.1263007498009111,0.0203987210413699,0.0702839952963621,0.0129896748956883,0.0236139503426235,0.0078435250312233,0.0251564872358287,0.0218516788492466,0.022180400558650053,0.007274492509003458
608718,2025,"Suter, Brent",L,1116,48,4,1.875311543676134,1.5920176812443414,1.5892153336640322,0.2300629082630352,0.0266446300634266,0.0532309541687571,0.0106350912411376,0.0037725209886914,0.0061117292491255,0.0019843521197577,0.005599942344992,0.005133734152547832,0.005632749406963989
608718,2026,"Suter, Brent",L,1526,54,4,1.928393392091014,1.7266505944104689,1.720512669762616,0.1215608418120069,0.0162875051447642,0.080181955868538,0.0101423896461932,0.0081376828954158,0.0045620038974901,0.0066669867860302,0.0092752629368819,0.008503296063689401,0.004314913909343801
608723,2024,"Voth, Austin",R,974,68,4,1.9744740362910536,1.8711798125454295,1.8669283804058556,0.0333994703808572,0.0104004267955893,0.0698947533647671,0.0142806892261474,0.0057037119889045,0.0046171590891612,0.0006032263748286,0.0109466692681781,0.006112115146638972,0.004492361138325453
613534,2024,"Adams, Austin",R,805,56,3,0.9607662589845534,0.8975199447482716,0.8899156362505369,0.0100656536935718,0.0070664980959883,0.0531806605427099,0.0092850603723868,0.0099536070580105,0.0052927888979113,0.0099285740992319,0.0099798916647281,0.010188525970652652,0.005107137615670604
614179,2024,"Ruiz, José",R,835,52,5,1.8858305534843451,1.699740880733218,1.7016056398505297,0.1242891804249246,0.0197221897320214,0.0618004923262026,0.0124843586577473,-0.0025154666606711,0.0049684341273706,-0.0023996797794626,-0.0026354431987655,-0.001543205131270731,0.004813910092664566
614179,2025,"Ruiz, José",R,302,18,5,1.9704608342763497,1.8576692789197256,1.8517256132107656,0.0465913431527055,0.0278864010238123,0.0662002122039175,0.0185535444035893,0.008085527225703,0.006729936113463,0.0043309332675059,0.0131981658070778,0.008921696588868752,0.0061055651548333105
615698,2024,"Quantrill, Cal",R,2643,29,7,2.369333996658875,2.2905567510081797,2.2543016492550954,0.0211034478750713,0.0066333452504487,0.0576737977756239,0.0095432926152964,0.0483218527147765,0.0094180987153401,0.0475698658820737,0.0490655428020834,0.041683682663026723,0.008476915646671152
615698,2025,"Quantrill, Cal",R,2004,26,7,2.543566193463114,2.351660964177885,2.34164555221668,0.0812376104676041,0.0150066530399873,0.1106676188176254,0.0165128987175189,0.0134975693142264,0.007482362950564,0.0189556582778928,0.0076043599716384,0.013353459617579016,0.006650683096499916
615698,2026,"Quantrill, Cal",R,1669,32,6,2.3298770142063585,2.1643713372774633,2.154627294097606,0.0885641348101632,0.0181202032046603,0.0769415421187318,0.0144075332693073,0.0132541223041421,0.0050189079478657,0.0097512121818274,0.0172002082304932,0.013048544519944812,0.004695313255591921
620454,2025,"Castillo, José",L,543,29,4,1.6244798425896003,1.5564378690849885,1.5192057535060024,0.0138169177122751,0.0135178817619231,0.0542250557923367,0.0215990669684974,0.0513122811152014,0.0110560042117827,0.0560869910657969,0.0456356815072713,0.0371758647985759,0.008795125923228148
621016,2024,"Cuas, Jose",R,319,13,4,1.7476824983683803,1.5510479898640024,1.5485373198429766,0.128306752011396,0.0468969620091861,0.0683277564929818,0.0168393365808483,0.0033793406612119,0.0073587200775982,-0.0029013445358527,0.0121342351783324,0.004628959607070942,0.006882751943371146
621016,2026,"Cuas, Jose",R,473,24,5,1.830032688322429,1.649930737496162,1.644933544388938,0.0592859755769496,0.0292697326720635,0.1208159752493172,0.0252404274045955,0.0064581211467677,0.0056781794306445,-0.0004104444204665,0.0175459484195888,0.007252760134544843,0.005221643475502017
621051,2024,"Wilson, Steven",R,623,40,4,1.4060194832277704,1.30760371341377,1.303102376423838,0.099215826208602,0.0196077277509778,-0.0008000563946016,0.009859532840102,0.0060568746106429,0.0039150406113119,0.0033002670375217,0.0096500645815771,0.00634123268782669,0.0038380869668464303
621051,2025,"Wilson, Steven",R,974,59,4,1.3323983277501965,1.1663037185032994,1.147549236556923,0.1447933177581153,0.016967405893811,0.0213012914887812,0.0101078001482255,0.0248528781166949,0.0064932907776606,0.0230751182456428,0.0270588179566894,0.02284484153116649,0.005927216004894628
621053,2024,"Ferguson, Tyler",R,819,48,5,2.0181118244461644,1.8892018761476823,1.8791660811115831,0.0737052107637915,0.0152140049371039,0.0552047375346901,0.0105763731302487,0.0134083460596496,0.0044405096589401,0.0094497429586218,0.0183711536238058,0.01340605443601427,0.004329158828931049
621053,2025,"Ferguson, Tyler",R,990,56,5,2.013245610165895,1.8441218697648791,1.836113146495387,0.0999654639777358,0.015314350105439,0.0691582764232801,0.0124435048192991,0.010656768866663,0.0051525346564305,0.0108684155144748,0.0104540336566538,0.01089787338644271,0.004855665368701583
621053,2026,"Ferguson, Tyler",R,293,18,6,2.201407444560936,1.968595376133221,1.9623733433597057,0.2035514114355441,0.0393308929930403,0.0292606569921702,0.0252213776851907,0.0084793283843731,0.0052915150723216,0.0076437532817851,0.0094050145274363,0.008907203156294768,0.004916233772747782
621074,2026,"Rucker, Michael",R,757,37,6,2.040835381267926,1.909269185806116,1.9066211218618725,0.0814568105975112,0.0181982591251848,0.0501093848642981,0.0148757058693469,0.0035106557019138,0.0071740477742123,0.0116641674669212,-0.0029303629964619,0.005337194039571475,0.006313134902018682
621097,2026,"Waguespack, Jacob",R,672,35,4,1.7689251594229916,1.6195110356969606,1.614570040869312,0.0309035430431813,0.0092905275916422,0.1185105806828493,0.0191118489957798,0.0067900787815542,0.0051069890636266,0.0093676148669465,0.0042019790236808,0.007409714968725209,0.004767194677588662
621107,2024,"Eflin, Zach",R,2447,28,7,2.386334510284383,2.2252428198222938,2.212307046667406,0.1120151771498336,0.0202009968445887,0.0490765133122557,0.0119997641152401,0.0179647201532411,0.0079013644170865,0.0230402088502984,0.0129578964667414,0.01731294068527132,0.0073205632468951315
621107,2025,"Eflin, Zach",R,1127,14,6,2.582794494272953,2.3682382075501063,2.367133365312783,0.1390167055050784,0.0286364403325165,0.0755395812177682,0.0155194404981843,0.001524060222109,0.0077166305560985,-0.0024268536644158,0.0062038860288751,0.0040112811194647595,0.006813572967019765
621111,2024,"Buehler, Walker",R,1336,16,7,2.48431755294666,2.1793614047348515,2.169469536089651,0.2494555002024779,0.022747604758429,0.0555006480093304,0.0206030386203517,0.013335556518656,0.0050881288460831,0.0195003446726955,0.0067990867503397,0.01333725433595099,0.004922538370218117
621111,2025,"Buehler, Walker",R,2189,26,7,2.69909572785034,2.430122560450428,2.4159286973087015,0.1827593682962015,0.0184985380658375,0.0862137991037104,0.0118586262718459,0.019155589653045,0.0083466682484912,0.0204104187357701,0.0179493150209211,0.01757897113637933,0.007235629196514396
621111,2026,"Buehler, Walker",R,2606,32,7,2.668425089327697,2.473943471200399,2.4618658326827414,0.0954555568221061,0.0178706232914016,0.0990260613051919,0.0117143562530706,0.0161158863169563,0.0050750837377438,0.0213795645220807,0.0112114502445258,0.01554212461283478,0.00474121223886501
621112,2024,"Blackburn, Paul",R,1212,14,6,2.561270328563594,2.380172038198002,2.372540963439181,0.093635606052177,0.0191108872041377,0.0874626843134146,0.0251413181021457,0.0103454839012208,0.0080268067524289,0.0134896294923722,0.0068288092115918,0.010784344570039945,0.007419989728663196
621112,2025,"Blackburn, Paul",R,666,15,6,2.403268424313626,2.20768273063303,2.1990203171768363,0.1732644965705269,0.0439230901639111,0.0223211971100689,0.0139693264134731,0.0117498316941446,0.0078738882734107,0.0121584992315082,0.0112706418826342,0.011991146971922266,0.00692110068644585
621112,2026,"Blackburn, Paul",R,1237,62,7,2.338426185434884,1.9897919650746068,1.9852394425337656,0.2909759802977133,0.0249939575769556,0.0576582400625639,0.0143279388155838,0.0062502445982466,0.0064068100208316,0.0111224987166851,0.0013236126436648,0.007260181905729131,0.005771311939838229
621114,2024,"Burr, Ryan",R,570,34,3,0.9936314273676052,0.984300485762276,0.9846790067655712,0.0049762524089965,0.0115176126664644,0.0043546891963327,0.0092586613375921,-0.0005017603997168,0.0033961987071529,-0.0060837243477798,0.0062886699700918,-9.171246717484295e-05,0.003345597383083871
621121,2025,"McCullers Jr., Lance",R,1147,16,6,2.3387990941209256,2.0490754393951485,2.01976819049801,0.2167181529916642,0.0305647596000191,0.073005501734113,0.0111713643158316,0.0385056294215558,0.0120653182783283,0.0342091392495727,0.0433798872205783,0.028006265446012816,0.009278350501901008
621121,2026,"McCullers Jr., Lance",R,793,10,6,2.4483022583767995,2.254634482270059,2.2499107674858876,0.1317893108210152,0.047848196156086,0.0618784652857252,0.0157877504634094,0.0062745491186735,0.0080392444034598,0.0043172199438897,0.0081610538825277,0.007702787297918739,0.006878839523171785
621139,2025,"Kriske, Brooks",R,381,16,4,1.420782916005532,1.372803231362711,1.3635177372221154,0.0492816443901668,0.0156379949651821,-0.0013019597473457,0.0155062380181219,0.01203324240669,0.0062117004664268,0.0151041304188051,0.0089202874355049,0.012153663117032042,0.00571072058685383
621199,2024,"Bowman, Matt",R,497,25,5,1.9520473190571048,1.668583922551792,1.6602994180361883,0.2386743063172597,0.0438795352427581,0.0447890901880529,0.0175253869199095,0.0112497233449587,0.0067861538819263,0.011281843719751,0.0112074382945991,0.011478886407656087,0.006407483118830073
621199,2025,"Bowman, Matt",R,447,20,5,1.972209085809183,1.858061726114913,1.8604105065413,0.0986999028968516,0.0161206775041587,0.0154474567974186,0.0239513170024206,-0.0031528674192041,0.0065075359956091,-0.0009270315045332,-0.0056783350916192,-0.0004810207696888634,0.005938045005830012
621237,2024,"Alvarado, José",L,1052,66,4,1.022789221355049,0.9291716829904368,0.924868589215749,-0.0062019384028124,0.0066545325961506,0.0998194767674245,0.0119705418030588,0.0057013282757829,0.0047149739922889,0.0081231521486,0.0032302051892697,0.006126380817696445,0.004582303462625094
621237,2025,"Alvarado, José",L,457,28,4,1.2790087537329262,1.1844742044896974,1.17785463080118,0.0114517640126996,0.0069475236692221,0.0830827852305294,0.0189139444668893,0.0088196652351381,0.0038745759325941,0.0185899337927033,0.002856590528643,0.009085170245408537,0.0037434949317096755
621237,2026,"Alvarado, José",L,1129,68,4,1.1977860919976653,0.9778187012790024,0.9705268915779416,0.0116194246493602,0.0057145072239187,0.2083479660693025,0.0167883097881292,0.0095949337441698,0.0052615121451231,0.0006854389148583,0.0175232066759802,0.009867488608639483,0.004892144380735403
621242,2024,"Díaz, Edwin",R,912,54,2,1.0042949506645489,0.9629118495564803,0.9291045353528392,0.0043006323786602,0.0042395789974477,0.0370824687294079,0.0107339269869193,0.0442992393013233,0.0078269586675561,0.0415059321805787,0.0472408636143197,0.03998891705056604,0.007261270612665006
621242,2025,"Díaz, Edwin",R,1067,62,3,1.013653602068989,1.000977626595,0.9569570281659556,-0.0028905210261307,0.0045015598025243,0.0155664965001194,0.006382328071936,0.0582031951967663,0.0091260315927117,0.0636542666927821,0.0531554249331527,0.045342855354594355,0.007725835832886478
621242,2026,"Díaz, Edwin",R,395,21,3,1.053543455472003,1.0312139512135787,1.0251781614505775,-0.0043187355267294,0.0201951497370086,0.0266482397851532,0.0113560202406956,0.0079471231879515,0.0071833421315309,0.0099561724152179,0.0055244461786009,0.008774421705548489,0.0063194658878604265
621244,2024,"Berríos, José",R,2914,32,5,2.0908738146770705,1.9089655973726236,1.9012266604542944,0.0892160388814964,0.0097592747705652,0.0926921784229502,0.0089678358175131,0.0106123586729469,0.004249712394407,0.011365097714156,0.0098151263356973,0.010737604792999712,0.004151799838386483
621244,2025,"Berríos, José",R,2583,31,5,2.1520515878555866,2.004390408831386,2.001657939308182,0.0815304257895138,0.010571841666011,0.0661307532346864,0.00826890438865,0.0037482574500455,0.0052078611642747,0.0065136640048789,0.0008658759975565,0.004781913110782576,0.00490188558561296
621294,2024,"Heller, Ben",R,255,8,6,2.5489598566892067,2.360656278092003,2.341888961113912,0.139099707250912,0.033381881596356,0.0492038713462911,0.0267836895086264,0.0251877148916485,0.0047238294285135,0.0299448474450068,0.0212539322032945,0.024529245468175247,0.004590430938223065
621345,2024,"Minter, A.J.",L,522,39,3,1.495111986719451,1.356323028115292,1.3397285688626674,0.0847408919450575,0.0222333878200809,0.0540480666591013,0.0128701373263866,0.022383224108191,0.0075378323053632,0.0081819479252978,0.0399501206581283,0.021205596150837842,0.007028636534747059
621345,2026,"Minter, A.J.",L,677,48,4,1.5773280232952878,1.4543372844962053,1.4485952876604342,0.1073795892520142,0.0185725554826892,0.0156111495470683,0.0120690799284345,0.0079333303220754,0.004220880615989,0.0064975048833319,0.009652457641109,0.008269852706531267,0.00402290115081465
621363,2024,"Poche, Colin",L,543,43,2,0.9100459343373642,0.8595568360057034,0.8549769192435421,0.0174239104560343,0.0072013431430895,0.0330651878756263,0.0100382571814484,0.0063441193924836,0.0048207563773894,0.0047082115264885,0.008571319258236,0.006750152917732436,0.004679222912739739
621366,2025,"Borucki, Ryan",L,594,39,4,1.8989856416091884,1.6082376326125551,1.602936645449801,0.1840739681054495,0.0220045713407508,0.1066740408911839,0.0161165104196547,0.0069973030548351,0.0069003465619353,-0.0030196287162751,0.0174695499064504,0.008069057477450393,0.006231954307687924
621366,2026,"Borucki, Ryan",L,380,21,5,2.012730491447666,1.763272008760285,1.755839159767629,0.1871751023743165,0.0244202956722988,0.0622833803130648,0.0172536858978634,0.0101966881487695,0.0056758292148862,0.0120061359521163,0.0085731425169995,0.010414167410692551,0.005219815612441573
621381,2024,"Strahm, Matt",L,981,66,5,1.739638594315972,1.6117316659659302,1.6096711860859436,0.0767389560189247,0.0178401884630368,0.0511679723311168,0.0105516294188335,0.0027131956540492,0.0043557221850348,-0.0051780503905576,0.0106682523135721,0.003221570171947224,0.004250480267571658
621381,2025,"Strahm, Matt",L,993,66,5,1.92906629229317,1.8032540665198915,1.803054629121443,0.0840195533186336,0.0198813556360492,0.0417926724546446,0.0139097452477529,0.0002687128041515,0.0057224420601601,-0.0016205701313788,0.0020925005979167,0.0019559738015792784,0.005323642956598201
621381,2026,"Strahm, Matt",L,633,41,5,2.093532631299673,1.7482653508743755,1.7375375164227644,0.2326789517683883,0.0247356814197815,0.1125883286569094,0.0148367216828022,0.0143871169658264,0.006020898758457,0.0145052525324409,0.0142319192606661,0.01391372338288728,0.005484425754341206
621383,2024,"Banks, Tanner",L,1174,63,5,2.150300870353348,1.9084368041592707,1.9046303077826292,0.1724473545234748,0.0210444751543849,0.069416711670603,0.0120718642469412,0.005178246519324,0.004635401904372,0.0057071575433834,0.0045367723798878,0.005617941436808654,0.004509158996593498
621383,2025,"Banks, Tanner",L,1084,69,5,2.136892968116481,1.8602770464722365,1.8559513145605784,0.1565287552820604,0.0172743773122396,0.1200871663621844,0.0159795897887536,0.0057323880100702,0.0056611082365745,-0.0010082496508949,0.0142233569973634,0.006667030782219859,0.0052741526956017375
621383,2026,"Banks, Tanner",L,669,32,5,2.129527165954033,1.921651614280756,1.9214323928891963,0.0880181860609278,0.0166736090085364,0.1198573656123496,0.019392535328662,0.0002968807914034,0.0051077571366824,0.0031424333602667,-0.0023060277599598,0.0017522054699979743,0.004767819395280393
621389,2024,"Blach, Ty",L,1133,20,4,1.7455099511669905,1.6049286078657945,1.588413244559311,0.1380657308474468,0.0259690863636794,0.0025156124537492,0.0081129383598607,0.023302498911887,0.0063679787993779,0.0277865162860529,0.0192541325148321,0.022340434231262793,0.006051982322437092
622065,2024,"Young, Alex",L,267,17,5,1.5881236448550349,1.453031450805194,1.4528299680391576,0.0964820876732885,0.0326881714049679,0.0386101063765519,0.0164018600537523,0.0002703311484006,0.007887824441157,0.0038738673850981,-0.004368704006888,0.002118796462282609,0.0073097910784866195
622072,2024,"Wood, Alex",L,756,9,4,1.544766456492064,1.5287468984589483,1.5181182211412945,-0.005510044163225,0.0054495775080454,0.0215296021963408,0.0091766131207942,0.0140969825476254,0.0054421885600919,0.0127501500370387,0.0155116411558675,0.01404364157127681,0.005240967037630957
622075,2024,"Almonte, Yency",R,267,17,5,1.992492428513711,1.3559667108694875,1.3471870752056332,0.5100244904913589,0.0548331502526216,0.1265012271528636,0.013343377938504,0.0116625011057169,0.0057173116847033,0.0067656903948199,0.0179504512231188,0.011797629741104784,0.00548532042394435
622088,2026,"Antone, Tejay",R,906,58,6,1.947603581456308,1.82811540932059,1.8288571773871511,0.0342483347467833,0.0168820270933128,0.0852398373889346,0.0145368742773726,-0.0010030475646337,0.0048284452695278,-0.0004426079057882,-0.0016271333677014,0.0004670640454998449,0.0045382643080285525
622098,2024,"Smith, Drew",R,328,19,5,1.952725638551508,1.87282142975275,1.8688089048991117,0.0682624531766922,0.0146993744352682,0.0116417556220654,0.0190549950094648,0.0052855749076042,0.0049377004364046,0.004132516482288,0.0065053391922362,0.00577440901438736,0.004785939841245025
622250,2024,"Sborz, Josh",R,284,17,3,1.547225517599229,1.3011013925969408,1.2994998956435204,0.2282262104217624,0.0366015828445213,0.0178979145805255,0.0069400477911589,0.0021253510970626,0.0055121157436238,-0.0041812844022447,0.0100252418804056,0.0029604567498837716,0.005303333333145148
622251,2024,"Staumont, Josh",R,420,25,4,1.3550680755453557,1.3673701886929457,1.3289757819088035,-0.0044579333270777,0.0137702746086014,-0.0078441798205123,0.0104189233790566,0.0507095938658474,0.0087839044973104,0.0528753227125624,0.0480926715094002,0.04438464552297175,0.008005631963611162
622253,2024,"Tate, Dillon",R,590,33,3,1.396827238767652,1.1386280594743476,1.13196147506494,0.1578636160468415,0.025238916962117,0.100335563246463,0.0142971713615298,0.0092547877683542,0.0057806651314435,0.0030806472301917,0.0164684519685544,0.00958803447100325,0.005541196391961103
622491,2024,"Castillo, Luis",R,2858,30,4,1.8522531042727768,1.747558239209639,1.7306515488275775,0.0710429410591824,0.0080310810163889,0.0336519240039552,0.0073263682917121,0.0226108194253306,0.0072663829347295,0.0224348372944368,0.0227985450446496,0.021478416546175598,0.0068070204782192415
622491,2025,"Castillo, Luis",R,2988,32,4,1.823641889660647,1.7390971394407606,1.7232586009681932,0.042554513086944,0.0081246018056799,0.0419902371329423,0.006719367458154,0.0211180512967567,0.0063486995276152,0.0281274640117881,0.0140898465905323,0.019784030448207632,0.005816627779232887
622491,2026,"Castillo, Luis",R,2366,29,5,1.8905621797458352,1.812721357898598,1.7987839491475726,0.0545025359376148,0.0106474495844762,0.023338285909622,0.0074152256668124,0.0185989335053165,0.0072210469226695,0.0181949137912955,0.0190538190106711,0.017005445050324756,0.006345092105896681
622503,2025,"Crismatt, Nabil",R,534,8,5,2.1382289449710936,2.067420771730352,2.0528789173648754,0.023933648392873,0.0178021338067234,0.0468745248478686,0.0242588823506593,0.0203814966697231,0.0060232122979483,0.0227041485090117,0.0189544436328721,0.01926937941828058,0.005563229006570245
622554,2024,"Domínguez, Seranthony",R,1064,63,5,2.002891934638195,1.8685365936740113,1.838258354778122,0.0819567745316333,0.0189351436175003,0.0523985664325501,0.0124050853135848,0.0398220595614663,0.0074141536001235,0.0494667248623165,0.030889262413774,0.036466112897132495,0.006928045526817497
622554,2025,"Domínguez, Seranthony",R,1101,67,5,2.046341210995491,1.6519572867016137,1.6205031074822522,0.2707943553766812,0.0265046684225656,0.1235895689171958,0.0160970176409904,0.0413258368979914,0.0081160510661787,0.0477519561761231,0.0344554427068037,0.03453399208802915,0.007083840101820099
622554,2026,"Domínguez, Seranthony",R,1111,67,5,1.9185748841341268,1.6495721539934662,1.638125441661967,0.1124438697524861,0.0195878071895131,0.1565588603881745,0.017297614070511,0.0149264053994081,0.0066753165308775,0.0184387667816887,0.0116836157710723,0.014257739136691715,0.00596525384805812
622608,2025,"Senzatela, Antonio",R,2284,30,6,1.7759070901958105,1.6619099337263554,1.6496250220420514,0.0824300689282736,0.0198476175973134,0.0315670875411812,0.0136982917379422,0.0168520950672375,0.0068232312500425,0.0101266822782701,0.0237825509290392,0.01612073201873038,0.0061749719674873416
622608,2026,"Senzatela, Antonio",R,1165,57,6,2.147589238351942,2.094182738242922,2.0754136320902217,0.025358406146972,0.0134861341122305,0.0280480939620483,0.0126177584533573,0.0255444026494104,0.0066819422339429,0.0250998358756537,0.0260037531163562,0.022732524495016698,0.005969980709838876
622663,2024,"Severino, Luis",R,2889,31,6,2.3212511959421813,2.155341082090746,2.1138106799581364,0.0746383562677207,0.0150832660557286,0.0912717575837144,0.0105315264966293,0.056408712628636,0.0113545859864233,0.0664044405273653,0.0460785196472534,0.04547013856400629,0.009806380660558433
622663,2025,"Severino, Luis",R,2731,29,6,2.341414214207128,2.2220263763743087,2.1788321069720795,0.025185201323073,0.0084501720881379,0.0942026365097467,0.0091234833733272,0.0582536048086355,0.0073156842444372,0.0552816440781948,0.0612050894316814,0.04904817378323521,0.006532814107106941
622663,2026,"Severino, Luis",R,1086,12,6,2.347874151688752,2.210825759765676,2.198801205751374,0.0584464397812157,0.0246773352096331,0.0786019521418602,0.0177721822905424,0.0160425868053215,0.0033328609968108,0.0148609343900552,0.0174396611086255,0.015780173377223244,0.0032327756578075743
622694,2024,"Hernández, Elieser",R,251,9,5,1.971281935540428,1.7239636942348011,1.7147478438976402,0.2273812825042878,0.0373309454358886,0.0199369588013387,0.0255539277779061,0.0123699381530878,0.007639638218666,0.0236922609983202,-0.0083876537298381,0.012502503581434664,0.007110954571311234
622786,2024,"Tinoco, Jesus",R,644,32,5,1.647258301309565,1.578032264115853,1.5690543215161248,0.0427157146646775,0.0197697009340597,0.0265103225290345,0.0116290563314081,0.0119705901329709,0.0055374483302418,0.0231892969604462,-0.0003699873772517,0.012074885495928413,0.005325883437223552
622786,2025,"Tinoco, Jesus",R,304,20,4,1.827661799685403,1.737663454820581,1.7325089250331154,0.0458888832471477,0.0242498834573654,0.0441094616176743,0.0212308295388359,0.0070268029389662,0.0050542688978616,0.0009574105219625,0.0146288702087485,0.00765233550955559,0.004773162332801204
623149,2024,"Sewald, Paul",R,629,42,3,1.0284761179899635,0.9952945234779534,0.9901754345845124,0.0450711751483239,0.0121600765121588,-0.011889580636314,0.0059953466867738,0.0069245309977943,0.0044911641079733,0.0052844948627285,0.0087667633686903,0.007250285211672015,0.004376057492842196
623149,2025,"Sewald, Paul",R,317,22,2,0.9879518646178036,0.9653690137445448,0.9671653355382198,0.0077112198894818,0.0069560877522245,0.0148716309837768,0.0105210408362872,-0.0024231234408295,0.0018722149698451,-0.0045629991193365,-0.0008102320712086,-0.0021738079006233795,0.0018568319820276922
623149,2026,"Sewald, Paul",R,854,62,3,1.121396751976317,1.1002122079906034,1.101936918121552,0.0173874577116203,0.0053156743687202,0.003797086274093,0.0062041855785705,-0.0023158843582235,0.0025168548264963,0.0002496370115115,-0.0047708909612624,-0.0018339361807554674,0.0024729093204784716
623167,2024,"Flexen, Chris",R,2797,33,7,2.196902831390781,2.0664696827812783,2.064018126579877,0.0752990083401903,0.0111165778829443,0.055134140269312,0.0091050771359785,0.003282433075787,0.0032687351734499,0.0061844614138044,0.0001940096370077,0.003559201611432271,0.003223546055418404
623167,2025,"Flexen, Chris",R,673,21,6,2.0631529320568327,1.9520521147577747,1.9445831707435757,0.0469153279236706,0.0179664544856012,0.0641854893753871,0.0211189423271014,0.010175302270357,0.0053745888417744,0.0077462251477246,0.0133535340195955,0.010493130618178031,0.00504015403997822
623211,2024,"Brazobán, Huascar",R,899,39,4,2.004014531593249,1.8401738892020387,1.8145055568677528,0.0702239834624219,0.0211648850059762,0.0936166589287882,0.0158674267877109,0.0338355289861043,0.0097370914970131,0.0403763316695841,0.0274088100703596,0.02973387549672956,0.008707268184536899
623211,2025,"Brazobán, Huascar",R,1011,52,5,1.921822093518927,1.783893431926548,1.773309976531222,0.0501040165923624,0.0141198031823504,0.0878246450000162,0.0158321040981069,0.0142855452665882,0.0081207989295495,0.0100437998306179,0.0183607300179,0.013934053404142822,0.007086996409786267
623211,2026,"Brazobán, Huascar",R,1040,60,5,1.5291788925767302,1.391609980235519,1.3906110073566131,8.666050785381919e-05,0.033910152399099,0.1374822518333572,0.022489011126211,0.0013475120545552,0.0091278467682635,-0.0047063829100493,0.0073857233534484,0.004635399327557864,0.007524358857965128
623352,2024,"Hader, Josh",L,1166,71,4,0.9535085096990176,0.959597619251264,0.9613010866163514,-0.0013305809222223,0.0081334011007432,-0.0047585286300241,0.0068964310138976,-0.0022367600762296,0.0035225033659528,-0.0008753430845966,-0.0035207222718397,-0.0017415517194197747,0.0034661388354933855
623352,2025,"Hader, Josh",L,847,48,3,1.209236900752872,1.1839891945146988,1.1846496550406682,0.0174934848000497,0.0048469448863362,0.0077542214381232,0.0092794945594512,-0.0008713552422059,0.0031519544173876,-0.0010881402597972,-0.0006701943700265,-0.00025519124298820604,0.003080166033295052
623352,2026,"Hader, Josh",L,676,45,2,0.944930295461076,0.9275778387272108,0.9231212645466552,0.0069955037141223,0.0066178941480937,0.0103569530197429,0.007422318338252,0.005918750778105,0.0037307861641089,0.0064273996325921,0.0053441265491865,0.006334170982334856,0.0035919659900405724
623433,2024,"Anderson, Nick",R,573,37,4,1.767274312261217,1.6928911066100136,1.6811138408444544,0.0585485341635859,0.0142678255628655,0.0158346714876172,0.0164376364891727,0.0160675554372984,0.0055439652481398,0.0129340562392495,0.0205413953327787,0.015864330485662787,0.0053316808026852135
623437,2025,"Topa, Justin",R,979,54,4,1.933919829531384,1.7053261196135063,1.685584685496895,0.1716957597158014,0.0283988865638795,0.0568979502020767,0.0132214303653156,0.0271444719103404,0.008596230001553,0.0334417460892864,0.0209524446536052,0.02342253289823057,0.007396401919125042
623437,2026,"Topa, Justin",R,413,25,4,1.9077603706945336,1.7443041629761735,1.7328350337137175,0.140910158921403,0.0406949586481552,0.0225460487969564,0.0140464764468173,0.0155303291324405,0.0050198612432495,0.017042836600359,0.0136508161759829,0.015040533418298745,0.004696093764876836
623454,2026,"Anderson, Drew",R,1770,49,5,1.8426283233128504,1.767716007142206,1.7637614146382377,0.0160293185498952,0.0059497298165166,0.0588829976207489,0.0136665797427607,0.0053310195978854,0.005552231696955,0.0067904712756362,0.003699729254851,0.006263435506362693,0.005123195854640727
623465,2024,"Phillips, Evan",R,917,61,4,1.81368305370198,1.527148396361947,1.515485496625291,0.2157086360902005,0.0236682497594208,0.0708260212498327,0.011366967371812,0.015499824722483,0.0064100504959963,0.0220524189459205,0.0085560308439149,0.015290452326048752,0.0060880618575995405
623465,2026,"Phillips, Evan",R,423,31,4,1.684816676527469,1.5602509691191913,1.5597724793645382,0.0900146371431273,0.0236723692074444,0.0345510702651502,0.0133917332201226,0.0006325036444321,0.0033220931831655,-0.0015437418475097,0.0029491520713379,0.001277776774493285,0.0032229462574201767
623474,2025,"Herget, Jimmy",R,1281,59,6,2.0776343762360883,1.8088198158804636,1.7726769728178204,0.0554973382603197,0.0102039233640191,0.2133172220953053,0.0142885316111409,0.0496237748802203,0.0106791608668709,0.0604458164565869,0.0385909143121063,0.03669494560587086,0.00860182008874857
623474,2026,"Herget, Jimmy",R,946,51,5,2.138716217224325,1.827019361700705,1.807671107979597,0.1099326775619298,0.0122573559941039,0.2017641779616903,0.0164474148337718,0.0258158646264707,0.0049801387096365,0.0239429349923545,0.0278833121751094,0.024066596141807943,0.00466352401108716
624133,2024,"Suarez, Ranger",L,2354,27,6,2.264051175183927,2.1709903887331197,2.1670890025246146,0.0401895925885745,0.0105197945189199,0.0528711938622326,0.0074759074283316,0.0053147356104286,0.0042942260449846,0.0085776420053158,0.0016339200221075,0.005688642362834483,0.004193277289968557
624133,2025,"Suarez, Ranger",L,2430,26,6,2.4422400519821723,2.2004451450133384,2.186915065330698,0.1364231541976787,0.0253507591940497,0.1053717527711552,0.0134545874961528,0.0184916162141814,0.0050562284703994,0.016689207852252,0.0204155823493572,0.017876896315867946,0.004774812688709278
624133,2026,"Suarez, Ranger",L,2384,28,6,2.4677287109822017,2.231732153067876,2.2311465506961117,0.1553709723803281,0.019388304167733,0.0806255855339973,0.0075929958014615,0.000788743533495,0.0049547702835709,-0.0024678821389508,0.0038180801731857,0.0021086594179432223,0.004642673345553658
624522,2024,"Thompson, Keegan",R,538,24,6,2.0321620478381286,1.776484096249204,1.7771878161232697,0.1423133128666744,0.0241167272337172,0.1133646387222504,0.0236385850706711,-0.0009234177859691,0.0036059085737258,-0.0063891221656853,0.0049287505397876,-0.00044889456277497075,0.003545513806384966
624647,2024,"González, Victor",L,386,27,4,1.590195439424073,1.3457093425799445,1.3449239944740208,0.198684935926396,0.0368800284900747,0.0458011609177322,0.0165215262343483,0.001048942452895,0.0059436259214283,0.0037696921320587,-0.0026753624357963,0.0021002185441122666,0.00568423704373919
625643,2024,"López, Reynaldo",R,2110,26,4,1.5407247018172954,1.379636131070057,1.352294819588553,0.1073279123538296,0.0138382388327739,0.053760658393409,0.0094862011163275,0.0368391872451931,0.0065675472313792,0.0295367449500128,0.0447639415335711,0.03443715094781233,0.006222507709063519
625643,2026,"López, Reynaldo",R,1368,26,4,1.5500268784745823,1.4534303917265483,1.4454736296462374,0.0514540480109732,0.0082940960369168,0.0451424387370605,0.0085118351240845,0.0106609701526598,0.0055191287492311,0.0074310705180544,0.0137005144856059,0.010800067466945406,0.005097154523632151
628317,2024,"Maeda, Kenta",R,1958,29,7,2.3699536847327205,2.1847426770823075,2.145929763265439,0.1035291384213583,0.0335448168552968,0.0816818692290544,0.0133022585793795,0.0516626004442066,0.0110123812680976,0.0619975790452797,0.0383908189176732,0.042367635853287025,0.00958339769721107
628452,2024,"Iglesias, Raisel",R,928,66,4,1.9729813192977652,1.761068965770811,1.727344360496481,0.113406822885988,0.0189749639620923,0.0985055306409659,0.0182300496239403,0.0465720739502649,0.0084876367715838,0.0395634597735068,0.0535806881270231,0.04126117785319973,0.007779424615437245
628452,2025,"Iglesias, Raisel",R,964,70,4,1.862228979137426,1.639732860501434,1.6273271743788689,0.0931954554135637,0.0155239760074655,0.1293006632224284,0.0189595390335771,0.0171088432362696,0.0064708216220206,0.0165755041627531,0.017797812400091,0.016396307088837846,0.005910111120885006
628452,2026,"Iglesias, Raisel",R,911,59,4,1.8142954873711885,1.6343007484654235,1.624027378544714,0.0829628674718571,0.016291089987284,0.0970318714339077,0.0142319116224105,0.0139271428538189,0.0085127115675001,0.0121918971146715,0.0159055440468595,0.013252190310484522,0.007168483323271511
628708,2024,"Marte, Yunior",R,482,23,5,1.803072663326488,1.7091281381695689,1.7048246424157567,0.0865774154899049,0.0388598452811321,0.0073671096670145,0.0180792274898219,0.0058430562065842,0.0044391810076259,0.006048112005696,0.0056368419001329,0.00621521215495766,0.00432792761711395
630023,2024,"Chirinos, Yonny",R,515,6,4,1.903506862441706,1.822489642531986,1.8034363949997247,0.0138895409202339,0.0101037910139114,0.0671276789894861,0.0208373131830702,0.0264485781108209,0.0055924335604589,0.0325737951839002,0.0202234933680719,0.025449627354787868,0.005374749330963631
640448,2024,"Finnegan, Kyle",R,1067,65,3,1.1278466009629644,1.0573982878659418,1.0290990724797553,0.047170805222621,0.0103246339622322,0.0232775078744016,0.0102476480281067,0.0378386752093498,0.0087720039985321,0.0247507601590822,0.0514621571158942,0.03370279482774841,0.00799661960130501
640448,2025,"Finnegan, Kyle",R,846,56,3,1.1996567177600408,1.1359863115752011,1.1231645654821172,0.0531058477860538,0.0136612383869417,0.0105645583987856,0.0082727349360563,0.0176377190158519,0.006805111418567,0.022061427626497,0.0132569590324947,0.016767965277009703,0.006161531888514762
640448,2026,"Finnegan, Kyle",R,1062,63,3,1.455162587280828,1.352587009774717,1.3486027370192006,0.0624871888915054,0.0136186304976856,0.0400883886146057,0.0087142125337881,0.0053560729953904,0.0035834929382914,0.0006129574438678,0.0100040884857296,0.005779647101397676,0.0034599468694044206
640451,2024,"Harvey, Hunter",R,906,49,4,1.4420419141416605,1.358007245713493,1.346887944432784,0.0532578612444821,0.0108174254042679,0.0307768071836849,0.0118007530812969,0.0146638820383151,0.0051020764548765,0.0105584369918913,0.0191573417080289,0.014580099272474696,0.004935164735820669
640455,2024,"Manaea, Sean",L,2996,32,6,2.3963557318154773,2.317953596646921,2.139159101709378,0.0251066271266264,0.0062903719532241,0.05329550804193,0.011055446271937,0.2373364230539996,0.0313547251313759,0.257368934244615,0.217950121901791,0.07561477454937257,0.016530384597917752
640455,2025,"Manaea, Sean",L,1095,15,3,1.206672157374712,1.1860184221864958,1.1887172882214467,0.0114543079873638,0.0062813787402456,0.0091994272008522,0.0090496162649606,-0.0035519931589798,0.0039261732617554,0.0017844787858836,-0.009808066013402,-0.002436362819461165,0.0037899686370780872
640455,2026,"Manaea, Sean",L,2493,33,5,2.0028006958586335,1.8930129566993648,1.850232138073494,0.0405929289223755,0.0190501869558074,0.0691948102368933,0.0124477488671802,0.0580580189625994,0.0102543568421095,0.0513595876300846,0.0654064122394793,0.04072576764060168,0.008118913722433958
640462,2024,"Puk, A.J.",L,1173,62,6,2.0956639386404845,2.050346403923595,1.9763624664375088,0.0175705494459822,0.0079776566217921,0.0277469852709077,0.0092693838966948,0.0985052879355033,0.0115020777656871,0.0930677060236599,0.1044196246595225,0.07645037308825796,0.00990092316694628
640470,2024,"Alzolay, Adbert",R,329,18,5,1.836874226037912,1.633209312454992,1.6310633491560458,0.1693265937782298,0.036703002963737,0.0343383198046899,0.0150264072413293,0.002790600495468,0.0077394043131256,0.0006718187567175,0.0050299633087816,0.004235181486404322,0.007191197817957658
641154,2024,"López, Pablo",R,2986,32,5,2.0940268102789767,1.9631283128174004,1.9607633304098817,0.0947704221917405,0.012669090117504,0.0361280752698361,0.0067526322728605,0.0031925124181061,0.0040407650603098,0.0059295120926559,0.0005335733403349,0.0036131311584774155,0.00395631848992142
641154,2025,"López, Pablo",R,1258,14,5,2.0753709894224306,1.895888714440262,1.8900058418260457,0.1381292703921753,0.0181390849040431,0.0413530045899936,0.0101163450077515,0.0078231012142534,0.0063862206394847,0.0087313407794991,0.0069670807615885,0.008632101871229914,0.005845442620580578
641302,2024,"Alexander, Tyler",L,1668,23,6,2.274986191151718,2.1409063178070085,2.1080304147318336,0.0949999146139911,0.0201536418758902,0.0390799587307181,0.0092641879590253,0.0451705159220698,0.0077572835918345,0.0411459720823743,0.0493161998773414,0.040806576785099566,0.007205533730703871
641302,2025,"Alexander, Tyler",L,1585,52,5,2.308961208007533,2.1247670444367923,2.113950517592408,0.15581401355234,0.0166191987456173,0.0283801500184,0.0098341078782822,0.0147286899040798,0.0049012620536458,0.0165126661806208,0.0124883476033075,0.014532424554713673,0.004643661711242525
641302,2026,"Alexander, Tyler",L,1200,75,6,2.333615043121689,2.031330896186117,2.0174616109015178,0.2146048197821178,0.0206682658543031,0.0876793271534542,0.016928689991473,0.0187634073748799,0.0054621020030935,0.0214688028539696,0.0161242910723381,0.017729409298816546,0.005052131122640716
641312,2026,"Anderson, Shaun",R,351,12,5,2.214878920482163,2.013822379482389,2.0118731761096336,0.1534123850984321,0.0211585337585863,0.047644155901342,0.0201938130415729,0.002651823193167,0.0056086616674814,0.0022692402966513,0.0031427481488731,0.004005372200440355,0.005167428640918924
641329,2024,"Baker, Bryan",R,369,19,4,1.7524981063591023,1.5728679103217849,1.5691206688176902,0.1167086329265419,0.0293216455515562,0.0629215631107755,0.0186166331741491,0.0050098989674312,0.0054186289406037,-0.0024735260309745,0.0151796816575724,0.005611253233129263,0.005219915382096935
641329,2025,"Baker, Bryan",R,1102,73,3,1.5303347761127355,1.4150232344233875,1.414940432607053,0.0714518946501134,0.0149154058062937,0.0438596470392342,0.0090622210753347,0.0001104692513326,0.0041267806823351,0.0021317652105926,-0.0021273941321337,0.001060357400385849,0.0039694605771985044
641329,2026,"Baker, Bryan",R,977,65,3,1.1752943798170603,1.145396688257648,1.1475574239375452,0.0226665980617815,0.009181394680675,0.0072310934976304,0.008241394490849,-0.0028760746038954,0.0024265351130395,-0.0060433696817146,0.0004686599740816,-0.0024089315263992415,0.002387080511705854
641401,2025,"Brogdon, Connor",R,840,43,3,1.4849786654595534,1.3654898306438,1.3425467965821611,0.026455157095735,0.0080768541495197,0.0930336777200188,0.0150219771676101,0.0300189230713029,0.0072587070605612,0.0293286831047548,0.0305804742305285,0.02657635463024436,0.006492145094804041
641401,2026,"Brogdon, Connor",R,281,16,4,1.5580380839669954,1.5721219803947737,1.571580770849067,0.0038705425715453,0.0128074679161886,-0.0179544389993232,0.0166804215863331,0.0007207577362249,0.0036658031438485,-0.0013904160853426,0.0032986120867705,0.0014902946853242276,0.0035338600785541374
641482,2024,"Cortes, Nestor",L,2849,31,6,1.9250066671983777,1.7580062710284532,1.7545544485924982,0.0659594423448668,0.0084937758654318,0.1010409538250577,0.0091778820487419,0.0046062023981434,0.0046340712396259,0.0080286811905104,0.0009755998954297,0.005076376156268084,0.004507934089469434
641482,2025,"Cortes, Nestor",L,599,8,5,1.875812975506756,1.7642561374285726,1.7717309445257132,0.051100250135951,0.0126421902941088,0.0604565879422324,0.0166899892901135,-0.0101298856361698,0.0033410879063571,-0.0115872170369917,-0.0087243704629327,-0.008975506084882647,0.0032559422255707465
641540,2024,"Dunning, Dane",R,1689,26,7,2.215277369230863,1.9876319222844243,1.9796907375347723,0.1596055267352958,0.0197658848971739,0.0680399202111428,0.0174039972174218,0.0105694728464634,0.0099463072840589,0.0136149679799983,0.0073512186696973,0.011148206825680896,0.00885590944504082
641540,2025,"Dunning, Dane",R,372,12,6,2.033139605254114,1.8619604314500695,1.8422847290151985,0.1107161349993282,0.0233204685603694,0.0604630388047162,0.0173950601641307,0.0263286377905477,0.0057673110204191,0.0234555983343932,0.0295525828291333,0.024485489271823112,0.005359712471030447
641585,2024,"France, J.P.",R,466,5,6,2.2659196957375154,1.987599577776015,1.9838345134796695,0.2194716119202102,0.0378410653287099,0.0588485060412903,0.0089709055535044,0.0051003487270258,0.0066731420964589,-0.0028900436691998,0.0184176693874018,0.005970153714703977,0.006312096518069451
641656,2024,"Hamilton, Ian",R,619,35,3,1.463355481870213,1.4015768748021689,1.3974343143836827,0.0106486900058536,0.0115187850654109,0.0511299170621907,0.013475235891723,0.0056233440768484,0.0071801618743132,0.0028374914346143,0.0087187359015529,0.00655118991875981,0.006735985275333571
641656,2025,"Hamilton, Ian",R,641,36,3,1.424803399864176,1.2058654023321729,1.2020893036711582,0.0992892564025841,0.0201705144603484,0.1196487411294191,0.0156875795127468,0.0050957457720215,0.0061546109311794,0.0102687616015563,-0.0005558309932852,0.006271550927355022,0.005666265354272087
641672,2025,"Hatch, Thomas",R,586,12,6,2.5027899728007927,2.371482415398945,2.3606899339170044,0.1153750728481352,0.0335997238694446,0.0159324845537131,0.0106799784135193,0.0145388371227978,0.0065116795390768,0.0116713187373547,0.017290104762885,0.01424937615087555,0.005941192632281906
641703,2024,"Honeywell, Brent",R,453,20,5,1.2320161688787457,1.1142765745904812,1.1165440550787404,0.1237879827529269,0.0532334186716376,-0.0060483884646625,0.0098558913475101,-0.0033349631856537,0.0094463352859845,0.0168536092036614,-0.0184763924776402,-0.00014912024378531744,0.00849748709118502
641712,2024,"Hudson, Dakota",R,1510,18,6,2.285208772310838,2.144089791239238,2.1449379552059034,0.0778451599869789,0.0320214674560459,0.0632738210846215,0.0148667242408982,-0.0011600793384644,0.0046854994629955,0.0049778562178985,-0.0075708120306658,-0.00036381688218898624,0.004555233599095794
641726,2024,"Jefferies, Daulton",R,281,6,5,2.2706340845559776,2.2366812712876403,2.2206883592027316,0.0146928183116683,0.0173524476500709,0.0192599949566692,0.0215371742509951,0.0216058091147082,0.0108938797847713,0.0133200065689157,0.0324694168969694,0.019637779017513363,0.009504993777861898
641729,2024,"Jiménez, Joe",R,1089,69,3,1.2147686127341402,1.1357889622202162,1.115739341871145,0.0592962546667315,0.0091382335646748,0.0196833958471922,0.0081555691768772,0.0268561335303058,0.0070451248964267,0.0303358026947035,0.0234859939037704,0.025291537206677314,0.006624114639121197
641743,2026,"Kay, Anthony",L,2788,33,6,2.4957456747333064,2.221459942007628,2.2170364158813145,0.1302418592565019,0.0133945358691014,0.1440438734691758,0.0146524806562546,0.0059377904863562,0.0050406012199557,0.0150420821843782,-0.0042534421592867,0.006650599379356621,0.004713060845007513
641745,2024,"Keller, Brad",R,743,16,6,2.056314900101969,2.0021106524598684,1.9874126161632732,0.050618198716333,0.0284524331092422,0.0035860489257676,0.0203164696357501,0.0198196750787119,0.0085906378228662,0.0161743723825743,0.0235317415604931,0.018765883095029374,0.007858502791336363
641745,2025,"Keller, Brad",R,1113,68,5,2.1378491118427516,1.7107665961312088,1.7153073100153742,0.312416219420938,0.0208085510814328,0.1146662962906043,0.0143561700791035,-0.0060380102187283,0.0061065160998153,-0.0067044509893759,-0.0053794844216039,-0.0032034511934789164,0.005628667596789776
641745,2026,"Keller, Brad",R,533,32,5,2.253451233165602,1.8596562600722983,1.8610147879853849,0.3841141968236853,0.0337815981200124,0.0096807762696183,0.0141477575017983,-0.0018193351197862,0.0059979350275218,-0.0060422888621621,0.0043326221839218,0.000452194981973705,0.005467052758593325
641755,2024,"Kinley, Tyler",R,1185,67,4,1.165838905357463,1.1434039308289523,1.134407910317414,0.0179644440279922,0.0149193090016212,0.0044705305005182,0.0119013041670701,0.0118316141023008,0.00502851143989,0.0077873220085036,0.0162812781309076,0.011927469091140426,0.004868493651022085
641755,2025,"Kinley, Tyler",R,1225,73,4,1.3389566030439988,1.2546957755392265,1.2483694642302474,0.0262348531935253,0.0079313418447278,0.0580259743112473,0.0109724019458026,0.0084327871093571,0.0049053684162587,0.0068136010596246,0.0099999650418606,0.008881604204484216,0.00464715359175678
641755,2026,"Kinley, Tyler",R,909,64,5,1.3357868493613536,1.255764169277243,1.2587418092169866,0.0458357778406645,0.0129617664300264,0.0341869022434462,0.012038947696632,-0.0039804039782749,0.005961595915256,-0.0010710400065084,-0.0074323502984738,-0.0013697703837921259,0.005439491701663761
641771,2024,"Kuhl, Chad",R,980,31,6,2.396040092390098,1.9922927385414044,1.9694735142233015,0.2292875282600306,0.0277116299857024,0.1744598255886625,0.0221102786704556,0.03017927102799,0.0080899641937461,0.0269053901764621,0.0341687006883848,0.027699710249753567,0.007469793145781899
641778,2025,"Lauer, Eric",L,1682,28,6,2.02759931981399,1.9594474837440248,1.9483447836561143,0.025314419250843,0.0108521975536652,0.0428374168191219,0.0163600812801114,0.0148684247992552,0.0061134441564157,0.0110284676079147,0.0198295373749287,0.014558455644722848,0.005634091807412635
641778,2026,"Lauer, Eric",L,1814,22,5,2.0973161213321543,1.98040790730469,1.9710852283082492,0.0901025378133027,0.0118060947633033,0.0268056762141612,0.0086131032578634,0.0125641453934205,0.0056638471423265,0.0073976017859847,0.0182296386950323,0.012417016062303563,0.005210491199625343
641793,2024,"Littell, Zack",R,2486,29,5,2.133439521902088,1.9946919991591912,1.9819234252670483,0.0388877876488796,0.0087709037072402,0.0998597350940169,0.012054604987208,0.0173457238775232,0.006245571133628,0.0208609253990599,0.0131753593483882,0.01697348217546619,0.0059466157245000595
641793,2025,"Littell, Zack",R,2788,32,5,2.1705309880714023,2.020089071878096,2.0114617132272654,0.0372281727704714,0.0100637833993482,0.1132137434228342,0.0115713180094575,0.0118604910840811,0.0041396275151032,0.0157083176416328,0.0081026721653025,0.011932002372280487,0.003980889481243241
641793,2026,"Littell, Zack",R,1975,26,5,2.2239500969140917,2.1040951832795236,2.0905668894883043,0.0364128414968434,0.0064345731157468,0.0834420721377248,0.0108769111627933,0.0186450664603327,0.0052387527975481,0.025240914286425,0.0110702247290184,0.01769867582478436,0.004873833582239024
641816,2025,"Mahle, Tyler",R,1381,16,4,1.7476482964901272,1.6960835710931448,1.6805968725132316,0.0469209068976015,0.0207043402650477,0.0046438184993815,0.0076056023181014,0.0206838788576981,0.0064345917072305,0.0123363442814885,0.0285302481310207,0.01939079860758153,0.005882468445387912
641816,2026,"Mahle, Tyler",R,2402,27,5,1.7573732840578384,1.63888137264433,1.624546019399621,0.0694439579029939,0.015175571307262,0.0490479535105145,0.0088082340756134,0.0192688967508624,0.0064774162201265,0.0119253430044343,0.0272201338492677,0.017798383630418035,0.00582276189169268
641835,2024,"Mayza, Tim",L,731,50,4,1.011002115589941,0.9434210964778904,0.9401387843678574,0.0041589712353547,0.0107729775926159,0.0634220478766955,0.0122418224068904,0.0044597958223682,0.006083147327188,0.0049588394903073,0.0039379821011391,0.005252745195708095,0.0058059087487736735
641835,2025,"Mayza, Tim",L,301,15,3,1.1079220150900426,1.0758630491894507,1.0802584236492403,0.0004512898873859,0.0056414853363807,0.0316076760132062,0.0174312353114054,-0.005828227807915,0.0051074050911051,-0.0148248797982134,0.0044415353130859,-0.0037746154136398466,0.004817840111430416
641835,2026,"Mayza, Tim",L,1085,60,4,1.4742356339640996,1.3482012842626374,1.3396708068322312,0.0619275437791239,0.0116159876030985,0.0641068059223382,0.0110548242827291,0.0113426078578318,0.0042258270012325,0.0102959236240045,0.0125918761369161,0.011366859586832277,0.004027182955563844
641927,2024,"Ober, Bailey",R,2696,31,5,1.9587713776192148,1.8864355327751097,1.8865806252646704,0.0194356706876813,0.0063359109818224,0.0529001741564238,0.0087537914408346,-0.000196963419866,0.0038718598407947,0.0011396298243103,-0.0014990125046501,0.0003196909608565307,0.0037973766231531383
641927,2025,"Ober, Bailey",R,2356,27,6,2.170749991406566,2.0390278974427827,2.0380022940314917,0.0802301146452865,0.0141861891522011,0.0514919793184969,0.0089251278779299,0.0013975255274732,0.0038257052648782,-0.0021323295704531,0.0050562681495878,0.002138938266465256,0.003699363078179565
641927,2026,"Ober, Bailey",R,2099,25,6,2.1295225000355664,2.027330949995795,2.0266148815320797,0.0729971931480373,0.0156287082143748,0.0291943568917337,0.009028353263732,0.0009778970106296,0.0041630103778734,-0.0047278123057795,0.0074353988167183,0.0019274551988411777,0.003972703943329447
641941,2024,"Pagán, Emilio",R,593,38,3,1.3871609446169468,1.323904997232817,1.3201261203470664,0.0652107529482197,0.0145981558632779,-0.0019548055640899,0.0102637567039818,0.0051752286218244,0.0056568616546838,0.0012793663086278,0.0086457784554143,0.005813519699968606,0.005431867306361579
641941,2025,"Pagán, Emilio",R,1068,70,3,1.356368484908735,1.2537186598847798,1.2287515843104906,0.0862077060143355,0.0144588391535524,0.0164421190096194,0.0068993424902039,0.033414582347545,0.0076591514905788,0.0297766194013595,0.0367720276689644,0.028927132924014748,0.0067739068645394996
641941,2026,"Pagán, Emilio",R,674,45,3,1.3336458361983028,1.213878394105796,1.2042521272840156,0.0617836297876533,0.0176882116333048,0.0579838123048537,0.0135025494643118,0.0130283209595978,0.0079022874767966,0.0173189920157134,0.007517367309541,0.012657062873909471,0.006792451827156568
642016,2025,"Robert, Daniel",R,255,15,4,1.859325657727101,1.76774599460453,1.766316158021064,0.07723571897981,0.0152041717162256,0.0143439441427609,0.0161592042060611,0.0018602465754275,0.003808482355086,0.0027908661582802,0.0011019639523624,0.002565622817283097,0.003683783950224844
642048,2024,"Saucedo, Tayler",L,626,53,6,2.0903120340756085,1.7830528188191,1.768056517015084,0.209154632226225,0.0239167185342218,0.0981045830302841,0.0214883557340388,0.0203637417121774,0.0114813807807834,0.0068744918835273,0.034029706604085,0.01855491382279646,0.009887712983621053
642048,2026,"Saucedo, Tayler",L,343,28,5,2.2303531961511487,1.99474255709905,1.987907014797872,0.1508374617917112,0.0310073389181655,0.0847731772603875,0.0214156781974982,0.0091585586300943,0.0069147086227876,0.012036518833808,0.0060949235745281,0.009680033054491857,0.0061342398501610055
642100,2024,"Speier, Gabe",L,422,29,5,1.7635525929503149,1.6350133862784864,1.6335765767829904,0.0283040070050722,0.0163107362857133,0.100235199666756,0.0251760395887582,0.0019007323106559,0.0042097987805431,0.0027557277124995,0.000821376413293,0.0024134588155998813,0.004114558131544017
642100,2025,"Speier, Gabe",L,921,76,3,1.5491966865994045,1.3529276193274673,1.3504917017206433,0.0650699057724472,0.0154772568916737,0.1311991614994899,0.0127712122064169,0.0033089677225441,0.0056296158668929,-0.005162052727348,0.0113893935695595,0.004551485785418927,0.00524865875437091
642100,2026,"Speier, Gabe",L,698,54,5,1.6297519218593344,1.455991489010674,1.4443446657885948,0.0449304834428198,0.0098205827634973,0.1288299494058404,0.0162946250302705,0.0159401619784537,0.0080186443958326,0.0134672742990793,0.0185939926587579,0.014783818430188625,0.006865920959395316
642121,2024,"Sulser, Cole",R,292,10,4,1.7903649683835174,1.612442421646122,1.6036122083802586,0.1088226914333551,0.0204555941324942,0.0690998553040399,0.0163041177326829,0.0113586884300972,0.0041920854083062,0.0166442879350013,0.0044011135716009,0.011447591210454647,0.004098015320344735
642121,2025,"Sulser, Cole",R,387,18,4,1.586401350424387,1.4621890797486188,1.4669811892385918,0.0142162867459564,0.0060524108034692,0.1099959839298115,0.0142881462274004,-0.0062233099752332,0.0050819679946894,-0.0054647801431068,-0.007023689729132,-0.004144730916526791,0.0047964712778122455
642121,2026,"Sulser, Cole",R,937,51,4,1.625392671990562,1.49430060685209,1.4818932112268806,0.0469931093475104,0.0077378100999389,0.0840989557909616,0.0130413299371998,0.0165373110964734,0.0040055384125412,0.013570271568051,0.0195640324544904,0.016126800394370096,0.0038351668995610993
642152,2025,"Trivino III, Lou",R,841,47,6,2.390580793002365,2.205959023085444,2.2032605652032196,0.1128257051032257,0.0243837187145155,0.0717960648136953,0.0149933561140612,0.0035795001245278,0.0066061242628278,0.0120773991716334,-0.0053021750085761,0.0051636486744776125,0.006012664053263328
642207,2024,"Williams, Devin",R,391,22,3,1.1728354439519442,1.2336372428736908,1.2296246293542343,-0.0469295548881609,0.0507048141658278,-0.0138722440335853,0.018834565607763,0.0051609601516687,0.0050181970530835,0.0106336359252507,-9.987010809713745e-05,0.0056726348733779335,0.004859131135449385
642207,2025,"Williams, Devin",R,1115,67,3,1.0238801944765128,1.0270177146478818,1.0250320672396946,0.0015995536711697,0.0094333295660892,-0.0047370738425388,0.0056857140174945,0.0025864449300568,0.0020956715381802,0.0041165404322288,0.0010419823339677,0.002795239643327587,0.0020741637614973005
642207,2026,"Williams, Devin",R,759,44,3,1.091117266334762,1.08561729802219,1.0815505978494575,0.0047761789490097,0.0060698700550218,0.000723789363562,0.0079000784732303,0.0053773962214352,0.0025243389405973,0.0070841147978191,0.0036467237001197,0.005594272643824748,0.002480007113988821
642232,2024,"Yarbrough, Ryan",L,1514,44,5,2.2333262902772564,1.9666537624572764,1.934879210199384,0.1398361508766689,0.0232757607658392,0.1268363769433111,0.0165399162681314,0.0430677458535799,0.009764559441284,0.0443157547283484,0.0418743783481094,0.03708965231060231,0.008726893463976685
642232,2025,"Yarbrough, Ryan",L,1017,19,5,2.309529010537393,1.9603882606960952,1.9546087873843896,0.2211937273977985,0.0488961416532021,0.1279470224434992,0.0171846020228654,0.0078057428393157,0.0083371636434295,-0.0051740988767512,0.0219754033793555,0.00904748509228329,0.007229434673804227
642232,2026,"Yarbrough, Ryan",L,1061,38,5,2.2833688794164884,1.8454504760609605,1.818044618359662,0.3315480045762095,0.0408560693442479,0.1063703987793182,0.0134669676539042,0.0367605752478856,0.0102380811322274,0.0408409304325365,0.0332107626995369,0.02739367663601022,0.008110828457654292
642239,2025,"Zastryzny, Rob",L,347,26,5,1.850724456077577,1.560983275798882,1.5503497958670511,0.1939294988442563,0.0216087364945571,0.0958116814344389,0.0147695422519941,0.0144133497513482,0.0048969921993663,0.0179661207301387,0.0103868759753856,0.014249617011902327,0.004640029851390865
642376,2026,"Yan, Jefry",L,367,18,4,1.852903696350459,1.649215324576796,1.5773693676645626,0.1154817948279682,0.0529073898392522,0.0882065769456945,0.0212598125974617,0.0976572821732953,0.0110841610843537,0.1018869100056452,0.0930342005890988,0.062360488455653076,0.008512556821234255
642397,2024,"Soto, Gregory",L,960,66,5,1.746432957201996,1.6709590262786302,1.6586996960192704,0.0247631907133787,0.0097904948437094,0.0507107402099867,0.012445393946542,0.0164141660376364,0.0077503492789661,0.0234299854427883,0.0097605764387288,0.015996081794563813,0.007199975292641487
642397,2025,"Soto, Gregory",L,1031,70,5,1.609234412344918,1.5510259482334865,1.5306512153508265,0.008546929342636,0.0067817012030244,0.0496615347687951,0.0135550762639525,0.0278968786215439,0.0075271290262082,0.0330344081350787,0.0232405860497833,0.02469968841706726,0.006682060175488727
642397,2026,"Soto, Gregory",L,1153,69,5,1.9089271088520832,1.8119938932743829,1.7794916341661875,0.0032333212316301,0.0083144182943,0.0936998943460702,0.0131606676470216,0.0430748330479878,0.0095621697960828,0.042337271336674,0.0437890330761378,0.03234250380847872,0.007762133955685131
642520,2024,"Garabito, Gerson",R,492,18,5,2.027146525976933,1.852363986276994,1.8502922512730224,0.1580459237907808,0.0377700504453458,0.0167366159091581,0.0115204510024263,0.0027036966099578,0.0040403112664221,0.0013647431960006,0.0043516392732899,0.003144438132134473,0.003955892553670285
642528,2025,"Loáisiga, Jonathan",R,467,30,5,1.708241252419156,1.508948633584475,1.491805234640885,0.1441531468265816,0.0269269848473884,0.0551394720080995,0.02016580359818,0.0239699619959778,0.0083286677417558,0.0236438378371083,0.0243420780234058,0.021205937866887535,0.007223893112000812
642528,2026,"Loáisiga, Jonathan",R,962,67,5,2.150854218994038,1.7946997708241634,1.7878346462417714,0.2715293263721645,0.034118295553119,0.08462512179771,0.0126830683101993,0.0093810367162804,0.0097946915258601,0.0040297648558789,0.0169757971229671,0.010164351100016232,0.007884971917829874
642546,2024,"Hernández, Jonathan",R,761,29,4,1.5047876728896992,1.3399181586878688,1.3346129676954503,0.1265472518797758,0.0312194379410584,0.0383222623220544,0.0096410882653996,0.0070828953425094,0.0042902055163319,0.0116461018280155,0.0010728185079404,0.007374126624862424,0.004189533447779231
642546,2026,"Hernández, Jonathan",R,413,16,4,1.5974025478639409,1.348552976422991,1.3344575598047843,0.2016408589011826,0.0413498962108344,0.0472087125397671,0.0140800489655972,0.0190865805354736,0.0072904150994104,0.0281786744958732,0.0086498811302261,0.017356662088475697,0.006391999974923682
642547,2024,"Peralta, Freddy",R,3066,32,6,1.7206484874662862,1.6551280792899077,1.650733981189661,0.0513006482281245,0.0078062323827251,0.0142197599482541,0.0072987200878004,0.0057598566803572,0.0035163445577911,0.0028275595912282,0.0086448987697461,0.006000383911328111,0.003460270479806252
642547,2025,"Peralta, Freddy",R,3086,33,5,1.76281453507316,1.6968886344413467,1.6805860959466967,0.0419069069943907,0.0083542704188401,0.0240189936374224,0.0051833251041365,0.0212905771453619,0.0042694013153605,0.0211388978522798,0.0214405966482,0.02061535941571105,0.004095888662525309
642547,2026,"Peralta, Freddy",R,2959,32,5,1.803999802660865,1.728672243612503,1.7263103707613123,0.0564021904179603,0.011670489484965,0.0189253686304016,0.0068337965231773,0.003135388858983,0.0041518719791845,0.0010120478323512,0.0052836427315952,0.0038885171213302863,0.0039630208416779516
642585,2025,"Bautista, Félix",R,626,35,4,1.3122659316512573,1.0947327799867084,1.0810933392257789,0.0428354618260557,0.0132708482177558,0.174697689838493,0.0170713747765971,0.0176410948684751,0.0073729046446277,0.0139415527969197,0.0215287492487537,0.016650465810619568,0.006573463454052406
642629,2024,"Ramirez, Emmanuel",R,371,15,3,1.3586007635965374,1.2733254003413736,1.2666901567752478,-0.0007330963976629,0.0067515426148233,0.0860084596528267,0.0141702496064657,0.0088549473490384,0.0062662307472551,0.0037364328070848,0.0141992787090194,0.009278632205232163,0.005964440079349774
642701,2024,"Santana, Dennis",R,1106,62,6,2.215537946332758,2.0724895289318135,2.059902292064363,0.0864612989083474,0.0222828914466757,0.0565871184925972,0.0145366838171873,0.0169981489321118,0.008227926896004,0.0125569892830786,0.0222050257620127,0.016446395924117823,0.0075779873839145135
642701,2025,"Santana, Dennis",R,1002,70,5,1.923684973014946,1.7066582292644623,1.7039768880723587,0.1248099978466109,0.0140172130435544,0.092216745903872,0.0175427981987468,0.0036854648484062,0.0057197290313298,0.0109587722129168,-0.0045903218302743,0.004912083380101776,0.00532145832353397
642701,2026,"Santana, Dennis",R,929,57,5,2.174134984412221,2.021906116969799,2.012004868862282,0.1121218389191931,0.0235694037533599,0.0401070285232284,0.013905161135588,0.013526852193947,0.0068321427000985,0.0118882844352182,0.0152957036276818,0.013125551726561489,0.00607637490474004
643256,2024,"Cimber, Adam",R,416,28,3,1.6035046496824257,1.0889776264833095,1.0836903250308807,0.4360495085391625,0.0373828015236367,0.0784775146599538,0.0128006907647765,0.0071181793016516,0.0068816679224401,0.0205038171461858,-0.0055097809290409,0.007812629038162516,0.006487699034329366
643338,2024,"Green, Chad",R,840,53,4,1.045835674677973,0.9669738151573604,0.9684670660270172,0.0755770964917177,0.0149067064451305,0.0032847630288942,0.0081731736791668,-0.001987845848671,0.005452712580106,-0.0010727696512271,-0.0030103974384322,-0.0008697245655476787,0.0052503643510830545
643338,2025,"Green, Chad",R,709,45,3,1.140559097681613,1.0704095711982762,1.0640544776417231,0.061562882572223,0.0135366960724334,0.0085866439111132,0.007087544540236,0.0086816210628057,0.005618106897657,0.008754479296763,0.008598225480962,0.009219686833035945,0.005239327946966556
643377,2024,"Jax, Griffin",R,1068,72,5,2.0609261282216247,1.889264614315921,1.8730336122801088,0.1118849621734556,0.0160842448680261,0.0597765517322478,0.0147525812761613,0.0218872603210203,0.0063517270991989,0.0233012162173782,0.0201905132453908,0.02106596759700364,0.006038026747508679
643377,2025,"Jax, Griffin",R,1093,73,6,2.023985361504395,1.8182923469858536,1.811637723497196,0.1515837478313081,0.017558214520665,0.0541092666872332,0.0114237660225402,0.008946498736904,0.0049726609658327,0.0081906660325448,0.0096297573408446,0.009352450608093433,0.004704248069909408
643377,2026,"Jax, Griffin",R,1724,34,6,2.381013868701162,2.180061738802881,2.1405458417293173,0.1186535668319248,0.0142477054064557,0.0822985630663567,0.0115353335717665,0.0539820971115876,0.0090939980668466,0.0522951340812275,0.0555355409979923,0.04047013583001398,0.007505364720830629
643410,2024,"Leiter Jr., Mark",R,1015,60,8,2.218805982044579,1.834769130839692,1.806962173096597,0.1282950927942655,0.0277150076815446,0.2557417584106214,0.0188259651715509,0.0371369238279493,0.0085721595548589,0.0415944106380135,0.0324136789966888,0.033271156380008736,0.007844350295368787
643410,2025,"Leiter Jr., Mark",R,832,59,6,1.8667869456809312,1.4936406185590267,1.480156716741448,0.0740306216277328,0.0141818918223697,0.2991157054941716,0.0203656398124527,0.0183310560657279,0.0082641588534572,0.0208766968625883,0.0160081588385928,0.016979717211768778,0.007181679194827287
643410,2026,"Leiter Jr., Mark",R,551,36,6,2.249579129698387,1.901053311440647,1.8789523245613775,0.0112750619709955,0.0140106594369912,0.337250756286744,0.0182395915733779,0.0300682562234007,0.0106380095668268,0.0411983313899844,0.0189930090133025,0.0228597032977337,0.008305387187692536
643511,2024,"Rogers, Tyler",R,1002,77,3,0.9921568254887532,0.963016777664656,0.9649545293629282,0.014364992638299,0.0041534456563563,0.0147750551857978,0.0073783441605545,-0.0027231798059869,0.0029368581807805,0.0039894402471633,-0.0096851257468256,-0.0023647445306736008,0.0029039521338410728
643511,2025,"Rogers, Tyler",R,978,81,2,0.822648228291029,0.7496425027388618,0.7483575233465459,0.043937508343163,0.0097704076006076,0.0290682172090041,0.007787381258124,0.0018508245149997,0.0029861949103208,0.0045832085749144,-0.0008416124095361,0.0022959047533439927,0.0029249344824329357
643511,2026,"Rogers, Tyler",R,1018,74,2,0.7999062155261721,0.7260428931724935,0.7246743584835851,0.05172937673485,0.0088345824884138,0.0221339456188286,0.0066378579869876,0.0019136927380612,0.002081020434818,0.0033124271875386,0.0006879976019213,0.002145623546101108,0.002055972932608847
645261,2025,"Alcantara, Sandy",R,2891,31,5,2.303602877238048,2.197027660321885,2.1796841256573,0.0117135977761229,0.0067044433644527,0.0948616191400409,0.0131126213220219,0.0233644728403135,0.0079091722315807,0.0194170879343541,0.0276896348173511,0.0209483540856783,0.006945026733329107
645261,2026,"Alcantara, Sandy",R,3293,36,7,2.610989098624747,2.5675753189844053,2.5458827422514845,0.0309013856034413,0.0051406562427425,0.0125123940369007,0.0066711015142861,0.0298386195411479,0.0072320303239555,0.0405123834750273,0.0199713940395712,0.025673886334888894,0.00635253984210505
646241,2026,"De Jesus, Enmanuel",L,669,30,5,2.077245973059424,1.7337962546670431,1.7295844895582535,0.2761374233605644,0.0270869859788519,0.0673122950318167,0.0111619844076324,0.0057386371848887,0.006259785958831,0.0039351234942789,0.0072641656825849,0.006803950641011904,0.005663144987976399
647315,2024,"Pop, Zach",R,743,58,4,1.157650001200163,1.0418534677965765,1.0413972454736158,0.0597637164921754,0.0177905827695459,0.0560328169114109,0.0147568559064824,0.0006300616839401,0.0040935406297672,-0.0035128560382883,0.0051937444873324,0.0011699232867236568,0.0040058136346668135
647336,2024,"Soroka, Michael",R,1442,25,5,2.1177796495941696,2.0246354398796274,1.9942068310075731,0.0809940370891858,0.0188588013413218,0.0121501726253562,0.0113635319923644,0.0401446056665166,0.0132409717543816,0.0673961611778544,0.0152316249713882,0.031665152412506295,0.010946017071100381
647336,2025,"Soroka, Michael",R,1527,22,4,1.7126479551863345,1.5437944298465531,1.5433098164623336,0.1321364261162565,0.0177412354211439,0.0367170992235243,0.0095788202495451,0.0006468572007901,0.0035748550901501,-0.0070581926803003,0.008218370688794,0.0013425384123046998,0.0034711265703389906
647336,2026,"Soroka, Michael",R,1838,22,5,2.1369870341529027,1.8947919776128896,1.8945058566826496,0.1292647632622209,0.0180569961243437,0.1129302932777917,0.0124231406159966,0.0003858329198691,0.0040573923075071,0.0050036350271723,-0.0039241157136137,0.0013423452799864004,0.0038806078087377164
650556,2024,"Abreu, Bryan",R,1300,78,4,1.05371116370603,1.043064447194732,1.034734636105597,0.0036458226978939,0.0048512698529398,0.007000893813404,0.0061880317400842,0.0111064147855139,0.005356156366274,0.0040106726578563,0.0190179363768717,0.01126536064409494,0.005163997508674022
650556,2025,"Abreu, Bryan",R,1189,70,4,1.1210481390466789,1.1015590937318565,1.096739917560077,0.0144184160520473,0.0040948820788768,0.0050706292627749,0.0063220266446917,0.0064237673410829,0.0039992143839639,0.0060621218889443,0.0067837946927646,0.006874456529563193,0.0038555432103491542
650556,2026,"Abreu, Bryan",R,1093,66,4,1.4172800767519786,1.401175973500418,1.3987561589174824,0.0156763730104368,0.0088706824993213,0.0004277302411235,0.006093707762301,0.0032097783242099,0.0040630626762733,0.0021398915739367,0.0042796650744831,0.003927398676041905,0.0038855679257771914
650633,2024,"King, Michael",R,2895,31,5,2.1869551730974717,2.044982603052781,2.0313764766128637,0.0795934134741035,0.0115967837383519,0.0623791565705867,0.0088957855740675,0.0181686974370668,0.0061847082439401,0.0200422555536627,0.0161063311381782,0.017727466613351,0.005894009458261779
650633,2025,"King, Michael",R,1219,15,5,2.1919851771930854,2.0392007147047537,2.03704926504236,0.1106442519227208,0.0172197278275633,0.0421402105656105,0.0097933479880409,0.0028819968554483,0.0038513328431017,0.0015403287041391,0.0042534798545644,0.003535080485819934,0.003722519418604607
650633,2026,"King, Michael",R,2981,32,5,2.2064197602137,2.0921578334444755,2.0834269889646047,0.045903246064791,0.0066454947638828,0.0683586807044332,0.0092123467829591,0.0117131626437873,0.0046558175556753,0.0126053812123519,0.0107798658722501,0.011701535270830584,0.004394035830892422
650644,2024,"Civale, Aaron",R,2699,31,7,2.3873954817495777,2.2639213679570376,2.2375130568642687,0.0817390279564369,0.0152109547901756,0.0417350858361027,0.0107090277384093,0.0354783631853584,0.0068009846442475,0.0445901414928431,0.0254820385494853,0.03306967126157519,0.006419962706763156
650644,2025,"Civale, Aaron",R,1747,23,7,2.4120410231100045,2.3865234627353833,2.3619557536193234,0.0426016516688902,0.0230289666226422,-0.0170840912942695,0.0152089891312741,0.0327382058167482,0.0070936306889025,0.0298974269903982,0.035592015738632,0.028896321435264202,0.006373233182332524
650644,2026,"Civale, Aaron",R,1896,34,6,2.232241467506557,2.1212907452217933,2.0987195749450165,0.0672840046304418,0.0101656301429616,0.0436667176543224,0.0102843454592049,0.0304807256729115,0.0074235400333669,0.0298426056551049,0.031093891276614,0.025992965024410848,0.0064811570395390695
650671,2024,"Quijada, José",L,379,22,4,0.3983849156575311,0.3375290015231115,0.3389848378037626,0.0419692220287651,0.0143840112702105,0.0188866921056543,0.007547212693819,-0.0018703794927685,0.0054875710415343,0.0075704170383578,-0.0096211568917796,-0.0007476317713289108,0.005281462522308887
650893,2024,"Cabrera, Génesis",L,1030,69,5,2.129622316854185,1.9074141017408337,1.8835960253325903,0.095611185730707,0.0141837833573789,0.1265970293826441,0.0180541637008431,0.0321528423335393,0.0098942500061097,0.0233174427864125,0.0428012862964059,0.02829097325643673,0.0088191049050473
650893,2025,"Cabrera, Génesis",L,715,40,5,2.3119800304781664,2.104847426333558,2.096461089599749,0.1470538552599342,0.0251136787537371,0.0600787488846733,0.0144631746088671,0.0113350298008955,0.0069318985109381,0.0074887831932677,0.0148875630312135,0.01160917870067049,0.006255167599934651
650911,2024,"Sánchez, Cristopher",L,2797,31,4,1.4967503301565948,1.3946405396985213,1.3967559945529513,0.007907130314004,0.0031053252515529,0.0942026601440695,0.0116464186569736,-0.0028976137256812,0.0043955621517847,0.0025159505386965,-0.0083217928219498,-0.0021078088805225586,0.0042874773311867434
650911,2025,"Sánchez, Cristopher",L,2896,32,3,1.4784934351020698,1.335440294020725,1.337389464310488,0.0526621291558156,0.0084565516645256,0.0903910119255293,0.0084002332449012,-0.0027047422899634,0.0030765525656239,-0.0015403110584644,-0.003865830656683,-0.0020376257210106257,0.0030096867491421703
650911,2026,"Sánchez, Cristopher",L,3158,33,3,1.5035911224618088,1.393584802563488,1.3965223666352922,0.0538547814621931,0.0070879666092033,0.0561515384361275,0.0079957582107495,-0.0040316502993294,0.0026317284031137,-0.0044669922480778,-0.0035741920483718,-0.003441672596847632,0.0025816086503923415
650960,2026,"Duarte, Daniel",R,463,24,5,2.2166194779452364,2.105851351855552,2.0968651425240084,0.0524235668466567,0.0125279317759778,0.0583445592430275,0.0181952894493065,0.0118874712014419,0.004525612794604,0.0065685523410722,0.0177831402996829,0.01185830938716861,0.004284082647223091
655889,2024,"Rodríguez, Manuel",R,605,40,4,1.586545258740332,1.2987115571177157,1.2900187097508835,0.1942017438727545,0.0321156837308881,0.0936319577498619,0.0201009384066072,0.0117392246806545,0.0058671305656666,0.0196817245495584,0.0024087151259229,0.01187453285431632,0.005617216078891121
655889,2025,"Rodríguez, Manuel",R,431,31,3,1.4728901674449502,1.14133377280081,1.137227223909561,0.2740566882326776,0.0465814049467354,0.0574997064114627,0.0132325066692603,0.0057094276520265,0.0061679044103754,0.0076618032930763,0.0034877588191077,0.006795674136902634,0.005676633785560194
656186,2025,"Altavilla, Dan",R,456,28,4,2.021831637202411,1.851615126241378,1.8316679486737872,0.1824895795318539,0.0420502592211542,-0.0122730685708212,0.0105804738335326,0.0271519790173774,0.008496130544765,0.0282336255011931,0.0260767709054892,0.023492308856347417,0.007332349323924255
656222,2024,"Beeks, Jalen",L,1186,71,5,1.5049063220512109,1.3166252119307786,1.3166336967622756,0.172684351401007,0.0293663295643696,0.015596758719425,0.0125925282530095,-1.148745451515791e-05,0.005906516149115,0.0059599238640087,-0.0056129883373782,0.0011173126083169772,0.005651750976555478
656222,2025,"Beeks, Jalen",L,916,61,3,1.359213544292809,1.2483233692953095,1.231976061543325,0.0661979569859876,0.0169497850192503,0.0446922180115115,0.0119702997950904,0.0218281835288892,0.0057674589624868,0.0074033748868749,0.0379447907153373,0.020598631243573133,0.005359831210133378
656222,2026,"Beeks, Jalen",L,407,29,3,1.3536895308605217,1.3004365846392103,1.2957885268134437,0.0153183923604133,0.010423176721053,0.0379345538608979,0.0175889457994118,0.0064127441867362,0.0043083754384419,0.0057969430782915,0.0071038590998108,0.006906602758558829,0.004098436074755862
656232,2024,"Bielak, Brandon",R,510,16,6,2.3619108948773846,2.249614740407737,2.2390534921996665,0.0925698324125715,0.0510185734347646,0.0197263220570758,0.0198052629433388,0.0145573961786918,0.0058450072563737,0.0074033483624977,0.0203155322258723,0.014458421758058362,0.005597791982167914
656234,2024,"Bird, Jake",R,684,35,7,1.944450280858473,1.840850769181657,1.8354457361893448,0.0933205268270391,0.0243513993654887,0.0102789848497771,0.0160085771138631,0.0074089029393622,0.0078566835797706,0.0064866046462413,0.0082233097340425,0.008243755310450206,0.007284986226213449
656234,2025,"Bird, Jake",R,957,48,4,1.6850085522435332,1.477841271809746,1.4774797881926118,0.1254261905502089,0.0198779697889996,0.0817410898835784,0.0166411045374903,0.0004879264056379,0.0060219878358327,1.856894496664494e-05,0.0009403817970883,0.0022976408363075285,0.00556226415366801
656234,2026,"Bird, Jake",R,678,44,5,1.9232739072380864,1.7622914729465338,1.7532345071266893,0.0878732515296814,0.0222222102137918,0.0731091827618708,0.0169533174708419,0.0121356182329146,0.0067693970505065,0.01726595461825,0.0080604574161943,0.012026693376304834,0.006032106355341609
656240,2024,"Blewett, Scott",R,319,12,3,1.565675620687501,1.526258847527982,1.521671492173255,0.0357260171098741,0.0123765937818611,0.0036907560496453,0.0137716165291838,0.0062007049074486,0.0034555815991436,0.0063638151247865,0.0059972054934367,0.006419758568463812,0.0034023210629740863
656240,2025,"Blewett, Scott",R,711,26,4,1.5806061417169752,1.5018340803187715,1.499762077492766,0.0569111141544064,0.0186352947532531,0.0218609472437971,0.0126521240180874,0.0028605708918255,0.0064813955402892,0.0015795621363327,0.0046057984165107,0.00451483572688864,0.005918164313011798
656240,2026,"Blewett, Scott",R,584,26,5,2.1322988865622183,1.9154087657016603,1.9007043816260951,0.0478985448803935,0.0156714356680763,0.1689915759801641,0.0262497085586629,0.0202055536473647,0.0079101420963241,0.0072111068501105,0.0369027191556645,0.017956555565987596,0.006797438113978091
656271,2024,"Burke, Brock",L,575,34,4,1.7248007337106273,1.5594300320725794,1.5576563989733296,0.129734570605837,0.0267191243251195,0.0356361310322109,0.0154847426077785,0.0024166801707786,0.0061938603262668,0.021561621921368,-0.0165476489217864,0.003424129637558759,0.0059019291126197375
656271,2025,"Burke, Brock",L,1014,69,4,1.8199217240921608,1.5169825625243571,1.469484539947157,0.1969796638865534,0.0257558290468694,0.1059594976812504,0.0156580902088437,0.0634558562493817,0.010040750918416,0.0844008250203516,0.0366613916955282,0.04706444279992812,0.008257532547585393
656271,2026,"Burke, Brock",L,1180,77,4,1.8798411241839543,1.4837082709972,1.446589626330652,0.2468591356146964,0.0188958968415078,0.1492737175720579,0.0184064937453196,0.0503448283983066,0.0108106554113573,0.0738785157784032,0.0286813678298733,0.0349211148382808,0.00838676917611926
656288,2024,"Canning, Griffin",R,2869,32,5,1.966805600314088,1.9068615931229784,1.8883706369751865,0.0176086751519568,0.0060435534794484,0.0423353320391528,0.0062566239839552,0.0249180616195469,0.0046734219336124,0.0253172119041134,0.0245078871842637,0.02428752080071705,0.004544133307469944
656288,2025,"Canning, Griffin",R,1343,16,6,2.0647531315138212,2.016176601940882,2.0014986404321253,0.0249753651280722,0.0111367708310923,0.023601164444867,0.009782373353542,0.0194403375801379,0.0064507428568338,0.0135293859411392,0.0254690372597541,0.01834693676962558,0.0058948009299286735
656288,2026,"Canning, Griffin",R,1544,30,7,2.5195311707275216,2.417307419880155,2.406546478560403,0.0551603240788891,0.0119755286009778,0.0470634267684774,0.011866644489233,0.0144101417152622,0.0057002064603952,0.0133787782496695,0.0155369671350204,0.013974631463412268,0.00523875780655838
656302,2024,"Cease, Dylan",R,3188,33,7,1.6418377067990495,1.5761920244253629,1.5597141610269631,0.0222882832341223,0.006750236838863,0.0433573991395644,0.0063656400791498,0.0216624447480812,0.005644503667246,0.0198359604648138,0.0236411360549543,0.021017907476040668,0.0054209232221770825
656302,2025,"Cease, Dylan",R,3044,32,6,1.795277688657495,1.703658432454014,1.6770801608319097,0.0572117485742142,0.0088026538931177,0.0344075076292667,0.0057896902548904,0.0348424887242403,0.0075629382655188,0.0322662789511657,0.0373058401079299,0.030138257487684735,0.006707074046823185
656302,2026,"Cease, Dylan",R,2895,29,6,2.2061953314841145,2.0136418980658117,2.0106846281578132,0.1080422339625918,0.0099835335377854,0.084511199455711,0.0090175206807552,0.0038826740968957,0.0062462447600064,0.0030961263989259,0.00472614300985,0.005279958953376991,0.005653112527843152
656412,2024,"Faedo, Alex",R,1007,37,4,1.7570434146425835,1.590768254177931,1.591677059262235,0.1138720550178531,0.0190951512398488,0.0524031054467991,0.0099092608695882,-0.0012025843888217,0.0041087306571397,-0.0013267043177873,-0.0010606331461175,-0.000580619404013355,0.004020044484988399
656427,2024,"Flaherty, Jack",R,2569,28,5,1.7884017020307394,1.7012222387156608,1.6881555841538796,0.0280128307410845,0.0056257725423508,0.0591666325739942,0.0102513533184546,0.0173121379934066,0.0034391490016139,0.0203014846739632,0.0140688575625661,0.017192424094610484,0.003386633218978298
656427,2025,"Flaherty, Jack",R,2831,31,5,1.7395916359161046,1.6864208336239754,1.6739751674104992,0.0059493516693599,0.0043804720513094,0.0472214506227692,0.0061587213161685,0.0163801399583225,0.0040810341665543,0.0122689750962525,0.0208628678254193,0.016118669538954838,0.003928698450228677
656427,2026,"Flaherty, Jack",R,1658,20,5,1.8036968961551447,1.7368583858808777,1.727964167855076,0.0190768323513783,0.0032408935529977,0.0477616779228887,0.0070006705321348,0.0116758618264288,0.0047395630252625,0.0132646081294516,0.0100018657217804,0.011668067983335029,0.004464226317405074
656457,2025,"Gilbert, Tyler",L,839,46,5,2.168788555033519,1.824960004404264,1.8244774852317625,0.2753771099708898,0.0235213330936705,0.0684514406583646,0.0150728103091751,0.000647733737167,0.0060768045183342,0.0043985249312755,-0.0041884512457127,0.0024617753878042655,0.005605373908869045
656464,2024,"Ginkel, Kevin",R,1184,72,3,1.334091006371217,1.2210200641534847,1.2034783317771165,0.0868486462098894,0.0184263449550665,0.026222296007843,0.0074516172758957,0.0232580191865847,0.0068689368337647,0.0166947284571872,0.0286073679314799,0.022161003333524866,0.006477028394187048
656464,2025,"Ginkel, Kevin",R,491,29,3,1.3087909034767595,1.2264237575774437,1.2105436662991715,0.06756764071899,0.0222900354391845,0.0147995051803257,0.0102018787622364,0.0210733103179236,0.0076727025439894,0.0143260394773176,0.0294562831804946,0.019268823953640064,0.0067832759597229
656464,2026,"Ginkel, Kevin",R,1099,74,3,1.257950859037675,1.1780165657481667,1.1643516769456284,0.074973977041223,0.0147348825352666,0.0049603162482851,0.0063361364008232,0.0182475246585534,0.0056076924684323,0.0074583155867512,0.0275932794554434,0.01724406375122775,0.005166670629531777
656492,2026,"Griffin, Foster",L,2833,31,7,2.61060261577036,2.312701131372884,2.2989453554353627,0.1048920231581289,0.0130397215550284,0.1930094612393468,0.0157813720010818,0.0184517581586169,0.0051590651972427,0.0213940938214755,0.0154073761721908,0.01755550968111323,0.004809468954966319
656529,2024,"Hentges, Sam",L,351,25,4,1.9517302472590137,1.6674821278489609,1.6498760196503417,0.2790703066297805,0.0591743184725416,0.0051778127802728,0.0134040206310288,0.0237682460681354,0.0115684073326643,0.0153997170151149,0.0321367751211559,0.021049668864199837,0.009943134754928471
656529,2026,"Hentges, Sam",L,687,45,4,1.9723034959742616,1.766579783115871,1.754769679361374,0.176037108747134,0.0356928767303808,0.0296866041112565,0.0142300767496436,0.0157850997652514,0.0093953785231209,0.0038244603786804,0.0247352380817332,0.014392922587508617,0.007672117641327169
656546,2024,"Hoffman, Jeff",R,1001,68,4,1.7829748614019474,1.5803301444466773,1.5811554204083165,0.1629800231515888,0.0172709276440414,0.0396646938036811,0.0102781304696474,-0.001123947262042,0.0047570164010551,-0.0052303601487121,0.00301612474665,-0.00030661246055001604,0.0046208671114504555
656546,2025,"Hoffman, Jeff",R,1127,71,4,1.8612408430118068,1.6317161284074284,1.6183454138076498,0.1861415119975224,0.0218506625953201,0.0433832026068559,0.009695377639195,0.0179390420880362,0.0083860081571311,0.0169401878420379,0.0189766867901898,0.01665571411042043,0.007261212664221229
656546,2026,"Hoffman, Jeff",R,1211,71,4,1.714646677799462,1.5337753286959364,1.531437159640496,0.1653144947326333,0.0226307000586005,0.0155568543708922,0.0108629374952207,0.0030777420936288,0.0054231901673893,0.0135028838884257,-0.0092249133893305,0.004295027953474216,0.005021292448746951
656550,2024,"Holmes, Grant",R,1024,26,5,1.9220332175962151,1.849660363373848,1.7815410772407132,0.0431314443597822,0.0140440591629117,0.029241409862585,0.0134098367387381,0.0938817617770251,0.0126883413550703,0.1003046483786869,0.0876797681008174,0.06985063291458994,0.010627572155996563
656550,2025,"Holmes, Grant",R,1964,22,6,1.9795779395897617,1.8579716063243472,1.8147644912156424,0.0496436117658997,0.0133997181334081,0.0719627214995144,0.0088275306451633,0.0576486236912335,0.0085094906082228,0.0563757284898964,0.058796531766858,0.04617963153618021,0.007340931807401518
656550,2026,"Holmes, Grant",R,2382,31,6,2.2864018689598464,2.096293523934185,2.0594144464421804,0.077839321077007,0.0138888292766494,0.1122690239486539,0.0098974635984765,0.0504861853942277,0.0096161715797126,0.0524167119332245,0.0484970897887037,0.03712759141719836,0.007790936262743589
656557,2024,"Houck, Tanner",R,2735,30,5,1.6593292702910196,1.5196755037184444,1.5242566645758473,0.1054636225679331,0.0145175178642926,0.0341901440046419,0.0056526070414851,-0.00628674106623,0.0046789897903449,-0.0078666538098732,-0.0046569024356828,-0.005212207135259481,0.004549251232292064
656557,2025,"Houck, Tanner",R,749,9,4,1.7720347503607137,1.637310557750249,1.636980543255289,0.0675986009977825,0.0172835615678134,0.0671255916126819,0.0127797616082448,0.0004527121918041,0.0072358258688596,0.0043113817556759,-0.0045038215157633,0.002912668697590378,0.006475758975627439
656605,2024,"Keller, Mitch",R,2849,31,7,2.517860958781373,2.3470213574741243,2.3383861878674868,0.0991074516654795,0.0125145721203738,0.0717321496417694,0.0152411604588679,0.0118504808330013,0.0062137313517123,0.0140697938936847,0.0095439649015641,0.011990424017203651,0.0059191131617107925
656605,2025,"Keller, Mitch",R,2870,32,7,2.3901330505242533,2.196825217130518,2.186721801964487,0.1480053233268703,0.0171755070905765,0.0453025100668648,0.0078261528494283,0.0136777365691081,0.0076824268943382,0.0081384961264758,0.0192274382779211,0.013488099172448049,0.006789992623612674
656605,2026,"Keller, Mitch",R,1887,22,7,2.6256334952766864,2.460028282648945,2.4441575760827567,0.1169174398342444,0.0200815723231141,0.0486877727934974,0.0107335947543443,0.0216387451520206,0.0065665998959543,0.0114599807363829,0.0321160070578529,0.019670502108815918,0.0058872889640824485
656629,2024,"Kopech, Michael",R,1143,67,3,0.9708033611871532,0.9435864704688764,0.9440792385437078,0.0091699620337035,0.0064420159808552,0.0180469286845732,0.0079159052533438,-0.0006518910989956,0.0024958064266548,-0.0040630787003707,0.0032141215158961,-0.0004249586941930568,0.002475516271375006
656638,2024,"Lange, Alex",R,377,21,4,1.6006626524698833,1.1659309946402558,1.152096425972445,0.3508310995900339,0.0244437813645815,0.0839005582395933,0.0144300800026851,0.0182364768802959,0.0048890277713094,0.0231289939274185,0.0128403183724401,0.017946894935402538,0.004741578954816993
656638,2026,"Lange, Alex",R,1135,59,5,2.2260710356734768,1.978992265082743,1.971426233537769,0.1266020459881676,0.0155081179425392,0.1204767246025657,0.0145902963014025,0.0099970265466185,0.005741957066705,0.0035392231894857,0.0166843726771091,0.01025020352962951,0.0052711122330592886
656641,2024,"Latz, Jacob",L,813,46,4,1.7030052564916074,1.4317387931244523,1.429554407988226,0.2120069167286971,0.026016120656393,0.0592595466384577,0.0161416641701537,0.0028460017880644,0.004876408976852,0.0062011091942542,-0.0006631105482455,0.0034677172982195675,0.00473006514288162
656641,2025,"Latz, Jacob",L,1388,33,4,1.7236291162064492,1.5979927056684216,1.5922915737005778,0.0885485168285177,0.0159841288976055,0.0370878937095098,0.0078044517546671,0.0076015092904585,0.0066171620309973,0.0161426731525037,-0.0021147222897735,0.008497958840144981,0.006020982745107236
656641,2026,"Latz, Jacob",L,1128,58,4,1.655316305218208,1.469635049817704,1.4676572783993491,0.1324164059263513,0.021592259049813,0.0532648494741529,0.0148788311346349,0.0025910872937327,0.0049978338984336,0.0047432847308355,0.0004036079314316,0.0037079231723029186,0.004678044737891228
656686,2025,"Martin, Corbin",R,332,17,4,1.6859002986427325,1.5493185709057848,1.546642972818797,0.046450342225944,0.0166226108507915,0.0901313855110032,0.017735721547418,0.003655549649712,0.0066000802501808,-0.0030001244000669,0.0111869702849882,0.005224266978174149,0.0060081059073394324
656730,2024,"Megill, Trevor",R,668,48,3,0.9036614965011636,0.9041089829011144,0.9015270163078716,-0.0096695339695483,0.0119158077162771,0.0092220475695977,0.0088111671373171,0.0035415886740987,0.0024544952143222,0.0005792977833581,0.0058831053708238,0.003695475678354713,0.0024351883081491794
656730,2025,"Megill, Trevor",R,753,50,2,0.973625539510544,0.9641918357634714,0.9619084079099696,0.0026677757255392,0.0027964118918474,0.0067659280215333,0.0054981265792605,0.0030486191022819,0.0025181093651441,0.0045629547187201,0.0015973808031952,0.003333862698544283,0.0024810494026078103
656730,2026,"Megill, Trevor",R,874,63,2,0.941818379790034,0.9291407924187736,0.9168236288845536,0.0040641664932312,0.0037637584608076,0.008613420878029,0.0059412436402682,0.0169798121907069,0.004379342864167,0.0107055636311325,0.0235374139110362,0.016453626083502808,0.004159382540283109
656731,2024,"Megill, Tylor",R,1365,16,8,2.3761990081583413,2.2029016477998256,2.1799684583337746,0.1167057506253275,0.0280812989332473,0.056591609733188,0.0120570371592302,0.0305105298451844,0.0106196994191562,0.033372078801759,0.0273925488028882,0.026573434044579236,0.009321235584631339
656731,2025,"Megill, Tylor",R,1234,14,6,2.1035934063813984,2.033070134521619,2.028094863204956,0.0755492800290537,0.0182656780356924,-0.0050260081692748,0.0166734827443087,0.0066087026961918,0.0072360754681574,0.0125925819129025,0.000889373929062,0.007843374478593738,0.0064759378905619724
656756,2024,"Montgomery, Jordan",L,1929,25,5,2.05352303987493,1.9086193406759304,1.900075378266868,0.0740115546109543,0.0195959947687298,0.0708921445880449,0.0116595141092153,0.0118060913231242,0.0060425606869544,0.0219781685107589,0.0016048259656541,0.011943005643868996,0.0057705908213478525
656756,2026,"Montgomery, Jordan",L,414,13,5,2.215173240796723,1.8457906461972828,1.8363134377956103,0.2938773413408232,0.0363117932129815,0.0755052532586166,0.0228881760355285,0.0126159623096224,0.011691677499243,0.0104505043792806,0.0156711045059185,0.012175723311181148,0.008778643294129395
656794,2025,"Newcomb, Sean",L,1546,48,6,2.3819943578552327,2.139952370741042,2.13546955907199,0.1063227833633842,0.0137179941810181,0.1357192037508062,0.0132938676008337,0.0060055691857486,0.0060334826919046,0.0038411654219389,0.0085449732250205,0.00700825333746475,0.005571318478399236
656794,2026,"Newcomb, Sean",L,1472,60,6,1.9737322266857311,1.8414085460381913,1.8298114039761304,0.0926244501893042,0.0164484179178386,0.0396992304582361,0.0119862919729518,0.015504989205589,0.0080821384726596,0.0079875796473441,0.0236928318743415,0.014452695159173842,0.0069056537730801774
656848,2024,"Petersen, Michael",R,363,16,4,1.232612649069583,1.222156532385131,1.2233776367829368,0.0285809330987142,0.0128897310098795,-0.0181248164142618,0.0173936991181244,-0.0016177404978233,0.0040715980107575,-0.0027573038700929,-0.000111199090416,-0.0009890739617999609,0.00398524472842861
656848,2025,"Petersen, Michael",R,327,15,4,1.1963135432130867,1.218438250925986,1.22361051806415,-0.005175595504412,0.012742033300613,-0.0169491122084873,0.0132254057583353,-0.0067653254167183,0.0027807832209114,-0.0101142931070477,-0.0038662190579256,-0.006072224968267828,0.0027311131793309757
656848,2026,"Petersen, Michael",R,1129,65,4,1.3242559144262909,1.3064019272354777,1.3022660532575834,0.0055289297707561,0.0042586530123407,0.0123250574200572,0.0072200806858625,0.005435857649642,0.0037905868043432,0.0131739112277169,-0.0026146588995189,0.005900014026448328,0.0036452424726031198
656849,2024,"Peterson, David",L,1871,21,5,2.2011097167338227,2.002629873499671,1.9886111621314884,0.0878011339935083,0.0171900068451212,0.1106787092406435,0.0136619557168397,0.0192860360072568,0.0073590541099304,0.0171729776190716,0.0217272714509762,0.01854442690068882,0.006883025258900732
656849,2025,"Peterson, David",L,2699,30,5,2.2710461861020383,2.101036224393292,2.0902981582786593,0.0670198974753709,0.0112423176661297,0.102990064233375,0.0114766361854196,0.0146670245158882,0.0052780665288959,0.0115858737353403,0.0179477900805468,0.014450283339439315,0.004960294204740132
656849,2026,"Peterson, David",L,2476,32,5,2.2287832184631875,2.0402675926849207,2.0355422463842574,0.0845252411262724,0.0143885097515798,0.1039903846519947,0.01401287980586,0.0064604955496642,0.0067767143241504,-0.0050467853300055,0.0164153008420665,0.007522284073559077,0.006037281961792429
656876,2024,"Rasmussen, Drew",R,459,16,4,1.8071961487000523,1.5754374087912753,1.568061061526156,0.1607935338936982,0.0304343019486545,0.0709652060150791,0.0240821998031162,0.0098709719961798,0.0056840387340017,0.0064738048614731,0.0133280891391461,0.010145572645716383,0.005455915322241262
656876,2025,"Rasmussen, Drew",R,2316,31,7,2.046212130290703,1.81771801579274,1.7908379511947377,0.1157155358130731,0.0125462140655528,0.1127785786848893,0.0123782162804149,0.0360476141337426,0.0069658428763319,0.0367778843938156,0.0352547240808373,0.03169769338156493,0.00628007538090402
656876,2026,"Rasmussen, Drew",R,2660,30,6,2.219423265178841,2.036268734656172,1.9923658410225211,0.0951660900266767,0.0093700182398612,0.0879884404959923,0.00938603675226,0.0587137742913584,0.0082357099155327,0.0485700766063198,0.0685066523924283,0.045645088992229355,0.007000714093200036
656887,2024,"Reid-Foley, Sean",R,385,23,3,1.2350498975333204,1.2169195975996512,1.219194217152011,0.0081709963765915,0.0066352528313339,0.0099593035570775,0.0111116709626473,-0.0029786684614231,0.0044582364676975,-0.0042350046338325,-0.0015191014375944,-0.0021632673924899745,0.0043455803628739695
656924,2024,"Ryan, Ryder",R,340,15,4,1.5257810363883215,1.4697386840386866,1.4629005818249543,0.0296560874544798,0.0195781249369227,0.026386264895155,0.0143345765446167,0.0094127722780119,0.0063009684144099,0.0081154639753053,0.0108778359646891,0.00978775534463816,0.0059943731034747365
656945,2024,"Scott, Tanner",L,1163,72,4,1.0001309805057408,1.000012689163598,1.0037282296957983,-0.0075695812077219,0.006474573713233,0.0076878725498645,0.0062980543290635,-0.0049725818630021,0.0036435978455897,-0.0072808383309202,-0.0027833610425327,-0.004351193000629326,0.0035813221529229747
656945,2025,"Scott, Tanner",L,911,61,3,1.0253007123103093,1.0254144519072697,1.0279480387520683,0.0016492290628064,0.0021866170238904,-0.0017629686597666,0.0070624560684644,-0.0034244771744982,0.0027164493963549,-0.0053419000759623,-0.0014726095502533,-0.0028750582819559688,0.002670091109874171
656945,2026,"Scott, Tanner",L,963,69,2,1.0047633679276884,0.9969520224253424,0.9920068858729868,0.0005630792077702,0.0007438785852382,0.0072482662945757,0.0061707266767287,0.0066510705306121,0.0034085333745544,0.0031736567753969,0.0106059799059464,0.006956872770817679,0.0033016935444496877
656986,2025,"Sousa, Bennett",L,728,44,4,1.1332373955548558,1.1205691402932882,1.115261544887979,0.0009861991782332,0.0106561807076874,0.011682056083334,0.0094045119239086,0.0073042144708224,0.0060002777725324,-0.001183533907715,0.014515832848391,0.00810796020958304,0.005545142687936261
656986,2026,"Sousa, Bennett",L,533,35,3,1.183590156655399,1.0484374579672613,1.0370035551722545,0.091628632743392,0.0181086988390114,0.0435240659447457,0.0111017009601894,0.0155466076268838,0.0060329248812442,0.0271139849226814,0.0027354263207854,0.014873569751524847,0.005493510515629537
657006,2024,"Steele, Justin",L,2046,24,5,1.4736271283438758,1.2767375035787245,1.280396227475478,0.1219671630328203,0.0155399880956793,0.0749224617323311,0.0113673419814282,-0.0050206231339759,0.0044008277946822,-0.0027907305681304,-0.0074472709262195,-0.0041256579127611145,0.004292363581572752
657006,2025,"Steele, Justin",L,313,4,5,1.612723505796975,1.420009244336218,1.4186348984780977,0.1217537454701006,0.0221488301918972,0.0709605159906566,0.0090484408389259,0.0019464717357089,0.0083384309039509,-0.0049607884873762,0.0076549512589197,0.004642394148975226,0.0072302609007901
657024,2024,"Swanson, Erik",R,666,45,3,1.4907673416166956,1.2442011084924056,1.2429899142456808,0.1925875185231591,0.0187313015887851,0.0539787146011307,0.015264162829163,0.001619789896222,0.0052010203675787,0.0119723782707481,-0.0078568102312288,0.0024031289165875637,0.005024543794998408
657044,2024,"Thompson, Ryan",R,977,67,3,1.258473265017884,1.009791536022184,0.9694244444264632,0.0992707057266496,0.0189972807088817,0.1494110232690499,0.0167955316071753,0.0559413453744956,0.0140598897794603,0.0526964143100863,0.0594646876840762,0.041331373017963,0.011395243194034076
657044,2025,"Thompson, Ryan",R,650,48,4,1.3550850966507964,1.2610049392915907,1.2485747424815288,0.0114362140715111,0.0193161039303512,0.0826439432876943,0.0158430840731668,0.0170097430032428,0.0079638512123781,0.0267603219925099,0.0070517048865444,0.016038252321879103,0.006981959948587902
657044,2026,"Thompson, Ryan",R,654,46,3,1.1610184631935314,1.08853911935513,1.0828496130125491,0.0111849068311315,0.0118283742184828,0.0612944370072697,0.013596967066354,0.0079000788705898,0.0051993814863085,0.0100513356292176,0.0061987047040705,0.008392019841267535,0.004842081989320035
657053,2024,"Toussaint, Touki",R,491,11,4,1.8556326296487635,1.733898265020668,1.735127161661343,0.0393965233739219,0.0146475270965317,0.0823378412541737,0.0150702113411418,-0.0016133375683726,0.0035511562108412,-0.0048182873453632,0.0013603271731649,-0.0011304053730037938,0.003493427527604358
657097,2024,"Webb, Jacob",R,933,60,3,1.553646917800483,1.4490652034877345,1.436056787148542,0.0411471465431771,0.0151275548783241,0.0634345677695712,0.0129493704135415,0.0174129877252028,0.0066116284591067,0.0140691155462657,0.0203512689390397,0.01699351822522072,0.00625996120106319
657097,2025,"Webb, Jacob",R,978,55,3,1.5258423830651822,1.4397566667171848,1.4237446363080244,0.0488423047750132,0.0154777204726396,0.0372434115729841,0.010999193758889,0.0219632058066745,0.0061279466863263,0.0170165882165028,0.0269516257990168,0.02057869948149975,0.00564543733586612
657097,2026,"Webb, Jacob",R,1139,68,5,1.7718676083804632,1.5175757694313108,1.5044530851718847,0.1561182297653615,0.0234058077488507,0.0981736091837911,0.0134878969620857,0.0174815641771768,0.0062904308336956,0.0097205532648917,0.0260645540777087,0.01640649079279953,0.005685805671634978
657240,2024,"Merryweather, Julian",R,272,15,4,1.5092427047602148,1.458441220949913,1.4575084338505946,0.0116024333082091,0.0232849129960014,0.0391990505020928,0.0160443246370562,0.00127496528148,0.0066353434602998,0.0031086398769062,-0.0008576779979829,0.0025346344080285823,0.006280078542679518
657240,2025,"Merryweather, Julian",R,353,21,4,1.1906506040236664,1.143530116149828,1.1438755412176578,0.0169771592226565,0.0120021172227693,0.0301433286511817,0.0135506164326142,-0.0004584024396388,0.0023116738083298,-1.8778241666462587e-05,-0.0008422996266007,-0.0001301459308888156,0.0022829021971955492
657265,2026,"Strzelecki, Peter",R,251,8,5,2.122054130437989,1.8685859757734824,1.860507204764447,0.2224491380872456,0.0413648604998155,0.0310190165772613,0.0308553929465199,0.0106724817014095,0.0075724783124336,0.0009727532265973,0.0205785873778134,0.010901430717210675,0.006579561788297647
657277,2024,"Webb, Logan",R,3200,33,5,1.905777421675496,1.7353973861457257,1.7371636375941513,0.0650949156186446,0.0120698718226228,0.1052851199111258,0.0110436698033964,-0.0023989832915795,0.0047709268393457,-0.0018252521464104,-0.0030068173369859,-0.0015047950675880963,0.004633613869290823
657277,2025,"Webb, Logan",R,3282,34,5,2.1127831050175927,1.951206255487853,1.9413831080276605,0.0391808645570293,0.0090874597306756,0.1223959849727103,0.0099111345785426,0.0133001526255575,0.0059089580095012,0.0243463924600975,0.0026828929787666,0.013230633942423853,0.005472827171925202
657277,2026,"Webb, Logan",R,2488,27,5,2.259351435483933,2.118885685954852,2.099640952145405,0.0356017754298821,0.0086185796153078,0.104863974099199,0.0116343017962489,0.0263226485529984,0.0089408620101403,0.0317230202442476,0.0208805521356579,0.021738170907704933,0.007418583926137967
657376,2024,"Schmidt, Clarke",R,1454,16,7,2.1734868362920485,2.080233889753336,2.070962575083796,0.0235469472243286,0.0123553405915326,0.0697059993143839,0.0142758460384916,0.0122661433389544,0.0047546809313411,0.0162529052465529,0.0082282690992073,0.012327920925726626,0.004618726396837312
657376,2025,"Schmidt, Clarke",R,1226,14,6,2.3398452666930813,2.1044733253145624,2.0846208628222356,0.1379761259214005,0.0189596449064537,0.0973958154571185,0.0139798060817272,0.0267757084880009,0.0096638536647887,0.0227889260502065,0.0308781788090349,0.02248669595196033,0.008044042632654387
657424,2025,"Gage, Matt",L,531,33,5,1.8171650327232407,1.6761062636279882,1.6774198382759542,0.1169991840958771,0.0188073401776954,0.0240595849993754,0.0180473169713187,-0.0017703252235277,0.0043614399889329,-0.0011322437185763,-0.0023015651741616,-0.0005627853597567727,0.004176945432765399
657424,2026,"Gage, Matt",L,526,34,4,1.7552615267980305,1.656325697900285,1.6482116657205628,0.0514265231178371,0.011285232559669,0.0475093057799084,0.0158760378802361,0.0106966940514634,0.0080536638742871,0.0188141693787048,0.0035364681731891,0.010941099595025447,0.00688786637142871
657508,2024,"Baumann, Mike",R,1066,57,5,1.688975056609162,1.6232082387555224,1.5996461051209745,-0.0006282107873254,0.0132892005756079,0.0663950286409646,0.0131506703249803,0.0313965430680355,0.0103576912707885,0.0168623613846304,0.0456429191735515,0.027413247576485916,0.009142555082649276
657514,2024,"Bernardino, Brennan",L,860,57,4,1.6720441988260155,1.5173032160356432,1.5094765321608166,0.0826370979541362,0.0212894167202663,0.072103884836236,0.019287921653929,0.0105666375704099,0.0057574792689978,0.0145306515756051,0.006028709079614,0.01079177710913979,0.005520764328652149
657514,2025,"Bernardino, Brennan",L,833,55,6,2.004093165808401,1.6783794426385112,1.673407322270839,0.1343667514378952,0.02279924604703,0.1913469717319945,0.0206109858914817,0.0067565681342107,0.0059868061683218,-0.0043328749637371,0.0196031413004953,0.007636856183815799,0.005534504766055133
657514,2026,"Bernardino, Brennan",L,1001,74,6,1.9690039764974656,1.7874741860461685,1.782872064203717,0.0805433058503058,0.0159127993570204,0.1009864846009918,0.0148784501010378,0.0062676516521005,0.0070150843230776,0.013363714286859,0.000795988897588,0.007430905390528553,0.006203994144817959
657571,2024,"Ferguson, Caleb",L,940,62,4,1.8383275475117,1.7826799654445955,1.7698863013775454,0.0568455099335993,0.0170739586530096,-0.0011979278664945,0.0081212067930676,0.0174038266613994,0.0059539168861744,0.0159346272552109,0.01903926575575,0.017057654362164196,0.005693236616340359
657571,2025,"Ferguson, Caleb",L,1042,70,4,1.9920369938799172,1.7183481587259617,1.7127385932694388,0.2190751611096079,0.0211811137037219,0.0546136740443475,0.0111430461612748,0.0075518956145957,0.0060682376122151,-0.0003134488183252,0.0180786254749704,0.008334376633721496,0.0055986480321657235
657571,2026,"Ferguson, Caleb",L,586,35,4,1.9644160032485307,1.7997271479937182,1.7755834940096635,0.1422065718985198,0.0225116316538434,0.0224822833562924,0.0150302099333426,0.0323017836407671,0.0062000305240913,0.03582953338812,0.0280649384668106,0.028603398807320966,0.00561878421226664
657585,2024,"Garrett, Reed",R,980,53,5,2.284641121904518,1.993236159528868,1.9903272303294357,0.074518775754768,0.0147649453906826,0.2168861866208813,0.0189243536739654,0.0038838564243104,0.0049015813964144,0.0049871197279065,0.00266678945616,0.00444966733835795,0.004753028049772248
657585,2025,"Garrett, Reed",R,979,58,5,2.160057058450683,1.917002231077899,1.9034895362674027,0.0536947097087053,0.0135209182080002,0.1893601176640786,0.0195857666319317,0.0178047486130226,0.0068421939669286,0.0121546799597631,0.0232311997734091,0.016896850013612866,0.0061890165048456265
657612,2024,"Hill, Tim",L,982,62,3,1.104603528705048,1.0321076697903169,1.0336790511584972,0.0155496400528134,0.0051176247945713,0.0569462188619176,0.0141396273258683,-0.0022266904813174,0.0039405906305991,-0.0061896892948986,0.0012329003748629,-0.001612258205825173,0.00386215059140796
657612,2025,"Hill, Tim",L,899,70,3,0.8239787521872612,0.7235838493218496,0.7235614850080738,0.040246456637319,0.0086470762967966,0.0601484462280925,0.0129038648663834,3.176227185524789e-05,0.0038337340047051,-0.0016077666855644,0.0018061209132732,0.0008651533788366882,0.0037066208761355004
657612,2026,"Hill, Tim",L,816,67,3,0.8264892909253323,0.7965675426261302,0.7976842482970017,0.0146640721871009,0.0099398337405327,0.0152576761121011,0.0114219805797326,-0.0015847510042282,0.0029767631617738,-0.0030711637825271,0.0002035003842232,-0.0009546789241659352,0.0029048032253598715
657649,2024,"Koenig, Jared",L,1017,55,5,1.6193232771980688,1.5566960758569024,1.5433323573137612,0.0228941670097295,0.0051844788920435,0.0397330343314368,0.0138481625745906,0.0180490063192228,0.0052724366247545,0.0146719302113229,0.0224723544728218,0.017728282436253955,0.005088845482457423
657649,2025,"Koenig, Jared",L,1043,72,5,1.728188107181622,1.6042072186010476,1.5986538946906976,0.0682147364238892,0.0101446736728572,0.055766152156685,0.0122128232763002,0.0074736991464454,0.0057539945719973,0.0070342968433278,0.0079211113873802,0.008198578175558056,0.0053490195153808665
657746,2024,"Ryan, Joe",R,2106,23,5,1.943083437366826,1.7974387282734208,1.7718351225037872,0.0935193155586703,0.0150606352877426,0.0521253935347345,0.0081649848379239,0.0344324353453693,0.0066426926899657,0.0410459566065673,0.0277167747596741,0.03223220918261821,0.006286308306859295
657746,2025,"Ryan, Joe",R,2794,31,6,2.117501716642419,2.0222767934807906,2.0159425211602557,0.0417917864721061,0.0088716486003012,0.0534331366895223,0.0085761766057913,0.0084235872744288,0.0063399423811365,-0.0007977844610121,0.0184035059415265,0.009126567088914843,0.005809890781820696
657746,2026,"Ryan, Joe",R,2441,27,6,2.2632697584530765,2.1026147975769924,2.0974243056463657,0.0885562563148699,0.0162681713326462,0.072098704561214,0.0098813416171112,0.0069462668874236,0.0043425025060426,0.0046739895260639,0.0097719402113285,0.007395765273153463,0.004127780205895969
657756,2026,"Seabold, Connor",R,476,21,4,1.7286529208697496,1.6726195243442594,1.6789034091591832,0.0629233335763045,0.021272966673005,-0.006889937050814,0.0149230500711269,-0.0083086921441775,0.0053480687354958,-0.0049004931433313,-0.0133042715015822,-0.005533607501691001,0.004961488459020207
658648,2024,"Avila, Pedro",R,1419,54,6,2.257807867718676,2.144450810313558,2.134832456497364,0.0565828831270723,0.0111303136794984,0.0567741742780462,0.0121669098982372,0.01279141899267,0.0067566054017748,0.0113888359782186,0.0138706868512197,0.012852847611081984,0.006382592604967079
660271,2025,"Ohtani, Shohei",R,753,14,7,2.466920858609878,2.3461151480341047,2.336158645458367,0.0903069750841344,0.0345712433730829,0.0304987354916391,0.0231455207720895,0.0132694627248322,0.0076196229771588,0.0151536437468696,0.0113651658911717,0.013170450960787367,0.006746515231800191
660271,2026,"Ohtani, Shohei",R,1335,14,7,2.037566639836577,1.8922398960719315,1.8815495983908184,0.0946697734810659,0.0406768514781303,0.0506569702835792,0.0144060005158583,0.0143432637229002,0.0055772481884297,0.014306919070663,0.0143810234333189,0.013933569523984852,0.005142829911984933
660600,2024,"Paredes, Enoli",R,319,18,3,1.5591903269129477,1.5401486044617347,1.535623827339846,0.0042374999701984,0.0076477392951787,0.014804222481014,0.0094151322518137,0.006221568542597,0.0019987212399601,0.0047767884531837,0.0078803901267383,0.00629615788904434,0.0019882545637585443
660604,2026,"Rangel, Alan",R,491,7,4,1.8691176382880592,1.7948070148620654,1.7975227425842264,0.0680546378239336,0.0122427747333189,0.0062559856020605,0.0087636017896768,-0.0036234301945138,0.004389361870392,-0.0026215477058437,-0.0045518762704019,-0.002125762914069188,0.004167963549379997
660730,2025,"Rodríguez, Elvin",R,335,7,5,2.0768537356505696,1.958470171938121,1.951784496663774,0.111874316554079,0.0369909982299094,0.006509247158369,0.0077084154389468,0.0091416376200256,0.0048445559114737,0.0086932444025949,0.0093841647690761,0.00950945254714638,0.004595349451924038
660761,2024,"Suarez, José",L,987,22,7,2.2083400080869495,2.045965285318092,2.033861633933594,0.1560196565160422,0.0339176455157448,0.0063550662528157,0.0177699803619678,0.0160138122205087,0.0071253321381594,0.0072204374070012,0.0263453867098484,0.015700143082966862,0.0066906525057421765
660761,2025,"Suarez, José",L,295,7,6,1.9728441928988696,1.7658117485638474,1.7638842586593015,0.1420345828837688,0.0213829558512742,0.0649978614512536,0.0162812430128518,0.0026695282715537,0.0034445470031547,2.8186488319083097e-05,0.0040467993442404,0.0032102323505329086,0.0033514658939650687
660761,2026,"Suarez, José",L,1068,45,6,2.0995816764759216,1.954102729842691,1.9473796056363544,0.0572823125581417,0.0380258725467939,0.0881966340750889,0.0179110951484601,0.0090660311267261,0.0060958996185029,0.0037401007153879,0.0160738342995395,0.009507589505248347,0.005540931297374214
660787,2025,"De los Santos, Yerry",R,590,25,4,1.696522607738471,1.3887339644957757,1.3800641585378126,0.2053846255078421,0.0454886891424598,0.1024040177348536,0.0193881677229599,0.0118957802679022,0.0076380209874101,0.0234413960056574,-0.0049278312356837,0.01209429228901657,0.006759275769919862
660787,2026,"De los Santos, Yerry",R,358,16,4,1.6112678499598194,1.3315466946986394,1.3209642433112565,0.208707551523329,0.0477119072584735,0.0710136037378512,0.0192332076036028,0.0142962928176722,0.0056904729407438,0.0117067000572109,0.016375013536954,0.013879674144735388,0.005231198954065799
660825,2024,"Bazardo, Eduard",R,441,23,4,1.7702886368174795,1.6717972697077177,1.6717660987725174,0.0790847023641661,0.0212104423007972,0.0194066647455954,0.0133424708056245,4.140476633578456e-05,0.0031246341630859,0.0002460678863839,-0.0002225400850366,0.00037642115419604834,0.003085091492747438
660825,2025,"Bazardo, Eduard",R,1224,73,5,1.6005961540110334,1.557037620491288,1.5306929160355651,0.0210332191650394,0.0088135005737507,0.0225253143547061,0.0089824265115794,0.0353186399274966,0.0070901921699959,0.0480700430486561,0.0232469491262283,0.030982649781083435,0.0063707391275096255
660825,2026,"Bazardo, Eduard",R,1133,73,4,1.2071035617197805,1.1980583636913755,1.195257914893224,0.0223139327517796,0.0076819889143022,-0.013268734723375,0.0093976975146835,0.0037862869788852,0.0049779206072555,0.001171214870982,0.0066635217041222,0.004748308336972678,0.004661702483982144
660853,2024,"De Los Santos, Enyel",R,1127,64,4,1.3269436707271565,1.178955970276685,1.1780105204585791,0.1252784757768001,0.0185806613863607,0.0227092246736712,0.0087308131144261,0.0012535552294177,0.0040865589280803,0.003013457945308,-0.0005567504282165,0.001765303629261956,0.0039992705388318065
660853,2025,"De Los Santos, Enyel",R,1105,65,3,1.454314265009203,1.170817461995319,1.153151766929961,0.2577722746796648,0.0207707637181083,0.0257245283342187,0.0086907515160149,0.0236326792339238,0.0075841114542779,0.0199439622555993,0.0280044919489751,0.021311841783068348,0.0067218285413468025
660853,2026,"De Los Santos, Enyel",R,1153,66,3,1.5533622869232355,1.3181535369158548,1.3033408782386031,0.2304190300699241,0.0269395385915107,0.0047897199374567,0.0073544440950838,0.0200457693132291,0.0079024128919906,0.0360368825604132,0.005557176773834,0.017841747926277556,0.006792531474020601
660896,2024,"Alcala, Jorge",R,931,54,4,1.675038335639234,1.5220320513886447,1.5029984157544194,0.1385644465779573,0.0190500043267305,0.0144418376726321,0.0065594900630586,0.0255335947773251,0.0074280994698987,0.0229575369025911,0.02829420605204,0.023984795200750777,0.0069394201650081555
660896,2025,"Alcala, Jorge",R,1058,56,5,1.9245910370643504,1.787982860631196,1.7815148274386507,0.1128141135453767,0.0152509285831799,0.0237940628877775,0.0103627116462409,0.008543294778668,0.0060131312836928,0.0178266763401913,-0.0013877645662172,0.009168475601096853,0.005555282785404138
661395,2024,"Duran, Jhoan",R,881,58,4,1.5864720455435024,1.5303609276128762,1.4954257647614684,0.002637816070959,0.0082151850016363,0.0534733018596672,0.0089556184256346,0.0470609762570187,0.0093883580471392,0.0477885023357387,0.0463422954801676,0.04069494792817838,0.008455210386068024
661395,2025,"Duran, Jhoan",R,1073,72,4,1.7610630203276672,1.647899137073465,1.6328096335893485,0.0678793371346143,0.0109481646992693,0.0452845461195878,0.0111590285146708,0.0205209597445594,0.0059351467748679,0.022748248650528,0.0180992249817206,0.019416522522122556,0.005493614883007319
661395,2026,"Duran, Jhoan",R,947,61,5,1.9124141677384503,1.5452656148461617,1.540251554959597,0.2378473872792113,0.014183800408472,0.1293011656130772,0.0142333621677359,0.0066689813378888,0.0066447833027948,0.0056212119532103,0.0077711018722049,0.007656327920167999,0.00594343440257304
661403,2024,"Clase, Emmanuel",R,983,74,3,0.8531470333828913,0.7918698486175945,0.7940781721363187,0.025391345277831,0.0105709291080398,0.0358858394874657,0.0093336316330186,-0.0030403109508487,0.0032014339755555,-0.0099377307942683,0.0038185758208198,-0.0026078025213674277,0.0031589432803032108
661403,2025,"Clase, Emmanuel",R,746,48,3,0.962900268392972,0.8950451545090927,0.8934451544780966,0.0487869227009028,0.011427352499508,0.0190681911829763,0.0095929777869939,0.0021820841373365,0.0031992410795474,0.0054258631266748,-0.001026308172118,0.002674542152959659,0.003124249853073269
661527,2024,"Martinez, Seth",R,838,44,4,1.94261085854165,1.763853079731616,1.750181134654947,0.1494639211462849,0.0242563865344511,0.029293857663749,0.0103826641449366,0.0185991720361183,0.0088220374626991,0.025618411869759,0.0112055727446834,0.01770584783183685,0.008034468647279337
661563,2024,"Gil, Luis",R,2664,29,3,1.5180306453968146,1.491843548465303,1.475265750540652,0.0155964169918786,0.0052381914830351,0.0105906799396329,0.0047600501392383,0.0218090141586517,0.0047165153110522,0.019674942266019,0.0239663976608366,0.021340050401593987,0.004583718260128324
661563,2025,"Gil, Luis",R,970,11,3,1.502688548489783,1.4730324907077017,1.46156840317129,0.0091837456764639,0.0092572862349965,0.0204723121056172,0.006900364706969,0.0153381584969924,0.0043976662400601,0.0093596722917644,0.0218148518859894,0.015125692954417774,0.004208733274723401
661563,2026,"Gil, Luis",R,496,9,4,1.7902492727428625,1.8046720803676228,1.7827469474365896,-0.000423562361439,0.0290136154060655,-0.0139992452633209,0.0147228274456537,0.0293123070991709,0.0039286528224629,0.0300844624141085,0.0283482828877944,0.02788971043330601,0.0037675195179272436
662253,2024,"Muñoz, Andrés",R,951,60,3,1.5155523969230875,1.4499425630402525,1.4362865217121603,0.0342118097705096,0.0125888878653066,0.0313980241123257,0.0108830967535047,0.0180373545875212,0.007104100577385,0.0119846537403167,0.0241237752166044,0.01748722817547621,0.006673065112995914
662253,2025,"Muñoz, Andrés",R,1035,64,4,1.5288340864093084,1.483621124788231,1.484662638589556,0.0247612676515623,0.0084226897527405,0.0204516939695151,0.0091971452491101,-0.0013749576331267,0.0042232788208968,-0.0080721935388847,0.0053909678716646,-0.0002676932961562274,0.004055111678643107
662253,2026,"Muñoz, Andrés",R,953,61,4,1.6175318171726658,1.451038698597534,1.4372973734878347,0.0818079909038531,0.0143726373722459,0.0846851276712786,0.014311693828562,0.0183667360863163,0.0078260402291675,0.0310090404592314,0.0039400824475544,0.016626447300037407,0.006743846320853317
663158,2024,"Suarez, Robert",R,977,65,4,1.2234730003434724,1.1322693992046446,1.121874010632898,0.0663094602475298,0.0149447169666099,0.0248941408912977,0.0120960370531464,0.0141452571512489,0.010579201545753,0.0258845137558844,0.0014532492859472,0.013966503023024221,0.009293814407989178
663158,2025,"Suarez, Robert",R,1076,70,4,1.3106672505363608,1.2173521028626657,1.1970337544436005,0.0767405155995641,0.0184295257474911,0.016574632074131,0.0094920643838011,0.027024156858979,0.0070190375212589,0.0241976349123902,0.0304453295976098,0.024330388911664662,0.006318971747494943
663158,2026,"Suarez, Robert",R,487,33,4,1.69692426542413,1.515187517007817,1.501827570866636,0.0893699628386516,0.0171852501394537,0.0923667855776612,0.0136012966140245,0.0182249125231235,0.0082327978912745,0.0218221758698626,0.0147270210920402,0.01638981018416436,0.006998925206685536
663362,2024,"Waldron, Matt",R,1514,27,4,1.9459113294873296,1.8408153075783644,1.8158998288101869,0.0625075770854239,0.0162926173498999,0.0425884448235407,0.0101606277575091,0.0408689435048977,0.0069675562907361,0.0394477315707209,0.042256679354972,0.037741506648076295,0.006559514572950113
663362,2026,"Waldron, Matt",R,482,16,4,2.0106529644061686,1.928279012562314,1.9288003737955275,0.0264665116748989,0.0174584345051498,0.0559074401689556,0.012737525397255,-0.000818554118596,0.0043385823629527,-0.0094128204791146,0.0071811403553457,0.0003778941502908511,0.004124412857240017
663372,2024,"Feltner, Ryan",R,2577,30,6,2.3625827350928748,2.110370469534896,2.1046853404004695,0.1760036591390408,0.019531913819527,0.0762086064189381,0.0110229976660902,0.0077970078655754,0.0040803567917091,0.006314526766209,0.0092344240258625,0.00803152369753923,0.0039934568453295245
663372,2025,"Feltner, Ryan",R,522,6,6,2.4440181460160493,2.0975794709536557,2.1000937594769615,0.3302441427043417,0.045149041951181,0.0161945323580519,0.0214303017008273,-0.003391365915156,0.0067912025438425,0.0069688374174383,-0.0131788946916774,-0.00048142075147026425,0.006151202081030537
663372,2026,"Feltner, Ryan",R,2049,26,6,2.430052857363614,2.1984147014672346,2.202780776619956,0.1408164584343589,0.0135265042053823,0.0908216974620215,0.0104392106170205,-0.0059720213537557,0.0046769459808576,-0.0087385917275068,-0.0032783513851101,-0.0040352456609957545,0.004411783716007101
663399,2025,"Waddell, Brandon",L,512,11,5,2.3503780048272978,2.1187017422288195,2.118515364988652,0.1621741628320502,0.0203364294178561,0.0695020997664275,0.0120498005991281,0.0002524474787453,0.006190748489051,-0.0021888598752432,0.0024252110237951,0.0021854275819990325,0.0056944273957383485
663423,2024,"Thornton, Trent",R,1139,71,7,2.4937117703523013,2.2388870889260724,2.2298078678984266,0.1773983793017914,0.0211788393251417,0.0774263021244377,0.0147772245390548,0.0122817491098441,0.0070462413730707,0.0128719878515985,0.0116326336856204,0.012407044508036884,0.006625042654346317
663423,2025,"Thornton, Trent",R,656,33,8,2.352711814017262,2.148355659689131,2.15182729135784,0.1606920720808187,0.026668557499583,0.0436640822473119,0.0174759364400304,-0.0047644150097764,0.006041180614788,-0.0131558026337162,0.002391031801335,-0.0021693291035000915,0.005577377755461717
663423,2026,"Thornton, Trent",R,708,48,6,2.271292365166958,1.878428347544779,1.8609650109328904,0.3347338294655934,0.0297257219778902,0.0581301881565852,0.0152381699738726,0.0240545570451688,0.0079534175422617,0.0354145759819209,0.0152102516445832,0.02077255534974176,0.006824840719624247
663432,2024,"Rainey, Tanner",R,939,50,3,0.9578016109083116,0.9372681799495076,0.9334034452647858,0.0105867061861622,0.0070018892364677,0.0099467247726415,0.0085930874717186,0.0051256862555844,0.0042004836201951,0.0038938391527123,0.0064895169766214,0.005492587241320835,0.00410585971158637
663436,2024,"Martin, Davis",R,892,11,5,2.225836650932345,2.0706647338627184,2.054023747383147,0.0928197491828239,0.0231425502149244,0.0623521678868023,0.0159646436198294,0.0221548655817584,0.0047539047787021,0.0161900323766885,0.0291234894880052,0.02165936807602361,0.004618014928288262
663436,2025,"Martin, Davis",R,2307,26,7,2.371332820821719,2.205618518358878,2.1867413929750934,0.1317132367061665,0.0197449757372969,0.0340010657566743,0.0092723417302612,0.0255422453140121,0.0069053753587828,0.0218989522690207,0.0292242053842453,0.02319254932529386,0.006235658014789495
663436,2026,"Martin, Davis",R,2317,29,6,2.5358712834594637,2.3477617893556144,2.30981163585043,0.0861799335723581,0.0156537672950889,0.1019295605314908,0.0125438821321581,0.0515117197841321,0.0061576806616252,0.0631997591915794,0.0396997788988674,0.04446027985807148,0.005587205685538194
663455,2025,"Pilkington, Konnor",L,500,32,3,1.3979131991688327,1.1592466853319892,1.1591397016595273,0.2189560178068326,0.0211330477568654,0.0197104960300109,0.0107322872224665,0.0001418881597638,0.0045397775827134,0.0126470408239595,-0.0105768141238324,0.0012708252084519048,0.004332793231970892
663460,2024,"Bubic, Kris",L,467,27,5,1.6615376444371828,1.5477345676800374,1.5404082129536896,0.0986038720821688,0.0174133776918239,0.0151992046749765,0.0142775583944184,0.0098599644299839,0.006719583771819,0.0063270595349478,0.0140372356266303,0.010233271836870353,0.0063513573550572
663460,2025,"Bubic, Kris",L,1795,20,5,2.1320021137615734,1.969959990664429,1.9616613128840408,0.123372481931608,0.027360021030422,0.0386696411655363,0.0079279182166577,0.0113020687525016,0.0057602262164544,-0.0006398987193177,0.0227124946454566,0.011507402408172484,0.005354024710732998
663460,2026,"Bubic, Kris",L,882,14,5,2.126454607274574,1.9002272352991691,1.8889489615147657,0.1540066574943558,0.036524575075315,0.0722207144810487,0.0205026588963833,0.0151637766430547,0.0075116174612901,0.011981861395048,0.0186506677934264,0.014302707884890705,0.0065395215457554725
663465,2024,"Allard, Kolby",L,436,7,5,2.091311312672596,1.9634673324434304,1.9650235500459112,0.1080872439121169,0.0105058702667772,0.0197567363170485,0.0126828682388702,-0.0021269933375607,0.0048840313317178,0.0042467012898061,-0.0115146055794189,-0.0012085766957826097,0.00473702066820768
663465,2025,"Allard, Kolby",L,1000,33,5,2.1549882038008725,1.9737120362121467,1.9705895513851328,0.1379262530091927,0.020303309299071,0.043349914579533,0.0104297220131009,0.0042425065584432,0.0046640448833878,0.0021512965894329,0.0067320422358365,0.005044451813773247,0.004440429140947943
663474,2024,"McKenzie, Triston",R,1304,16,3,1.4818531201451497,1.4028161959022358,1.397520836845905,0.0151905519942311,0.0085572420861017,0.0638463722486827,0.0108205413880235,0.0071704550461636,0.0056851832700444,0.0075055764977286,0.006824728485372,0.0076576518647375,0.005456927486349199
663485,2024,"Sands, Cole",R,1154,62,5,2.2175130397289076,1.99733698313569,1.9742175255674148,0.0957237863189984,0.0155872408784192,0.1244522702742194,0.0169916369421623,0.0309870546269333,0.0076707492902214,0.0358789717526421,0.0261740393903488,0.028615434580869202,0.0071360229087369595
663485,2025,"Sands, Cole",R,1143,69,6,2.282504149338787,2.113568225107153,2.1030748376962447,0.0945079581921143,0.0148678888624247,0.0744279660395196,0.0136473144483412,0.0141772361828228,0.0066051787946884,0.015695820525915,0.0125699753817397,0.013942875090842466,0.006011951161661644
663531,2024,"Allen, Logan",L,470,12,6,2.420548074902837,1.9822815965283933,1.9730791358937636,0.3417070289680967,0.0596953336420795,0.0965594494063468,0.0177285224784402,0.0126466564277073,0.0051755153523021,0.0130716067409751,0.0120896269630184,0.012693946459043374,0.005001536653648875
663542,2024,"Hudson, Bryan",L,927,43,3,1.4827191310553052,1.4388736051387885,1.415969439224265,0.0002365657989159,0.0017753257248211,0.0436089601176011,0.0097283491638818,0.030505979601671,0.0066839764211824,0.0292426230483268,0.0318752462852357,0.028695800564402386,0.006321263370247123
663542,2025,"Hudson, Bryan",L,318,16,5,1.4036534065109714,1.4091823135285737,1.407648731864448,-0.0271018975480397,0.020012874689381,0.0215729905304377,0.0156678758503329,0.0019905264048653,0.0039684826197011,0.0114963105928731,-0.0065573105393896,0.002743145126469901,0.003827983627046037
663542,2026,"Hudson, Bryan",L,1057,70,4,1.1924204962345968,1.1610548719261486,1.1273599288883127,-0.0001451811603259,0.0080749785752891,0.0315108054687737,0.0112165918902086,0.046014928670533,0.0105063061437661,0.0421173242117372,0.0511225357075818,0.03278323860399293,0.00824225575576861
663546,2024,"Hjelle, Sean",R,1209,58,3,1.3390165263313203,1.134741815553835,1.1344231916162058,0.1073704975492001,0.0116332946465252,0.0969042132282857,0.0132361839817753,0.0004407509617769,0.0034782420481711,-0.0018923866437767,0.0023207585365,0.0008410310752702023,0.0034239432690684724
663546,2025,"Hjelle, Sean",R,254,12,3,1.449110495154001,1.3748951459809344,1.37547994348769,0.0368797673624059,0.0244471857841003,0.0373355818106607,0.0112251837937836,-0.0008161459709665,0.0029444450364888,0.0022415934660839,-0.0036163915606864,-0.00027752286088237287,0.002885668410319711
663554,2024,"Mize, Casey",R,1789,22,7,2.2064186567031223,2.04681893368874,2.042604660504093,0.1258032443843902,0.0257391658586442,0.0337964786299917,0.0150457344367327,0.0056474417433214,0.0068121974436115,0.0087781116176281,0.002764522722377,0.006490114428812392,0.0064293920005222245
663554,2025,"Mize, Casey",R,2353,28,5,2.2212095233081257,1.9205152997365575,1.921744714347715,0.2171270004416217,0.0190954701814492,0.0835672231299462,0.0115233660235258,-0.0016779655336735,0.0058186299395992,-0.0017910489745416,-0.0015624958068316,0.00032809825710964323,0.005400826496727831
663554,2026,"Mize, Casey",R,2083,26,5,2.057360142896646,1.8396787731156037,1.839519384468114,0.1493539364279435,0.0133445617769612,0.0683274333530991,0.0132669520029613,0.0002172817753411,0.0052891371149672,0.0047380097591833,-0.0043750144615433,0.0017743017447349081,0.004914326549308092
663556,2026,"McClanahan, Shane",L,1830,24,4,1.9100592543712267,1.828852444289285,1.7963856054481244,0.028890714923749,0.0071996977382651,0.0523160951581925,0.0090456322239416,0.0442399963360564,0.0066646289307076,0.0331218491416893,0.0553085826959761,0.03768356090742756,0.005957623199812923
663558,2026,"Morán, Jovani",L,1061,50,6,1.9747823457066696,1.7490290753522963,1.7340306511181236,0.1327795041730929,0.0305133331432168,0.0929737661812804,0.0167477078976265,0.0201179874999461,0.0071605930948808,0.015701681523287,0.0258862238776232,0.0182033782541283,0.006303960213306289
663559,2024,"Falter, Bailey",L,2137,28,5,1.8518226673274456,1.8358598185743995,1.8285336585821377,0.011574835423009,0.0059033525913726,0.0043880133300372,0.0081818330920538,0.0101267813088383,0.0092514161200026,0.004552389007735,0.0152980380071187,0.010723522176294515,0.008354764635023779
663559,2025,"Falter, Bailey",L,1951,26,6,2.0627340894420234,2.0110271176719827,2.008667206907545,0.0445536068105394,0.0473667512297201,0.007153364959501,0.0208735118710484,0.0032152136183095,0.0148422587349264,0.0139173412454974,-0.0065438693848538,0.008120235697811295,0.010377326184050139
663562,2024,"Davis, Noah",R,354,9,6,2.189226645386342,2.15499627502844,2.145212520060469,-0.0025716942822844,0.0387673091510101,0.0368020646401857,0.0199079925463305,0.0135821539555367,0.0057369957298442,0.0148514746568334,0.0120368939713495,0.01356454480158133,0.005502697082568832
663567,2024,"Lambert, Peter",R,1039,28,7,2.2261178496433205,1.9484762874906532,1.9549910769998713,0.2396709174251974,0.0205114877660591,0.03797064472747,0.0188858913231596,-0.0089064030264181,0.0049359141372044,-0.0086228837347784,-0.0091629204807587,-0.007559508313901293,0.004784313184354388
663567,2026,"Lambert, Peter",R,2642,29,7,2.4637794510062148,2.30444438172537,2.282432106781162,0.1315571093182347,0.0144726125200239,0.0277779599626093,0.0090213335315857,0.0294313919041484,0.0085002782095819,0.0282584384434589,0.0306879521104636,0.024257279062377374,0.007161054102635062
663568,2024,"Kolek, Stephen",R,797,42,6,2.3217302063172975,2.129192344518333,2.094786739035281,0.1364209293983196,0.0266914961726753,0.0561169324006446,0.0140612670470074,0.0467939719624446,0.0078315874321745,0.0504248269278765,0.0423654291636982,0.042131328671162725,0.007264966086742965
663568,2025,"Kolek, Stephen",R,1689,19,7,2.494884528511875,2.3031064246481923,2.2968608752717077,0.1268079216359411,0.0237703546165738,0.0649701822277416,0.0167651031638088,0.0085971743250872,0.0054525232276524,0.0056046913341367,0.0117141366417844,0.009118298044539931,0.005104257597560449
663568,2026,"Kolek, Stephen",R,837,10,6,2.4986286579104107,2.2218453373293365,2.225207841676095,0.1915003829146001,0.0219257300966479,0.0852829376664744,0.0161849688294684,-0.0045987191801254,0.0074341123077972,-0.0023092600663212,-0.0065810557298827,-0.0007370859918688199,0.00648818893269897
663574,2024,"Santillan, Tony",R,504,29,4,1.4150694730641231,1.398984135677329,1.4008124515382123,0.0035926066088054,0.0059885452282074,0.0124927307779888,0.012115548491241,-0.0024122282562445,0.0041293258455354,0.0014493257266762,-0.0061543527345389,-0.0017321288322837396,0.004039328420870635
663574,2025,"Santillan, Tony",R,1230,80,4,1.2875461188494377,1.2867546317736918,1.259078180778764,-0.0014469366375423,0.0054106852001164,0.0022384237132882,0.0070138816419031,0.0366437402839194,0.006120158091986,0.0349712357521891,0.0385186255009962,0.0330461617419893,0.005639345725068389
663574,2026,"Santillan, Tony",R,698,44,3,1.2418259594784598,1.227508912660138,1.1994549100740672,0.0097041632985427,0.0076912326210718,0.0046128835197788,0.009543561066476,0.0385466413485775,0.0093405336413127,0.0308206858850388,0.0462120010829904,0.029640486015493562,0.007642167019281162
663623,2024,"Irvin, Jake",R,3046,33,6,1.9861597387073384,1.8169096137603375,1.808144287875625,0.1498290995443623,0.0233478139068645,0.0194210254026385,0.0081705404032607,0.0117204489222274,0.0082838543368667,0.0030791472183357,0.0208774160080873,0.011972431986298666,0.007621613092784803
663623,2025,"Irvin, Jake",R,2944,33,6,2.2113024518996407,2.0934424620509637,2.075263582099072,0.1017581251845737,0.0143555576553487,0.0161018646641029,0.0073690032259848,0.0248231088025831,0.0079597541483091,0.0265061359889165,0.0231953635311293,0.02204591461534535,0.006979198652714398
663623,2026,"Irvin, Jake",R,1939,22,6,2.4090028819223845,2.247562586878958,2.239323264344722,0.1130724264264625,0.0189455938975019,0.048367868616964,0.0079168195696175,0.0108754570414455,0.0065600451529343,0.0121950899203161,0.0094492815647057,0.011018709177704256,0.005882563900879575
663671,2025,"Enright, Nic",R,532,27,4,1.2214014053451738,1.16562738902272,1.1677609098255803,0.0432031188909414,0.0180977111942973,0.0125708974315123,0.0092791014115083,-0.0028094877899049,0.0054302966898758,-0.006618616449312,0.0025414310411669,-0.0008915453844876835,0.0050860100250925185
663687,2024,"Harris, Hogan",L,1213,21,6,1.720871032237392,1.5714098493789643,1.5585092074429927,0.0670941253704511,0.0192750168324181,0.0823670574879761,0.0112608669895129,0.0172720515103018,0.0052524568168968,0.0144382650185664,0.0207619363523405,0.017006380592296068,0.0050708740064014345
663687,2025,"Harris, Hogan",L,1125,48,6,1.7326991909694796,1.5196477641864623,1.5069491213559334,0.1163435189887174,0.0152578572910104,0.0967079077942997,0.0170313009311545,0.0167872775374206,0.0057103789119195,0.0213993110918268,0.0123350141985251,0.016254346054754044,0.0053139260535383
663687,2026,"Harris, Hogan",L,1333,74,6,1.4836841784074617,1.331202687666349,1.323580828112139,0.1135778319385878,0.0125193646671742,0.0389036588025246,0.0140432570929238,0.0099218152204706,0.0049453958062654,0.0139181138582058,0.0063679112658796,0.010126715667873381,0.004634958429706829
663704,2024,"McArthur, James",R,903,57,4,1.8627931556884956,1.6776500276465025,1.6668182212175182,0.1336025774989448,0.0286903426145685,0.0515405505430486,0.0161736469963103,0.0149102457398969,0.008461808619338,0.0292472632955177,-0.0013881878982518,0.014663929228346695,0.007759522820529491
663738,2024,"Lynch IV, Daniel",L,631,16,6,2.159051295977409,1.8865319134542833,1.886923594976109,0.192180723255189,0.0320405412036935,0.0803386592679368,0.0188909227014147,-0.000543189099499,0.0065046020515894,0.0047739565740447,-0.006584265404652,0.0008551018720045871,0.006168892681857117
663738,2025,"Lynch IV, Daniel",L,1088,57,5,2.2584739854541347,1.9772284132091271,1.9763890852040893,0.2404399531254879,0.0266831260287712,0.0408056191195196,0.0158507674808454,0.0011429147302643,0.0096538374520078,0.0079220102518675,-0.0062573021087631,0.00472150651150661,0.008038263229865754
663738,2026,"Lynch IV, Daniel",L,1300,56,5,2.210984496271802,1.8234823507048183,1.8049061422709431,0.2546888437791063,0.0401172574451915,0.1328133017878773,0.0236424435154202,0.0256087709056606,0.0123511669518488,0.0275034653923658,0.0238422012510482,0.01912046713770555,0.00904773187518155
663765,2024,"Woodford, Jake",R,618,9,5,1.8737601529689336,1.8018585300592016,1.7994969580025089,0.0612684839078931,0.0221579818951211,0.0106331390018388,0.0075603157142781,0.003236034436887,0.0059929898787597,0.0094490216953777,-0.0064717581545046,0.00411375039856721,0.005727369996747189
663765,2025,"Woodford, Jake",R,625,22,5,2.2473682895197884,1.9359872580264732,1.930103219938197,0.2619241340984058,0.0262888105743816,0.049456897394909,0.0132834329771869,0.0080647451867825,0.0072274336323023,0.0202261349048744,-0.0034729835201251,0.009007767668439828,0.006469741202762715
663765,2026,"Woodford, Jake",R,485,19,7,2.221892102412388,2.1545375008790084,2.154751987048191,0.033326366969974,0.0273264888419899,0.0340282345634055,0.0233143790786595,-0.0002963697779305,0.0050589650439581,-0.0081838690067633,0.0079121323264942,0.0012098550906320948,0.0047280620652226
663767,2025,"Shugart, Chase",R,692,35,5,2.2190010545988974,2.01498068523769,2.012062212180267,0.1419112099179322,0.0227926608798883,0.0621091594432751,0.0157925348356358,0.0039368096603058,0.0048176260839375,-0.0056820997575288,0.013977264909201,0.004817446846391715,0.004572346171812095
663767,2026,"Shugart, Chase",R,867,46,5,2.1600109390961673,2.017281424674482,2.0193747803620106,0.0989096207002866,0.0151202149156482,0.0438198937213989,0.0148469899857508,-0.0028182288526204,0.0045288110558868,-0.0030386018897735,-0.0025280974439943,-0.0013177039455589158,0.004286795382685107
663773,2024,"Hoeing, Bryan",R,782,34,4,1.6729955620271373,1.4825790159619838,1.4698174726855875,0.0309504223025325,0.0125252375157054,0.1594661237626208,0.0212517811702018,0.0174772799336988,0.0091182909631086,0.0078375647858955,0.0246188981681994,0.016736021908604442,0.008256326575828473
663776,2024,"Sandoval, Patrick",L,1444,16,6,2.423914344774737,2.278541728409789,2.261668672236241,0.0991462086696334,0.0284006615680119,0.0462264076953149,0.018941195225012,0.0222915765000945,0.010504318779124,0.028599494736167,0.016041107428285,0.020275765428796538,0.009242921566088342
663776,2026,"Sandoval, Patrick",L,1219,15,6,2.348688261049958,2.043917501650132,2.03717798602729,0.22776307928811,0.0491476536317885,0.0770076801117161,0.0094072817035702,0.0091486297820099,0.0106506927022172,0.031035467622768,-0.0219412989028404,0.010109842618331965,0.008311418639926337
663795,2025,"Hagenman, Justin",R,383,9,4,1.9981721929560896,1.9061018023668233,1.912629772829128,0.0725180451565983,0.0379367931332201,0.0195523454326684,0.0092409690729503,-0.0088035657995169,0.0055756962394027,-0.009948501971077,-0.0055544226099545,-0.006024152640965546,0.005204879354037415
663804,2025,"Kowar, Jackson",R,281,15,4,1.3500755701228766,1.40332942508533,1.398181981105166,-0.0602109327607786,0.0343796364831729,0.0069570777983254,0.016169708440701,0.0068877702782187,0.0046171726526743,0.0036636884100517,0.0106436594648463,0.007432076136328958,0.004399923689100902
663855,2024,"Hicks, Jordan",R,1958,29,4,1.677021548186875,1.491436362665404,1.4855224338280604,0.0376857669501235,0.0088203637175648,0.1478994185713474,0.0101252663405849,0.0078398596232357,0.0045900867170099,0.0052733870407315,0.0105455428186991,0.008131085133665186,0.00446741351749264
663855,2025,"Hicks, Jordan",R,1199,34,5,1.8339644930440175,1.6805351652268188,1.6582775295784284,0.0469392257057375,0.0143264765890076,0.1064901021114611,0.0202443236137234,0.0301546950761807,0.0090961332984764,0.0306223491649441,0.0296620849687595,0.025264055648011142,0.007707670579920534
663855,2026,"Hicks, Jordan",R,888,53,4,1.6917993623856091,1.5545467847703702,1.54093146519477,0.0592598866287615,0.0161679287469245,0.0779926909864771,0.0147155212496414,0.017964938756513,0.0081397935564786,0.0154105177281036,0.0203934897632327,0.016230727644222287,0.00694151440373312
663878,2024,"Pearson, Nate",R,1059,60,5,1.5277796607861085,1.4259163375199475,1.4247529751448575,0.061478870848461,0.0163468363543852,0.0403844524176998,0.0111295722021553,0.0015937914039071,0.0055286764747472,-0.0024514448350152,0.0058209562567492,0.0024732721737608914,0.005318077686205238
663878,2025,"Pearson, Nate",R,280,11,4,1.3949233406313135,1.370566838986005,1.3720038151861604,0.028216015280277,0.0060307006199036,-0.0038595136349686,0.0154525581388691,-0.0019531715341918,0.0035555264831599,0.00579992814942,-0.0113736044830965,-0.0011173843855519332,0.003453423943655785
663878,2026,"Pearson, Nate",R,772,42,5,1.923005562048216,1.7360957370368082,1.7103645541222785,0.1316084203452696,0.0348524837772994,0.0553014046661383,0.0191002603209599,0.0347889198073852,0.0099840308967533,0.0490252912936763,0.0190290989738525,0.02642672409268529,0.00798274886936567
663893,2024,"Little, Brendon",L,696,49,3,1.3519075109283738,1.149945610898523,1.1274617203064965,0.0405658756710986,0.0174756033464749,0.161396024358752,0.0186923299151757,0.030987698716932,0.0073412408517177,0.0393780345188578,0.02149989283121,0.02879052113067925,0.0068684434042274355
663893,2025,"Little, Brendon",L,1240,79,3,1.3250313117142054,1.1121632812739073,1.0936630230227478,0.0098221066712551,0.0092314242065447,0.2030459237690428,0.0151674998328045,0.0243269567671663,0.0075943967304489,0.0382485260852618,0.010316526368317,0.02185195838717245,0.0067289862599761285
663893,2026,"Little, Brendon",L,552,30,5,2.032244465206479,1.9351462226180929,1.9251357904259876,0.0059551734346541,0.022972349056471,0.0911430691537322,0.0179529351335025,0.0130632590308318,0.0070397700461137,0.0046579483540587,0.0198521638082255,0.012744182453420544,0.006221049533349343
663903,2024,"Singer, Brady",R,2966,32,6,1.7421421680858309,1.6621113045199083,1.6562512710876809,0.0242819863732694,0.0097300402688453,0.0557488771926526,0.0084996429824374,0.0078860522504478,0.0037258527804772,0.0050105516274747,0.0110636589560638,0.008079816990112653,0.0036593409056084204
663903,2025,"Singer, Brady",R,2850,32,5,2.065034962903317,1.9922290303371557,1.9872258440711263,0.0086448039591,0.005247192930515,0.0641611286070613,0.0082494473310104,0.0066818560722509,0.0038827466901711,0.0051936501430354,0.0081925466991695,0.007091169378776279,0.003750862600805188
663903,2026,"Singer, Brady",R,2801,31,5,1.7788049186729962,1.7133294051458543,1.689009904425397,0.0062712369870779,0.0033022854047245,0.0592042765400642,0.00911729082409,0.032844224454195,0.0064238512842597,0.0381419569863995,0.0273593296342974,0.028822757149879863,0.0057837591797397165
663941,2025,"Beck, Tristan",R,817,31,4,1.9706444094709343,1.9085206421305625,1.9031714542907936,0.0257298955953922,0.0125232103264882,0.0363938717449797,0.0144945040877389,0.0074705751540016,0.0068896705481099,0.0111592715216482,0.0022423815420066,0.008452600106955845,0.006224086477982572
663941,2026,"Beck, Tristan",R,313,14,5,1.857201625112035,1.8209016534582372,1.821812086203353,0.0477696639391826,0.01851160876095,-0.0114696922853849,0.0194177495974843,-0.0012389802140056,0.0088939478569125,-0.0151041823491262,0.0104077895794955,0.002733961960549886,0.007391718522782575
663947,2024,"Holton, Tyler",L,1339,66,6,2.3728952410518094,1.561086342311281,1.5635381252571166,0.7806151570580698,0.0194930082853624,0.0311937416824586,0.0083707704377257,-0.0033295510795881,0.0076958662437178,-0.0069807077673065,0.0005350343915458,-0.0010707847837320757,0.007156231455308038
663947,2025,"Holton, Tyler",L,1159,70,6,2.3924760303845334,1.5244587776708023,1.5286584033974848,0.7665152754411825,0.0260875263441515,0.1015019772725484,0.0122135178037816,-0.005739818652388,0.0081339003189669,-0.0156937191444817,0.0057844172862955,-0.0013063945021166631,0.0070956991720792185
663947,2026,"Holton, Tyler",L,1130,67,6,2.3880486545196113,1.635274888912549,1.625662572733695,0.6779647082471616,0.0308937669444044,0.0748090573599003,0.0131182565111681,0.0131182575870835,0.0077279654101433,0.0110836013580191,0.0150382852962006,0.01273638349271347,0.006680786407822794
663969,2024,"Phillips, Tyler",R,578,8,5,2.1957038326549396,1.9889893547647253,1.9872024852642765,0.1488302458002084,0.0316240306833915,0.0578842320900064,0.018732954827121,0.0024708386872232,0.0059356124632579,0.0056990090473157,-0.0006064825906218,0.0033984231622133793,0.005677226413302402
663969,2025,"Phillips, Tyler",R,1114,54,6,2.2455090637123107,1.8376959970399156,1.8157469433215156,0.29643818481647,0.0285186446910694,0.1113748818559255,0.0162770203970901,0.0305258999279618,0.0085343099850872,0.0251437172453079,0.0360856673184189,0.02597497030945221,0.007356848308410186
663969,2026,"Phillips, Tyler",R,2037,37,6,2.3268234918606936,2.2789711837994817,2.2747285126089363,0.0215630191920116,0.0067218966781654,0.0262892888692002,0.0076665321549755,0.0057730936640883,0.0044455819321667,-0.0039282481451561,0.0142708855496296,0.0063600518085230925,0.004216007183879358
663978,2024,"Paddack, Chris",R,1460,17,4,1.8709847909318351,1.8401367223092149,1.8354991642007823,0.0242296444872442,0.0112376179185988,0.006618424135376,0.0063560977788017,0.0062925974333745,0.0056667190473327,0.0042627502053259,0.0088901138014705,0.006845544536954792,0.005440592886163844
663978,2025,"Paddack, Chris",R,2565,33,6,2.1344893292786757,2.0425757002954357,2.0406905257350076,0.0733377060835158,0.0127517150019817,0.0185759228997242,0.0057793501079681,0.0025543965913876,0.0042109244587461,0.004899799694096,-7.760845997009122e-05,0.0033506506231265366,0.004044171405871554
663978,2026,"Paddack, Chris",R,1015,14,7,2.3403105253745182,2.23712863235773,2.24010397458061,0.0714958963657839,0.0177181914247892,0.0316859966510043,0.0129067142513302,-0.0040373961981591,0.0052038123304682,-0.0010517208300403,-0.0070390805494848,-0.001958081526588936,0.004845660103135828
663992,2024,"Lovelady, Richard",L,528,35,4,1.846094996884696,1.569885281670408,1.5577048144331855,0.2420049767778525,0.0415814874224667,0.0342047384364354,0.0122096955975083,0.0168358290608729,0.0078357404192404,0.0249208521571674,0.0063155580440078,0.01635091280805795,0.007268280935865369
663992,2026,"Lovelady, Richard",L,640,38,4,1.7522266630822998,1.598504884976223,1.5874085611549689,0.1137664739428031,0.0293610354707406,0.0399553041632735,0.0144568023582461,0.0151098877566007,0.0075875729137886,0.0104372382229672,0.0196261306112842,0.014248864156826685,0.006589455976405173
664062,2025,"Gonsolin, Tony",R,609,7,4,1.9092831256815492,1.7955809859361047,1.781811765754132,0.0402710444193979,0.0163564321257613,0.0734310953260469,0.0154632117205258,0.0185930268089157,0.0044250240889659,0.0179721812723824,0.0193583265049394,0.018101345689157375,0.004232695551517683
664076,2024,"Cleavinger, Garrett",L,1056,68,5,2.265455501803461,1.9852288394266964,1.9335575148323132,0.1684021820954543,0.0308698546169969,0.11182448028131,0.0174874633007405,0.0691570580122542,0.0103786345696337,0.0741857325415667,0.0641917169153008,0.05679471805222891,0.00915694863355989
664076,2025,"Cleavinger, Garrett",L,874,67,5,1.879213640471138,1.5154333700434113,1.5078712962885308,0.2508208725879429,0.0348324058766282,0.1129593978397841,0.0165557997364932,0.010507555583093,0.0081945385871268,0.0015118902224824,0.0201246320376933,0.011064333893240548,0.007135848124670377
664076,2026,"Cleavinger, Garrett",L,734,51,4,1.8392634306570956,1.329023355584689,1.324486444644696,0.3629152977522786,0.0289365400526267,0.147324777320128,0.0227559244967861,0.0060218673236074,0.0076659175614676,0.0045277739836471,0.0073670647637091,0.007415952458940919,0.006640576382018649
664126,2024,"Fairbanks, Pete",R,696,46,3,1.1633591383835538,1.1194230287445504,1.1149377057654857,0.0060695709040758,0.0055408206604564,0.0378665387349277,0.01120661108813,0.0061091678932072,0.0036257832012599,0.0030837701628965,0.0090527981172934,0.006352662361402623,0.0035644012395673248
664126,2025,"Fairbanks, Pete",R,987,61,4,1.4415298671871977,1.383500856701076,1.3705857689931384,0.0181796547542893,0.0076130724980321,0.0398493557318324,0.0109044832269551,0.0171795034605582,0.0054290704963605,0.0228759822611659,0.011574412020388,0.016643360827007445,0.005085002541375186
664126,2026,"Fairbanks, Pete",R,766,46,4,1.614753462001992,1.5683535682635477,1.5620073377415375,0.0330260638520221,0.0149627118257944,0.0133738298864219,0.0138775522232796,0.0083525989344671,0.0040971706917377,0.0120873341157306,0.0044337570893384,0.00863498778514488,0.003915366195460731
664129,2026,"Hartlieb, Geoff",R,435,18,4,1.9274412348159284,1.7812272135521086,1.77611653844252,0.1133643427524518,0.0245980556728278,0.0328496785113679,0.0151122875621794,0.0071483719378492,0.0056126532504048,0.0040373325555882,0.0097964590310833,0.007823077861904325,0.0051705498352216505
664139,2025,"Gibaut, Ian",R,387,25,5,1.9321459840801487,1.894395393993782,1.8841674618849664,0.0297249085709135,0.0155466232000483,0.0080256815154528,0.0128862073994752,0.0142381644824156,0.0060928889180433,0.0118173404288778,0.0169157426022377,0.014024384464836505,0.0056179903112832585
664141,2025,"Brubaker, JT",R,469,17,5,1.8377051781406335,1.6810188024368915,1.6795875344678366,0.151003736612586,0.0257562845635329,0.0056826390911554,0.0255859022015076,0.001901599652937,0.0090927611136946,-0.0029561192355614,0.0087090152381799,0.004976311669439775,0.007705618574750152
664141,2026,"Brubaker, JT",R,1000,41,5,1.980940736362844,1.7557756994806413,1.7550165601533012,0.1727679468762606,0.0260482949779002,0.0523970900059423,0.0124956620672306,0.0010148921488504,0.0075849847075375,-0.0042455716660698,0.0061092360538258,0.003616911547283559,0.006587760492984576
664192,2025,"Lucchesi, Joey",L,632,38,4,1.543799967962037,1.4153051218646473,1.3990138767682505,0.0609770930435097,0.0234599152757645,0.0675177530538799,0.0143809915566643,0.0220001429506899,0.0061489979440784,0.0195456592852945,0.0242923467043237,0.020601937430036663,0.005661884351941205
664199,2025,"Clarke, Taylor",R,865,51,4,1.9316199532976708,1.7688284048147045,1.7704001568279988,0.13258380979912,0.0214675044607824,0.0302077386838461,0.0116871836673439,-0.0020725083711882,0.0051719082726327,-0.003649318898338,-0.0005052833183676,-0.00039570033963893733,0.004871869278442609
664199,2026,"Clarke, Taylor",R,1069,71,5,2.062132842526111,1.7897888614474298,1.79728916115838,0.2146196577317615,0.0202736634341866,0.0577243233469197,0.0180599452631592,-0.0102529672519253,0.0066665243749055,-0.017610450042591,-0.0025881222559054,-0.0058590666731468295,0.005958977032364651
664208,2024,"Maton, Phil",R,1078,71,5,2.045514843356132,1.87860937426272,1.8744863008297568,0.0608176500767706,0.0137274163328181,0.1060878190166409,0.0147813315856138,0.0054602864382488,0.006845619758099,0.0132795580646573,-0.0020575192941293,0.006330956782484144,0.0064574679881944964
664208,2025,"Maton, Phil",R,1008,63,4,1.828896594052501,1.6838098622938538,1.6681309602905956,-0.0022581801904248,0.0013709443522612,0.1473449119490723,0.0173459290805551,0.0207951752885317,0.0070961203267631,0.0143227222139498,0.0280248512854881,0.019255005786488734,0.006375038550580287
664208,2026,"Maton, Phil",R,546,31,4,1.9382542202873607,1.8421325248135956,1.8232581607889633,0.0133080925733239,0.0117469897503597,0.0828136029004412,0.016867731919086,0.0251351286767055,0.005883608383455,0.0207154563327044,0.0295118915804736,0.022918563187257008,0.005380057497889777
664285,2024,"Valdez, Framber",L,2598,28,5,1.735402895512688,1.5907082478546763,1.579800476960632,0.044363660407324,0.0101258929125807,0.1003309872506871,0.0123329846857282,0.0149621904871847,0.0062194731121813,0.0097154405802636,0.0200132067188218,0.014813803047069469,0.005924075676785003
664285,2025,"Valdez, Framber",L,2891,31,5,1.666532639684751,1.5166151144686597,1.5031998943223135,0.0396430289750926,0.0087284761840121,0.1102744962409988,0.0094896886817246,0.0185744259784893,0.0051533575123704,0.0210118105576471,0.0160026973674095,0.01792926109166576,0.004856354014098361
664285,2026,"Valdez, Framber",L,2768,31,6,1.8785586606902651,1.6823177926629036,1.677967014245053,0.0881310927693706,0.0132831239244191,0.1081097752579905,0.0098849827287186,0.0059915197316474,0.0058441563042109,0.0046735649935383,0.007581456347654,0.006901251450243835,0.005349843082039767
664294,2025,"Moreta, Dauri",R,285,18,3,1.0557562795754207,1.029842695399172,1.0356809873984705,0.0138548782740172,0.0062815342177244,0.0120587059022315,0.012728630115504,-0.0076678028562212,0.0045987851575683,-0.0085068387514881,-0.0067218310135183,-0.005799567218395644,0.00438400278172915
664299,2024,"Javier, Cristian",R,570,7,4,1.766341672820019,1.704107703703645,1.6987789696437188,0.0389084760810629,0.0266669366563223,0.023325493035311,0.008719762173624,0.0072491131602814,0.0039089988827734,0.0033778196695845,0.0115701023594936,0.007486357456862216,0.003832394035566277
664299,2025,"Javier, Cristian",R,617,8,5,2.1634144354335647,1.976374877263573,1.9747102745018696,0.1753766908815657,0.0460237596282744,0.0116628672884261,0.0148634799788366,0.0022424888732992,0.0093569514008906,0.0119894340871354,-0.0082101175324889,0.005345176637633973,0.007864439029750913
664299,2026,"Javier, Cristian",R,1108,17,7,1.9752734431492505,1.9706804766916453,1.976560580974739,0.0088281136345364,0.0265889935427695,-0.0042351471769315,0.0136079178824446,-0.0078307158000809,0.0094900577191774,-0.0258433806382282,0.0080628119982843,-0.0012674442856917822,0.007723411998255269
664350,2024,"Sánchez, Sixto",R,621,14,4,1.8024298748007912,1.753832555732614,1.7435213718659577,0.0386210391851722,0.0290094458343423,0.0099762798830055,0.0067779364678598,0.0139808846750948,0.0024037554156182,0.0147576204474042,0.0133733987208761,0.013971578685134193,0.002385612540007889
664353,2026,"Urquidy, José",R,607,13,6,2.368753924584891,2.2195936089292903,2.218737786452023,0.1273156447893363,0.0387884267356426,0.0218446708662644,0.0115498983216583,0.0011726506629825,0.0063502175785736,0.0058205453971757,-0.0040785765607453,0.003111762977356639,0.0057298413769386655
664747,2024,"Díaz, Alexis",R,977,60,2,0.9853116058519734,0.9419418731776116,0.94174264577509,0.0008358789840075,0.0005219014992129,0.0425338536903543,0.0090807526929412,0.0002648233636237,0.0023591349082656,0.0025747225446217,-0.0020387989174258,0.00045464650554040593,0.002341976615791437
664747,2025,"Díaz, Alexis",R,361,18,2,0.9877500959052185,0.968213985772254,0.9682413327487284,0.0055172617655268,0.0032071750762266,0.0140188483674373,0.0086217939652284,-3.5769052562266445e-05,0.0032205614060177,0.0048098804273111,-0.0033950229864622,0.0005670309126971189,0.0031440965708211897
664776,2024,"Cousins, Jake",R,644,37,3,0.9813238332438456,0.92756118301487,0.9214383016369972,0.0098832359298329,0.0045667906087929,0.0438794142991426,0.0093791362760427,0.0080636719986709,0.0045553665419549,0.0074986106903476,0.0087321597071784,0.008339102001263983,0.004435384250175222
664849,2024,"Young, Danny",L,697,42,3,1.0527266627825898,1.0069419465703282,1.008655252956485,0.0132649543445736,0.0066306050292936,0.0325197618676879,0.0137371633800822,-0.0022446890059237,0.0020326356116222,-0.0063828499156397,0.0019878786165614,-0.002076142365292525,0.002021630000384042
664849,2026,"Young, Danny",L,265,16,4,1.1554438498282564,1.0769848800128523,1.071065199428289,0.0146872114944086,0.0048732826333473,0.0637717583209955,0.0134976729238282,0.0077659175985609,0.0039825748988969,0.0091111318908148,0.0065231958238121,0.008082347967212411,0.003814996294373254
664854,2024,"Helsley, Ryan",R,931,65,3,1.28236759390726,1.2089736623711649,1.2078899770057945,0.0312725703201924,0.0081539057793262,0.0421213612159029,0.0107547451496616,0.0015103459208978,0.0043457265912746,0.0030991929688473,-0.0001465251596854,0.002073673619935967,0.004241190316748301
664854,2025,"Helsley, Ryan",R,979,58,4,1.3596286400589128,1.2736457634992306,1.267765611793827,0.0145388001600043,0.0060643534571006,0.0714440763996778,0.0150691958615083,0.007896664635926,0.0052671650528312,0.008536355622866,0.0072759914891382,0.008468524749129257,0.004951242297420384
664854,2026,"Helsley, Ryan",R,273,17,4,1.6436220619948576,1.415694026674828,1.4012243232509192,0.1371192582292383,0.0309395796582751,0.0908087770907912,0.0200692281061796,0.0192694099254982,0.0064800387338605,0.0131646757115249,0.0263380495416777,0.017797835998217097,0.005824666689265137
664875,2024,"Lawrence, Justin",R,1081,56,3,1.0390448699036086,0.9452565259113832,0.9444015893138008,0.00824719974848,0.0054927456743546,0.0855411442437452,0.0111544610972215,0.0011552330774833,0.0017925286990008,-0.0001830734351644,0.0026493213005981,0.0012580033695365408,0.0017849670334006036
664875,2025,"Lawrence, Justin",R,270,17,3,1.3725403419937576,1.2112892165494846,1.208871191044549,0.0713447916631249,0.0218222655527366,0.0899063337811482,0.0161759662766896,0.0032160930361205,0.0044703585080263,-0.0033259606458284,0.0108020914545508,0.00404739302798234,0.0042723199973008445
664875,2026,"Lawrence, Justin",R,684,37,3,1.4472959884037508,1.3400034723760823,1.3335330342346154,0.0096192881488737,0.0065126796074994,0.0976732278787947,0.0127784429444239,0.00871216474166,0.0043630741780586,0.010347143591026,0.00727096116333,0.008993738620373604,0.004145436561204074
664991,2025,"Wolfram, Grant",L,520,21,6,2.1376646281139933,2.0645928778148863,2.0459312770360847,0.096521987408495,0.0409940374745771,-0.0234502371093882,0.0216622748359133,0.0250103927963322,0.0131739457202513,0.0009204756199804,0.0450095693200959,0.01950012908374471,0.009755041090861864
664991,2026,"Wolfram, Grant",L,901,60,6,2.2017667100288394,1.8088093726428585,1.7916074132451167,0.3252940232484088,0.031255777498701,0.067663314137572,0.0164094181763712,0.0229274636351553,0.0116757243067707,0.0106789373960459,0.0376496336098504,0.017996629270622597,0.00877188422130831
665152,2024,"Kremer, Dean",R,2171,24,5,2.238442774550031,1.9998073093113344,1.98667727494023,0.1418367287883179,0.0213230656366097,0.0967987364503784,0.0091674022760422,0.0176176171938616,0.0076474460745658,0.016410045556094,0.0188015399378664,0.017047999437378433,0.007117249751198333
665152,2025,"Kremer, Dean",R,2692,31,6,2.306916443226775,2.0575382214553057,2.0590145095871257,0.1614753708530021,0.0197652641123505,0.0879028509184671,0.0130422077911588,-0.0019890728983285,0.0082154776556978,-0.0024237442951815,-0.0015630173864478,0.001601979069935115,0.0071496620847319
665152,2026,"Kremer, Dean",R,1465,17,6,2.318473006505606,2.090037361498589,2.0862610666575963,0.1053142690531443,0.0261154926953068,0.1231213759538724,0.016926722537643,0.0050293381291398,0.0064852987853603,0.007838612370039,0.0020080431908142,0.006294161646870293,0.0058284858581197545
665620,2024,"García, Deivi",R,283,14,4,1.7113211702658369,1.402200161922466,1.3931372470769896,0.2625092340022974,0.0354251907520872,0.0466117743410733,0.0184342912922601,0.0119850696321022,0.0037881094112479,0.009835917959916,0.0146267352291644,0.0120353757353143,0.003718270039160234
665622,2024,"Medina, Luis",R,720,8,5,2.0928821709390615,1.9007634450991324,1.8994780869560903,0.1307875798561212,0.0299819702207907,0.0613311459838079,0.0158613968611247,0.0017106429999814,0.0055693486065126,-0.0031718268749871,0.0071060571808804,0.0025932755779700892,0.00535424686018178
665622,2026,"Medina, Luis",R,1270,60,5,2.25893135255033,1.92255185620736,1.916832499502112,0.1517810782940786,0.0245779557334319,0.1845984180488915,0.0162789752813746,0.007605846089701,0.0065053253141448,0.00409845713916,0.0111353404327875,0.008379053229093847,0.0058430101822158085
665625,2024,"Peguero, Elvis",R,829,52,3,1.0193019654340434,1.0277066498104894,1.0285502613142072,-0.0052865202144605,0.0054572779508683,-0.0031181641619854,0.006465577685091,-0.0011578707559305,0.001900841801536,0.0015262050996496,-0.0037717746937177,-0.0010205506878122293,0.0018918319933299555
665660,2025,"Alvarado, Elvis",R,765,37,4,1.645567932965457,1.5105420773748728,1.5062195987108844,0.0587562171682466,0.0140617669175114,0.0762696384223372,0.01476931954909,0.0056913875696231,0.0049773961664841,0.0004599202027489,0.0124736851835945,0.006440537380260968,0.004708256527624499
665660,2026,"Alvarado, Elvis",R,951,56,4,1.586382238644068,1.4481618510931633,1.428180737842522,0.0659646558118301,0.0123813699011643,0.0722557317390746,0.0091896092619139,0.0262822112052008,0.0069073742105852,0.0186532398284449,0.0327240212197575,0.023161535137434304,0.0061291174549893464
665665,2026,"Sanmartin, Reiver",L,345,24,4,1.867169605384742,1.571067304261685,1.5648924567253877,0.2231560933628293,0.0429597082417487,0.0729462077602275,0.0217727088401596,0.0084202466404054,0.0072314969032469,0.0057957928032864,0.0117242465603499,0.009148068129536535,0.006352178313783355
665795,2024,"Cabrera, Edward",R,1734,20,5,2.156496054887974,2.0406099125957273,2.0339400159303644,0.0793242093748941,0.018248045173422,0.0365619329173521,0.0126856297176925,0.0088085307065799,0.005694621348723,0.0138194081171256,0.0041297438460703,0.009167929719005895,0.005465272164667797
665795,2025,"Cabrera, Edward",R,2252,26,5,2.290199024665358,2.195850367075144,2.1880981539552264,0.0255073190111434,0.0084870062326726,0.0688413385790705,0.0077160845511521,0.0104601461630047,0.0056797610550727,0.0111190045403531,0.0098130251676755,0.010772338796748968,0.00528922621224616
665795,2026,"Cabrera, Edward",R,1353,18,5,2.264903553784175,2.080526851052197,2.0684594612151685,0.0860270730951176,0.0147136851266787,0.0983496296368603,0.0142884316286108,0.016294589270958,0.005741643407753,0.0199305514220371,0.0128009348361637,0.015557369891578425,0.005270869577496861
665871,2024,"Assad, Javier",R,2538,29,7,2.421839231243683,2.0659550043537624,2.062261656622002,0.25596862376278,0.0189069185285447,0.0999156031271407,0.0115853152386127,0.0049413371340055,0.0055979864992987,0.0188379770267029,-0.0085368161990986,0.005585308524054752,0.005379678181448346
665871,2025,"Assad, Javier",R,567,8,7,2.343932659871459,2.04905983758784,2.047710914815905,0.2715342344002693,0.037750991983397,0.0233385878833493,0.0207498467747612,0.001847437709389,0.0062376002596639,0.0081378319250823,-0.0049487168452543,0.0035565660546036867,0.005730826172128852
665871,2026,"Assad, Javier",R,1506,28,7,2.3892415451925366,1.9488651801395784,1.9407028604345773,0.3178299958801431,0.020411545423526,0.122546369172815,0.0090185695580986,0.0108975651380603,0.0065641455379129,0.0039675477267076,0.0206706666156089,0.01103662634884274,0.005885520036402021
665896,2024,"Marte, José",R,311,14,4,1.886837753554528,1.6805783224700386,1.6637991388941202,0.1855427864037097,0.0342024808033771,0.02071664468078,0.0093915989830891,0.0225901562429027,0.0067169890571413,0.0342484545739941,0.0102032142661181,0.021607166781186696,0.006349166120096194
666129,2024,"Garrett, Braxton",L,588,7,6,2.3682806199836683,2.193641364778615,2.185906870959072,0.0843978664242184,0.0288213103096041,0.0902413887808353,0.0121517147270697,0.0106507783744519,0.0056632770820241,0.0103606325652988,0.0109832067387078,0.010862607939015697,0.005437546527193169
666142,2024,"Ragans, Cole",L,3118,32,6,2.111291092149087,1.908633156581882,1.9007408085453252,0.0850974491401859,0.0120966772432587,0.1175604864270191,0.0160277821008893,0.0104494017740906,0.0034256083530939,0.0158874108731766,0.0049135364701367,0.010537002674901718,0.0033737011319076205
666142,2025,"Ragans, Cole",L,1079,13,5,1.9581123459996057,1.7858642386504824,1.7866757346861013,0.0942278249957875,0.0135110200230714,0.0780202823533354,0.0178767322718609,-0.0010665094061297,0.0066347061880069,0.0062548690679839,-0.0099906761407925,0.001331973690582777,0.006034190287241032
666142,2026,"Ragans, Cole",L,638,8,5,1.8570939866059368,1.7289623202017108,1.7293741865062373,0.0990016283914313,0.0158301667630858,0.0291300380127939,0.0092929138841922,-0.0005406804573819,0.004065332190622,0.0009665264651955,-0.0018399967699486,0.0004985207625563121,0.0038875526710771932
666157,2024,"Lodolo, Nick",L,1863,21,4,1.97259005499596,1.7072861840780722,1.6812617778601815,0.0715937664486541,0.0094331106693605,0.1937101044692337,0.0142014198631071,0.0354411321519954,0.0079418747982682,0.0421194539354656,0.0275949003586973,0.03228697281055759,0.007352745769479727
666157,2025,"Lodolo, Nick",L,2478,29,4,1.9932699661112043,1.8304153819129825,1.824276450181266,0.0926564217241989,0.0122798615128079,0.0701981624740234,0.0080085267815354,0.0082945871489599,0.0054952311447637,0.0135474225862649,0.0030187884966284,0.008860813168883082,0.005139242565435924
666157,2026,"Lodolo, Nick",L,1899,21,4,2.002935429412523,1.7471749509679582,1.7374132932699675,0.1158931935258607,0.0124177003339803,0.1398672849187041,0.0182297725116972,0.0131470836655912,0.0072255615765506,0.0105873820400699,0.0159984454463444,0.012795713735427167,0.006348154386088086
666159,2024,"Manning, Matt",R,438,5,5,1.7747380090378588,1.6687629000810629,1.66955031147136,0.0918210295817767,0.0244260615760255,0.0141540793750194,0.0039473896899451,-0.0010948767903182,0.0032241904557968,0.002250092673492,-0.0065304521690098,-0.0007083734963708437,0.003180799475227179
666171,2025,"Zeferjahn, Ryan",R,1029,62,6,2.144169332906127,2.0925951729980397,1.9889334283358608,-0.0067466756902765,0.008014430314641,0.0583208355983637,0.0168517265132728,0.1378138698415793,0.0140776647335519,0.1376578185785689,0.1379545843711242,0.07722288405457173,0.010105396414103475
666171,2026,"Zeferjahn, Ryan",R,1269,64,5,1.9409352867002692,1.8958530980954815,1.861658728152758,0.006505667384258,0.0059330073432204,0.0385765212205296,0.0122698425575424,0.0446426496474446,0.0089433403710928,0.049254842339922,0.0401798397142377,0.0343469624482407,0.007419999502062814
666200,2024,"Luzardo, Jesús",L,1083,12,4,1.9145194122345068,1.8174533446725731,1.812157296569017,0.0156028439909045,0.0060324026202245,0.0814632235710293,0.0115283504859093,0.0071161539654485,0.0051203944334545,0.0141092118467877,-0.0003061453203717,0.007520837448075084,0.0049517373472289525
666200,2025,"Luzardo, Jesús",L,3013,32,5,2.1033356578494975,1.880675301200559,1.8720159602497657,0.1230587338202481,0.0149806199912976,0.0996016228286899,0.0100240680412113,0.0115855214408259,0.0051696512278447,0.0197989568829708,0.0033574843356728,0.011723496816356573,0.004869982561967714
666200,2026,"Luzardo, Jesús",L,2864,30,4,1.9286876921962557,1.6956789945763544,1.6924499989691837,0.0994460546162919,0.012760313487931,0.1335626430036093,0.0116543834908967,0.0043396731201015,0.0048872889663408,0.0035837530380646,0.0051599425633293,0.005205207132616023,0.0045870193182089535
666201,2024,"Manoah, Alek",R,394,5,4,1.9986283669549731,1.8218343438796456,1.806705092219732,0.1252433088180322,0.0424892246791509,0.0515507142572947,0.0110128161600458,0.0206260385951766,0.0052497087037487,0.0200187386725501,0.0214116726220666,0.02013295596437542,0.00506840103693693
666204,2024,"Jiménez, Dany",R,450,25,3,1.181737174429644,1.0925217006196128,1.0814350921472788,0.0493813277920625,0.0112086610216361,0.0398341460179688,0.013063380935078,0.0149819033409917,0.0063439669084826,0.0208920609807235,0.0101375118330148,0.014826197821480466,0.006031359314628098
666205,2024,"Muller, Kyle",L,725,21,4,1.6803218225419885,1.506697133608241,1.4959112648337358,0.1245852821285515,0.0186499407729567,0.0490394068051957,0.0167469018400565,0.0148947711647931,0.005426329685192,0.0058850002982591,0.0236674427979972,0.014784126050504815,0.00522679854722446
666214,2024,"Wentz, Joey",L,1224,46,4,1.902857656635712,1.671515878166882,1.6615372473760217,0.1810720292132181,0.013923689819188,0.0502697492556115,0.0090048018693343,0.0132759174869709,0.0055459815269844,0.0103111292642692,0.0164682515326339,0.013282393462936158,0.005333474147166667
666214,2025,"Wentz, Joey",L,1815,39,5,1.9763525170600955,1.918963419552434,1.8351054815491543,0.0378853708454049,0.0103318189436234,0.0195037266622563,0.0092168368781003,0.1106924781643294,0.0162876142186991,0.1320438737909193,0.0908104903828279,0.05613669922542931,0.010836263039862683
666215,2025,"Whitley, Forrest",R,256,10,6,2.3435849030623253,2.139980538076522,2.1175384586141135,0.19928393774819,0.0445779129566066,0.0043204272376133,0.0203214980781005,0.0303977372612516,0.0166837024036959,0.0404359842479951,0.0214636974430498,0.020387684074079256,0.0109505684246624
666277,2024,"Soriano, George",R,519,22,4,1.5819667029939244,1.5232512160204097,1.5298258741068216,0.0733717678267075,0.0168935570946684,-0.0146562808531926,0.010711201125555,-0.0087944524403294,0.0043247730563553,-0.0053575998642944,-0.0132950927184705,-0.007750978514367832,0.004221706121487945
666277,2025,"Soriano, George",R,692,24,5,2.299394977210165,2.1775579635366684,2.179329108922024,0.074289630214073,0.0204716671240483,0.0475473834594231,0.0171898741856334,-0.0023615271804739,0.007720218898613,0.0044046995926087,-0.0101063404703248,0.0009843440731694877,0.006816042806574835
666277,2026,"Soriano, George",R,1149,70,5,2.123256315265693,1.8875392714446144,1.8754503478632156,0.1826255538912811,0.0168548802688552,0.0530914899297981,0.0143694461476115,0.0160952180707145,0.0070578775978078,0.0225975514236638,0.0093315616279303,0.015107969880246225,0.006233535094984594
666374,2025,"Brash, Matt",R,822,53,5,1.5621567444192226,1.423133645162436,1.4231005981753646,0.0746966246216629,0.0168957569338436,0.0643264746351236,0.0151758917897586,4.3533050276882705e-05,0.0053577181760993,0.0036201580905826,-0.0031021733104739,0.0015745413505445973,0.005026232915949272
666374,2026,"Brash, Matt",R,262,20,4,1.5840962231099494,1.5036476419822562,1.5024408464402497,0.0677839432419896,0.0206632592315461,0.0126646378857036,0.0174948807706936,0.0016131654694171,0.0043920158640276,0.0036868512589268,-0.0005914899489036,0.002596962095307579,0.004170235656040249
666661,2025,"Morillo, Juan",R,617,42,4,1.8524297434847836,1.5774047287590542,1.5678937367132135,0.2117303229850779,0.0318551720700989,0.0632946917406514,0.015369599344885,0.0126471596816455,0.0082753678066457,0.0149298807774446,0.0101801830713873,0.012687392986369984,0.007189031622281731
666661,2026,"Morillo, Juan",R,1041,70,4,1.8174216941807633,1.5664320122687778,1.557637821892119,0.2009284887218916,0.0230775782687434,0.0500611931900937,0.011658885218344,0.011767033653087,0.0079016331202085,0.0174964522465225,0.0072962516385298,0.011725184736864541,0.006792036251792567
666711,2025,"Peguero, Joel",R,315,17,3,1.6116474969854553,1.505243207677481,1.484164913743445,0.0584916212740776,0.0348188368288703,0.0479126680338963,0.0147863149462284,0.0288680982140062,0.0102611451803622,0.0256664922439179,0.0323607592722843,0.02351740158701518,0.008378821470929849
666720,2024,"Rodríguez, Yerry",R,438,16,4,1.4759939496437269,1.36478216806864,1.37021391311381,0.0985487772080726,0.024119399015654,0.0126630043670141,0.0175103690310554,-0.007123066855642,0.0051951892226762,-0.0144079179464805,-0.0022422166247802,-0.0057593421181751925,0.005019285719875186
666745,2024,"Brito, Jhony",R,626,26,6,2.1411354470781125,2.022379636402007,2.016756813470455,0.0747325422341796,0.0170419896566333,0.0440232684419258,0.0189348567921539,0.0079635455998896,0.0067147201633596,0.0150981200119035,0.0016217016780994,0.008538257799972204,0.0063472498189877866
666808,2024,"Doval, Camilo",R,1116,62,4,1.4496162347594803,1.379228428513953,1.3636825437461548,0.0184810879824941,0.0106440986109044,0.0519067182630327,0.0101452048384297,0.0205316063915542,0.0071052964908989,0.0167375246400965,0.02467316592718,0.019687738229841455,0.006674056254476867
666808,2025,"Doval, Camilo",R,1103,69,3,1.4193001474961653,1.3920568451872155,1.3694934809982544,-0.0007644777842452,0.0064680350693145,0.0280077800931949,0.0087471650273184,0.0301300129545082,0.0103738717477767,0.0371947751824192,0.0229270646683496,0.02427441415202898,0.00843985972334306
666808,2026,"Doval, Camilo",R,1038,66,4,1.7065063010614032,1.6022763723876858,1.5513191896859786,0.0071212692381458,0.0075088951107735,0.0971086594355714,0.0132806232342069,0.0691419028031006,0.0111275390478741,0.0742471238757162,0.0644343245778496,0.04543293232477968,0.00853215858636069
666974,2024,"Cano, Yennier",R,1008,70,5,1.85466189069413,1.5798351647248403,1.5419204823992516,0.161350638037154,0.0277671931220468,0.1134760879321357,0.0155833284116209,0.050353095894853,0.0127244615481538,0.0436314346717172,0.0592809465378525,0.039269028254695346,0.010648769630722052
666974,2025,"Cano, Yennier",R,986,65,7,2.235296288680682,1.888204611619962,1.8427828767597236,0.230176012404141,0.0317354012261974,0.1169156646565791,0.0152845056498489,0.0610161179457697,0.012705986475379,0.0605901676908695,0.0614283647072146,0.04010265642293845,0.009560402686823628
666974,2026,"Cano, Yennier",R,794,68,5,1.628063934649931,1.375623868753339,1.3636871326365465,0.1553251208072493,0.0221898295647603,0.0971149450893428,0.015254037163641,0.0161186538719954,0.0077797887612371,0.0192069978688015,0.0134237294926168,0.0149673084237839,0.0067141834721804496
667297,2024,"Nance, Tommy",R,322,20,4,1.630718596868851,1.3020016848919014,1.2906952235215563,0.231088520713392,0.0414935792248208,0.0976283912635575,0.0151178101272649,0.015898168389742,0.0080329062347011,0.0205884308970265,0.0101605657109281,0.01552873175743018,0.007424807014713715
667297,2025,"Nance, Tommy",R,461,30,3,1.565461847869394,1.2807888835772017,1.2690583023143749,0.1100815630695087,0.0268207888438225,0.1745914012226836,0.0248525787530749,0.0161426804840692,0.0066275274892758,0.0157605924214008,0.0164378384584057,0.015567924438063003,0.006028788226745475
667297,2026,"Nance, Tommy",R,981,57,4,1.5837939357728552,1.4013677788765373,1.3930436287410128,0.0654011294027523,0.01640639659846,0.1170250274935651,0.0143216498576607,0.0112945937523511,0.00517225465064,0.0066827302515315,0.0154574073859856,0.011335650928728713,0.004820149340787367
667463,2024,"King, John",L,857,56,4,1.4242949713674418,1.1993784956053626,1.2108747695421225,0.1820648711139926,0.0216309962210628,0.0428516046480863,0.0111387522536246,-0.0161778436187241,0.0060982957456197,-0.0245941786114003,-0.0070409319999627,-0.013534698164567593,0.0058190745810543084
667463,2025,"King, John",L,782,51,6,1.6517203868084902,1.357821566069195,1.348568562350375,0.1997590449229697,0.0282163735777583,0.0941397758163253,0.0129971386331473,0.0129442735386713,0.0060830669985622,0.0208411395705449,0.005406355962792,0.012924387336272262,0.005610287897967945
667463,2026,"King, John",L,714,50,6,2.3211576138276984,2.277825204991073,2.2587204263538285,0.0370619998746791,0.0108147777579869,0.0062704089619461,0.0134679150303263,0.0262828746570185,0.0064997595726164,0.0301067330331775,0.0227015744614367,0.023450531653738046,0.005838976203495089
667652,2026,"Ralston, Jack",R,311,16,3,1.5124942484304034,1.497165091178005,1.480396355953575,0.0007412984219805,0.0087106344124079,0.0145878588304183,0.0126070439000844,0.02228665237093,0.0054423765890998,0.0316407368119963,0.0149319142226107,0.020753139352093664,0.005036510073316545
667725,2024,"Tyler, Kyle",R,580,8,6,1.9061925324107836,1.9115254910185355,1.9079889941214008,0.0380985318173422,0.0493019452121927,-0.0434314904250944,0.0089452416873746,0.0046830324208635,0.0067184091928604,-0.0039406487352765,0.0122703913779824,0.005607886238078435,0.00635036545735834
667755,2024,"Soriano, José",R,1736,22,5,1.9548731470928784,1.7952977137446076,1.764335577560581,0.092688173597134,0.0135580662002954,0.0668872597511368,0.0125052980230621,0.042389801589488,0.009342216957257,0.0355420063849891,0.0488799546481297,0.036949892324386086,0.008421458619053248
667755,2025,"Soriano, José",R,2784,31,6,1.9162735169697624,1.7230455010183423,1.7101600117829123,0.0803274451140835,0.0085247731989421,0.1129005708373362,0.0112445895659286,0.0174226333324123,0.0053775918532581,0.0177483013946425,0.0170947433633247,0.016866043555164682,0.005042630371519364
667755,2026,"Soriano, José",R,2916,32,5,2.165764677114693,2.0357242963574085,2.0311999011631894,0.0823563398027368,0.0121483076314572,0.0476840409545477,0.0073244730329521,0.0060797863531532,0.0035318124201428,0.0033347727737518,0.0088861981859616,0.006444300918262585,0.003413361489931732
668338,2024,"Miller, Tyson",R,934,58,5,1.491910324970534,1.3664713375013913,1.3706871901607525,0.0860972420144932,0.0193303723408381,0.0393417454546495,0.0109408267168829,-0.005641269890893,0.0041070276026091,-0.0139578472605969,0.0024403759146949,-0.0048304004375391875,0.004018449305184282
668390,2024,"Winn, Cole",R,286,13,5,1.9983838661140192,1.8266354932387985,1.8216020366848444,0.1315125731801116,0.0411416229304474,0.0402357996951092,0.0278670658800966,0.0068878879159368,0.0042421504911964,0.0047413469874102,0.0095652938052818,0.007181778220841844,0.0041447478028834904
668390,2025,"Winn, Cole",R,619,33,6,2.3586834290216823,2.2984653568215916,2.2864109763341056,0.0127938063084185,0.0246661843581418,0.0474242658916719,0.0196023555016039,0.0162918373837423,0.0089730167414065,0.0167504970857317,0.0157912909509777,0.015329428375168225,0.0076323351567305145
668390,2026,"Winn, Cole",R,787,51,6,2.0564899714450484,1.8137087163442192,1.8087987800950096,0.1097027183858461,0.0187844549073737,0.1330785367149831,0.0150867044602264,0.0067554542449786,0.0063355287810722,0.013359209312868,-0.0001313188972488,0.0076536449766920495,0.00571904375397966
668674,2024,"Erceg, Lucas",R,947,61,4,1.9842137915930285,1.6559807571948946,1.641891729014962,0.2457527739858419,0.0260322080000341,0.0824802604122922,0.0130534406458234,0.0191699851816039,0.0074065256806898,0.0244781762790889,0.0145467219676653,0.018434684951964438,0.006921820538438881
668674,2025,"Erceg, Lucas",R,963,61,4,1.9739241624359336,1.7463245854567768,1.7446650277324978,0.1692139081032985,0.0194900628756567,0.0583856688758582,0.0111334274397133,0.0022320587827947,0.0055789458769805,-0.0007959530461881,0.0059792234211611,0.0035937958874766047,0.0052075224977980415
668674,2026,"Erceg, Lucas",R,901,52,5,2.0561750376661383,1.86139774574141,1.853012423461618,0.1293680587533269,0.0127809052349717,0.0654092331714014,0.0160140387130852,0.0112094590120066,0.0049877236460501,0.0110629949140264,0.0113524870021163,0.011258502888863342,0.004669750569866233
668678,2024,"Gallen, Zac",R,2506,28,6,1.925246530200477,1.7710946629008748,1.7697218995665602,0.1013246352594084,0.0181943229064816,0.0528272320401938,0.0107767606028926,0.0018269489728051,0.0051599662303144,-0.0010316122894791,0.0045118180471647,0.0025851631634668387,0.004987499317490835
668678,2025,"Gallen, Zac",R,3134,33,6,1.9662492421860296,1.880393115040204,1.85504728180942,0.0635708364618792,0.0131990865875508,0.022285290683946,0.0074630586279013,0.034238724717792,0.0090699601973269,0.0334478415593902,0.0350759240150177,0.02822141567659829,0.007691727118124141
668678,2026,"Gallen, Zac",R,1779,22,5,2.154066616246053,1.9637087426851112,1.962570616301034,0.1501842601795255,0.0234874310359364,0.0401736133814164,0.0153435888452152,0.001545593005552,0.0055440783955859,0.007664277369401,-0.0054543421341051,0.0030366891666166844,0.005116788249853596
668716,2025,"Murdock, Noah",R,391,14,4,1.4772013896254288,1.3609420511386907,1.3492420127611569,0.0012298168739594,0.0164007649969938,0.1150295216127786,0.0204097468498892,0.0154551182622154,0.0066433132749061,0.01680321555935,0.0145099006170981,0.014997182445248227,0.006040663233682492
668820,2025,"Kranick, Max",R,529,24,4,1.7268756620511656,1.5060697810793968,1.4968868317730712,0.1539748427462612,0.0278547635785637,0.0668310382255072,0.0169352256482362,0.0128512703255192,0.0075008334969523,0.0141401581956662,0.0113076022949943,0.012842817795916952,0.006663643676990829
668820,2026,"Kranick, Max",R,340,17,5,2.012063518775245,1.7335693534764325,1.7345164012805168,0.2359322472560296,0.023683423566987,0.0425619180427825,0.0155739285861286,-0.0013089278593037,0.0082618805297349,-0.0086851187423684,0.0155087873540837,0.0022906698057055287,0.007016767358320983
668868,2024,"Thompson, Zack",L,317,5,4,1.9711663356004476,1.9128161845578464,1.9144965887219232,0.0625821663878658,0.0368721471499832,-0.0042320153452644,0.0207221871448303,-0.002276444957318,0.0045995085597668,-0.0077260746943007,0.0067649861972215,-0.0014485050489268202,0.004476098542679217
668873,2026,"Kilian, Caleb",R,786,49,4,1.7721565513526047,1.6798673132614677,1.68064327289447,0.0682003251561266,0.0189265080586487,0.0240889129350102,0.0095847913305941,-0.001053375253091,0.0054154846087838,-0.0008315987342366,-0.0012774619440168,0.0007491140156715582,0.0050151743252046235
668881,2024,"Greene, Hunter",R,2563,26,4,1.412294951257096,1.3550669734128544,1.348027244026301,0.0236344589978439,0.0060118090920114,0.0335935188463979,0.0065404355200343,0.0092432512385941,0.0050820780883078,0.0049784612018471,0.0134732266627963,0.009506391741866033,0.004917058725721936
668881,2025,"Greene, Hunter",R,1748,19,4,1.37361790878739,1.293429400181205,1.2898446842068203,0.0465865340348232,0.0123947363889227,0.0336019745713616,0.0078182641381829,0.0047219921049167,0.0059229759923043,0.0003603270496616,0.0097107786301518,0.005876706371160836,0.005483959043665343
668881,2026,"Greene, Hunter",R,456,5,4,1.6309749507789175,1.453761015564849,1.4527624151912404,0.149739653127816,0.0230001298994653,0.0274742820862527,0.012886770108496,0.0013592888667626,0.0021657581448885,-0.0006355499588678,0.0044657554349198,0.0016243331606446958,0.002137566727369826
668909,2024,"Williams, Gavin",R,1368,16,5,1.9328651282558749,1.900767549439796,1.8923281772654683,0.0234101705848638,0.0106279186203457,0.0086874082312147,0.0076097770833228,0.0111546484391115,0.0051688744171929,0.01211814928897,0.0102506897766038,0.011300212795366391,0.00499554241492287
668909,2025,"Williams, Gavin",R,2925,31,6,2.1520279428190805,1.929295481374103,1.9058058017868893,0.1318526102084813,0.0220360025747991,0.0908798512364959,0.0135238565937102,0.0309631873783685,0.0091312660228094,0.0175769716113672,0.0462487986258227,0.02581618086285209,0.0077290109084241325
668909,2026,"Williams, Gavin",R,2960,32,5,2.180593899790965,2.0884884172050833,2.076697984292095,0.0386297316474157,0.0165746956870904,0.0534757509384659,0.0091201040827336,0.0157134990645859,0.0075256776945631,0.0200252331669754,0.0114365681971036,0.014716534269021721,0.006548792721639623
668933,2024,"Ashcraft, Graham",R,1342,15,4,1.6622538499045691,1.5735497035539998,1.556406373223347,0.0529326818309663,0.0216611738951628,0.035771464519603,0.0116840261740553,0.0231918843787662,0.0058965545117882,0.0331652046753431,0.0114211744902788,0.02236475660916702,0.005643021699282174
668933,2025,"Ashcraft, Graham",R,1039,62,2,1.0003251852505497,0.9295026641717012,0.9140677214501948,0.0101414455096199,0.0062943625510423,0.0606810755692284,0.0105459619482799,0.0212409344207222,0.0063300013540699,0.0102051387815618,0.0315146674454138,0.019893869527533886,0.005802237585759616
668933,2026,"Ashcraft, Graham",R,612,35,2,1.0032234176707338,0.9223994857502524,0.913915695709594,0.0186057917074924,0.010428307302386,0.0622181402129888,0.0122195353011384,0.0112871293584413,0.0063433346508392,0.0092166260624023,0.0137520142346781,0.01134642847382092,0.0057247835217721565
668941,2024,"Romero, JoJo",L,919,65,5,1.8445099083157843,1.5860741887004506,1.5763844808089158,0.1224569110234763,0.0155549745303882,0.1359788085918573,0.0151879609991687,0.0131923578552895,0.006583678587408,0.0126433891505015,0.013759515282224,0.013209798665982493,0.0062362226450472695
668941,2025,"Romero, JoJo",L,990,65,5,1.8010585389653704,1.4932149595229018,1.488438795335414,0.2148881769979853,0.0175364425658751,0.0929554024444833,0.0166331330195768,0.0064157429384166,0.0051826062670963,0.0089563911914695,0.0037260622459388,0.007138903492292616,0.004880808195876352
668941,2026,"Romero, JoJo",L,922,55,4,1.5821800494161995,1.2939884489952025,1.2839206681957869,0.1585162802803737,0.0162879622672264,0.1296753201406235,0.0163920195225428,0.0135313322114596,0.00570914182896,0.0174069300247302,0.0093012589884388,0.013231555302291927,0.005245691537533856
668964,2024,"Myers, Tobias",R,2152,27,6,2.049585377432083,1.919374145738774,1.917439044335195,0.0791509646507556,0.011336620128334,0.0510602670425531,0.010706206489287,0.0026356571015838,0.0067733402752753,0.0037907082654206,0.0014922437328487,0.0037954212773891344,0.006396693749101311
668964,2025,"Myers, Tobias",R,826,22,6,2.0429032745168363,1.9872455309547057,1.984321958401412,0.0425087882625781,0.0201656169788742,0.0131489552995528,0.0193138473086337,0.0039849355264361,0.0072999570727044,-0.0068542969882786,0.0157181253619521,0.0057667666569419605,0.006521607599785603
668964,2026,"Myers, Tobias",R,836,32,6,1.944033184072807,1.8103948905832947,1.801520129640397,0.0741944391853251,0.0151694761488621,0.059443854304187,0.0137060393872764,0.0122228997500208,0.0071569190780451,0.0067872714219799,0.0180481123609589,0.012084411774482044,0.006301452893502686
668968,2024,"Crouse, Hans",R,437,25,4,1.4259213143610276,1.2862581655414291,1.28714588568014,0.0952040414012042,0.0266545070787285,0.0444591074183943,0.0112118177930746,-0.0011720051378142,0.0032409436291132,-0.0012960193633819,-0.0009919548547678,-0.0007795006395689766,0.003196881963725381
668970,2026,"Hollowell, Gavin",R,259,15,4,1.895904247703039,1.605919854579475,1.5980857464646014,0.2287151192457146,0.0445194471664009,0.0612692738778489,0.0121889796449589,0.0104589381533624,0.0055541052534058,0.0060020689268083,0.0176862936558826,0.010629575156456024,0.005124667673128464
668984,2025,"Legumina, Casey",R,861,48,4,1.7845955230788708,1.6179041015103093,1.6065740575026315,0.0916239201641593,0.0187276186518524,0.0750675014044023,0.0150557994707452,0.0151477762276553,0.0074342029058946,0.0273873498316924,0.0012003551439851,0.01466219336639379,0.006616794869768336
668984,2026,"Legumina, Casey",R,1118,54,5,2.100458966678529,1.7649659733629977,1.761685764189198,0.2620429420321818,0.0302112808872495,0.0734500512833497,0.0169414883196215,0.0044668378274151,0.0082081453846079,-0.0013266101599856,0.0112565136433372,0.006438056168784946,0.006983759817930809
669020,2025,"Rolison, Ryan",L,676,31,4,1.6503257643042362,1.482311502246456,1.46607747233053,0.1359126648843496,0.023344375282579,0.0321015971734302,0.0097925224679712,0.0227209197167001,0.0077548822639316,0.0163583368430848,0.0303270983337949,0.020520328122907452,0.006839862349574274
669020,2026,"Rolison, Ryan",L,990,60,6,2.2367709083777036,1.9306237168148748,1.909912235906164,0.2770838774628664,0.0294396209388117,0.0290633140999625,0.01641107961534,0.0278970967341815,0.0087524851229287,0.0330556719288852,0.024070949729579,0.022969722492171687,0.0073099103773112345
669022,2024,"Gore, MacKenzie",L,2994,32,6,1.7753045920317088,1.625815060682496,1.6170302815135422,0.1018481017699358,0.0084467133554037,0.047641429579277,0.0070280088193879,0.0116327416328385,0.0054195102962882,0.0063133434339456,0.0170710888075563,0.011757290587708923,0.005220703272358606
669022,2025,"Gore, MacKenzie",L,2818,30,5,1.908010074470908,1.5654354836224955,1.569752343743085,0.2824301915512623,0.0211691581374798,0.0601443992971497,0.0092706736164878,-0.0056951834362452,0.004346034201661,-0.00244441338734,-0.0089398715954424,-0.004172532095394706,0.004163407230956074
669022,2026,"Gore, MacKenzie",L,2962,34,6,2.1517651388225816,1.732811153972118,1.7403794538370447,0.3640667982339264,0.0226993098596368,0.0548871866165369,0.0089948660026509,-0.0101298256664762,0.006848051608665,-0.0051845423886813,-0.0157583703053577,-0.0055700895947992796,0.006087558621063549
669060,2024,"Wilson, Bryse",R,1643,34,5,2.054677883603076,1.868946199165897,1.8441704801094048,0.0458880992805081,0.0083408721759606,0.1398435851566708,0.0156504996381511,0.0338938438050099,0.0071159797472676,0.027558446810311,0.0403678942692898,0.031470799848282036,0.006682907640841047
669060,2025,"Wilson, Bryse",R,854,20,7,2.3488082597581066,2.139168863251486,2.1341748953577167,0.138272428438464,0.0263517489361262,0.0713669680681562,0.0195777366249043,0.0067911601612731,0.0050922995002652,0.0064852040516826,0.0071299706182021,0.007450931771765736,0.004805154655515588
669060,2026,"Wilson, Bryse",R,558,16,5,2.099492815003999,2.030876977737127,2.030321277164115,0.0638066405109377,0.019872936804064,0.004809196755935,0.0195054140829227,0.0007618695816718,0.0075795724323777,-0.0036812464282356,0.005226872862564,0.0034231789060496613,0.006584213638856922
669062,2024,"Miller, Erik",L,1269,73,3,1.4621517178279688,1.2923076882642366,1.2901070031177764,0.1336350109525909,0.0199226660735685,0.0362090186111416,0.0081919726811241,0.0028380787102213,0.0038749116703108,0.0055836784799763,-0.0001645559315959,0.0032396939190282442,0.0038002555646097416
669062,2025,"Miller, Erik",L,482,36,4,1.9754322193032008,1.7425440469704796,1.7225328651794607,0.2187122439472334,0.0419415428314529,0.0141759283854876,0.0143740320823497,0.0270178981044005,0.0067043639086682,0.0392975852147695,0.0170445481670451,0.024519829530122033,0.006086451195113965
669062,2026,"Miller, Erik",L,970,57,4,1.4578654169227288,1.4088970452682537,1.3879131920940329,0.022252946683347,0.0104774616157394,0.0267154249711278,0.0106323660118748,0.0273579806169278,0.0078731466699159,0.0358932311252561,0.0188684955268746,0.023266735154466422,0.006773918645886162
669084,2024,"Hall, DL",L,782,13,6,1.9192222563123216,1.7852802718671683,1.786819772914973,0.0825664826442676,0.0194011735152145,0.0513755018008856,0.0178075816167054,-0.002057931315185,0.0039790172502026,-0.0018082253047926,-0.0024044621051174,-0.0014387176874945413,0.003898306952958008
669084,2025,"Hall, DL",L,588,20,6,2.4593644690280705,2.2509832346323657,2.247896574957547,0.1538182405225209,0.0367186830679962,0.0545629938731837,0.0220842600828459,0.004191584038784,0.0040345193039177,-0.0002375226481439,0.0094975189530735,0.004809786090393477,0.003887148600705623
669084,2026,"Hall, DL",L,997,47,7,2.461936691259558,2.06566918543041,2.060875856439832,0.3077258463158102,0.0251748256007154,0.0885416595133381,0.0136377440024863,0.0063297337796107,0.0063315998884496,0.0085339947750449,0.0040842165623369,0.00730575658370515,0.005716153296401624
669093,2024,"Estrada, Jeremiah",R,1003,62,4,1.438767264380444,1.336704998609354,1.336460848857206,0.0536860208027906,0.0173874863803284,0.0483762449682992,0.0124118908586956,0.0003256412252718,0.0056211108228837,0.0043422292060442,-0.0038879456210424,0.0013302130761630743,0.005400191521105791
669093,2025,"Estrada, Jeremiah",R,1236,77,3,1.42246305642247,1.2804645254497995,1.274649870793747,0.0658214279522013,0.0125936208541118,0.0761771030204693,0.0111290155226786,0.0076947678317783,0.0050578297372753,0.0111189906360861,0.0042851784582581,0.0082487608056123,0.004776161124717061
669093,2026,"Estrada, Jeremiah",R,512,33,3,1.3154102132612984,1.2541803117343648,1.2436144539469969,0.0215938634123826,0.0136228363237686,0.0396360381145508,0.0124187848261749,0.0140148165469752,0.0051733117901993,0.017055954342805,0.0102705255035548,0.013698005030047955,0.004821004912857792
669160,2025,"May, Dustin",R,2169,25,5,1.88695917332588,1.778701335930712,1.7670163361491185,0.0283402708606211,0.0114362976420517,0.079917566534547,0.0139998100420708,0.0159601791727182,0.0047392391907804,0.0215843313423319,0.0106660506022995,0.015656804860762628,0.004505170942327681
669160,2026,"May, Dustin",R,2398,31,6,2.4337606537515617,2.1800277078868016,2.163423700135107,0.16368302146975,0.0166109018070381,0.0900499243950097,0.0119163905307187,0.0224444253599572,0.005381536160268,0.0250914429598848,0.0199537961083842,0.020917983199508175,0.004988175383835465
669165,2026,"Hurt, Kyle",R,742,44,3,1.3315751492836208,1.2776432634359154,1.2777297827496477,0.0380891536546608,0.0113280700066363,0.0158427321930441,0.0100364656048186,-0.000118009799245,0.005118528308003,0.0038205225037196,-0.0038589096568996,0.0013962489587292324,0.004776576383250579
669194,2024,"Nelson, Ryne",R,2406,28,6,1.907064826469078,1.6796217849577744,1.682985588714748,0.1826994797473987,0.0148686202835366,0.044743561763905,0.0099691109335346,-0.0045544804948107,0.006068479327981,-0.0034154666112668,-0.0057365992615621,-0.002965610801383422,0.005793152108165024
669194,2025,"Nelson, Ryne",R,2466,33,5,1.66678673700655,1.5359960387008216,1.5234799021270016,0.0931175127407179,0.0131380122926828,0.0376731855650107,0.0082696433088012,0.0167107703254141,0.0042221193632164,0.0210390182786009,0.0124337718097784,0.01640655008841661,0.004054085251673931
669194,2026,"Nelson, Ryne",R,1374,19,5,1.7624007312417984,1.5829471070435186,1.5816773493849592,0.1199600671803944,0.0298327609011333,0.0594935570178854,0.014988299670946,0.0017429041187415,0.0038249742703945,0.0086043771158266,-0.0052152093430912,0.002497320585366709,0.0036757927054080534
669199,2025,"Bachar, Lake",R,1143,53,4,1.9077586746985844,1.8181200030804543,1.815755082599466,0.0257065441070294,0.0087986967842444,0.0639321275111001,0.0120553461503719,0.0031838682093875,0.0050279642873202,0.002204441832515,0.0041248413566829,0.00421533274948213,0.004750988454732531
669199,2026,"Bachar, Lake",R,1448,53,6,2.3702777919427187,2.31622321038185,2.3177305834844457,0.0413553486627282,0.0092037677988816,0.0126992328981402,0.0092670654135714,-0.0020024552775764,0.0058846589916354,-0.0025784426363138,-0.0014327743497741,0.00022802727551426115,0.005380860748742032
669203,2024,"Burnes, Corbin",R,2995,32,7,2.139560803317327,1.7652469292299209,1.751701460450819,0.2488792396335901,0.0160114288621826,0.1254346344538157,0.0116699334589054,0.0183734959209284,0.0088488640039639,0.0307285844818176,0.006522696689055,0.017514352573971898,0.008054717078828306
669203,2025,"Burnes, Corbin",R,1009,11,5,1.8556039489390883,1.4014674979167392,1.3979638785809638,0.3024975641863162,0.0164480829296414,0.1516388868360332,0.0159769696434873,0.0047515482658562,0.0055035131993189,0.0056469850285424,0.0037380883195496,0.005764616083710943,0.005146015149668943
669211,2024,"Akin, Keegan",L,1241,66,3,1.348559185342338,1.2426388633137926,1.242542809665533,0.0711721245135284,0.0134263807503523,0.0347481975150172,0.008726775933784,0.0001284510533293,0.0042809289225252,0.0003179562106278,-7.284553597886144e-05,0.0007397038436199269,0.004180893392402312
669211,2025,"Akin, Keegan",L,1058,64,3,1.4808792788857177,1.352503606931978,1.3474657120179492,0.0872807922052877,0.0180576808801891,0.0410948797484516,0.0117304546317686,0.006738423285768,0.0071780596441543,0.0053108644499958,0.0085188162656088,0.007931760145363662,0.00643425252084301
669211,2026,"Akin, Keegan",L,443,24,3,1.5214641572638752,1.3197996076796032,1.317536644456748,0.1843297539509124,0.0454442970677846,0.0173347956333595,0.0120635867525198,0.0030470902970363,0.0057834437835937,0.0148652650239988,-0.0071018507114285,0.004409751020450451,0.005303152398895389
669212,2024,"Morgan, Eli",R,646,32,3,1.558923003436002,1.4913639194538464,1.4892714232779634,0.0400255305699741,0.0111956329237554,0.027533553412181,0.0140657982175631,0.002827934162386,0.0034937602280801,0.0048665962245234,0.0005162370026409,0.0031570906287580313,0.00343874290059405
669212,2026,"Morgan, Eli",R,339,16,3,1.5878719042912703,1.4978984371058168,1.4917964673987387,0.0557017214831416,0.0172760248222477,0.0342717457023122,0.0129812773382062,0.0083409989141107,0.0038689063036251,0.0092949059214605,0.0073715812237145,0.008596094430698847,0.0037147308092664623
669270,2026,"Kuhnel, Joel",R,748,45,6,1.833752072192151,1.7110452292135585,1.7092601552666091,0.0500505486524442,0.013763722697667,0.0726562943261483,0.0157560056583992,0.0024454859199959,0.0055182924704711,0.0042309274391041,0.0006988583469552,0.003792467559339218,0.005096495748182307
669276,2024,"Lee, Dylan",L,858,52,3,1.382252830398944,1.2822743488395614,1.2603254960244918,0.0477353414734552,0.0100084289260667,0.0522431400859275,0.0119661626731827,0.0303254681406272,0.0101383487572727,0.0313736517938714,0.0294130432135563,0.026702213683686242,0.008990649019722933
669276,2025,"Lee, Dylan",L,1102,74,3,1.386959127728442,1.2681556781919516,1.237844582889121,0.1054990782787754,0.0112564173079165,0.0133043712577148,0.0079060010506815,0.040003385657149,0.0055336110162566,0.0423311321148165,0.0378214609033261,0.03655268251444756,0.005170595031829695
669276,2026,"Lee, Dylan",L,1054,71,3,1.444694749576905,1.2954674785966285,1.286122276191108,0.1200422625660538,0.0119550011180939,0.0291850084142227,0.0093812750146752,0.0124209878126336,0.0039086536775477,0.014195909295152,0.0103918208204571,0.012356179232821318,0.003749870802406593
669302,2024,"Gilbert, Logan",R,3041,33,6,2.2431716481875967,2.06243480823125,2.0349971168155454,0.0155954839916868,0.0051130787186897,0.1651413559646597,0.0122265735464492,0.0373157511606252,0.0056884132826203,0.0446808192423286,0.02940411030848,0.03542894603957841,0.005459783670639857
669302,2025,"Gilbert, Logan",R,2156,25,5,1.863851545575652,1.5852694191817784,1.5740677409263693,0.021455030303031,0.0064533068351526,0.2571270960908423,0.0139394408341889,0.0148987158042333,0.006481900202772,0.0232572167550319,0.0058642385249362,0.014551620305309983,0.005918548504789272
669302,2026,"Gilbert, Logan",R,2982,32,8,2.271758609370223,2.0157958995661653,2.0009686553107855,0.0631925333524767,0.008078591710825,0.1927701764515806,0.0177923291535789,0.0198361787211943,0.0073478250732034,0.0255878021643256,0.0140275058119905,0.017909844939001197,0.006430588067012749
669308,2025,"Reynolds, Sean",R,494,19,4,1.6196990903810589,1.463929680882479,1.4574893655142858,0.0804255140707035,0.0227588516106498,0.0753438954278759,0.0108649164016851,0.0084390339307357,0.0035726573555212,0.0069351680006539,0.0100675296340287,0.008688787985373904,0.0034691145416197774
669330,2024,"Wells, Tyler",R,259,3,5,2.325315835730846,2.2813284436522068,2.2820666775082916,0.0190656990049099,0.0321373523396394,0.0249216930737296,0.0132295659612681,-0.0009958467121143,0.0009673113821887,-0.0018928226512116,0.0008849092892187,-0.0009604342932265364,0.0009661177557709157
669330,2025,"Wells, Tyler",R,342,4,5,2.192240287336746,1.9062779036378903,1.901302334014995,0.2364908682710702,0.0257298891197697,0.0494715154277849,0.0133149157556771,0.0065447877347316,0.0082426058106137,0.0135943557791774,-0.0008378307685068,0.008072834091951466,0.007167521047176924
669330,2026,"Wells, Tyler",R,1068,57,5,2.136494374815487,1.8325053695042524,1.8281949780128903,0.2328418508339297,0.0198969005357474,0.071147154477305,0.0153907284711922,0.0058124976171395,0.0065333530126341,0.0029369573211778,0.0088988105002397,0.006940069806580997,0.005863293898744352
669358,2024,"Baz, Shane",R,1206,14,4,1.8060017503336536,1.6931786973903815,1.69140078450364,0.0817277768011092,0.022699165159425,0.0310952761421625,0.0126565976900642,0.0024173201143297,0.0055783545314455,-0.0005882316977539,0.0051821675605107,0.003248899335119992,0.00536224760561921
669358,2025,"Baz, Shane",R,2718,31,5,1.9629765731368751,1.7933569205259057,1.7829586030536486,0.1059404048239215,0.0119315950763316,0.0636792477870487,0.0090906580186884,0.0140890463058791,0.0066917232292992,0.02728580936697,0.0005457015886384,0.013865045992289778,0.006076988692526068
669358,2026,"Baz, Shane",R,2911,31,5,2.0976505564043046,1.816030324332677,1.81611719235442,0.209394959494551,0.0196203113903917,0.0722252725770769,0.0101605219055484,-0.000118109673654,0.0056271610758623,-0.0042975235638619,0.0044923832523807,0.0016640474479022675,0.005181885654543958
669371,2025,"Henry, Cole",R,967,57,5,1.689301170327345,1.5298946405484044,1.5132214280197078,0.1080474039953915,0.0290228680352618,0.0513591257835488,0.0102601463536421,0.022207984180785,0.0066342063198047,0.0281088587569159,0.016241725952841,0.020584131763901208,0.006033814228305714
669371,2026,"Henry, Cole",R,282,11,5,1.7148251566689048,1.7133804986433068,1.7068791189054824,0.0102390619223026,0.0347462471316873,-0.0087944038967048,0.0179906740926938,0.0086890478012628,0.0047859418965774,0.0132749111670501,0.0047119273601376,0.009023931937669333,0.004502918490952937
669372,2024,"Ginn, J.T.",R,515,8,5,1.664672893414938,1.5165491812771807,1.5132784046727703,0.111216153994027,0.0227578660261249,0.0369075581437302,0.0098251379967793,0.0045038768750569,0.0081431740776729,-0.0010103850138849,0.0101373660480839,0.005824613864198024,0.0075116190821753435
669372,2025,"Ginn, J.T.",R,1575,23,4,1.7152359351280606,1.5203134420100104,1.5067136398019825,0.1567238713306356,0.0290713715015392,0.0381986217874144,0.015296432547665,0.0181062455432327,0.0071592922838121,0.0198657173431826,0.0162331603809823,0.017070095884887594,0.006420725228681251
669372,2026,"Ginn, J.T.",R,2185,27,6,2.316797288382862,2.0296102124044535,2.0152747329020846,0.1625524323007588,0.0151878507192171,0.1246346436776491,0.0143172177240028,0.0195524486346297,0.0060194830766504,0.0153920784699778,0.0239258979370357,0.018200110312962016,0.0054833557113161185
669373,2024,"Skubal, Tarik",L,2838,31,6,2.1248281710175716,1.9513264788438691,1.925245569990983,0.1170004840743117,0.0148843753182461,0.0565012080993903,0.0072156502827011,0.0354320820126814,0.0052329136068315,0.0321880141444448,0.0389378724878176,0.03394288037738266,0.005053281755246282
669373,2025,"Skubal, Tarik",L,2849,31,6,2.0744077578067643,1.9736384209168183,1.9758908479184507,0.0332675434306172,0.011034481937538,0.0675017934593285,0.0121881218881469,-0.0030572484648175,0.0057067582814329,-0.0080136614947118,0.0017640743603146,-0.0009326866140985397,0.005311008013156668
669373,2026,"Skubal, Tarik",L,2356,26,5,2.0914823149962833,1.964396508988609,1.958489552958064,0.0746175391902165,0.0141959563820817,0.0524682668174576,0.009969154267555,0.0080212036933512,0.0055477101076357,0.0110650385065397,0.0050433128498897,0.00855318874889252,0.005119642896785606
669387,2024,"Mlodzinski, Carmen",R,866,40,5,1.930976236173549,1.855796170401823,1.846661920535475,0.0043580606147972,0.0054312427802088,0.0708220051569284,0.0168793105530819,0.0120399701434663,0.0054567203128505,0.0117245181440099,0.0123450330052161,0.012136406235397627,0.005253941972469273
669387,2025,"Mlodzinski, Carmen",R,1647,34,7,2.436179389002902,2.243278556555968,2.2123351442702464,0.1451362243473138,0.0168363340530721,0.04776460809962,0.0102868682328244,0.0415352893517388,0.0069304201166048,0.0460697061094473,0.0362223975046537,0.03620248426941819,0.006254081233455931
669387,2026,"Mlodzinski, Carmen",R,2080,37,7,2.5592949591823015,2.439972675110625,2.4112310340834866,0.0875546183434801,0.0199027273352588,0.0317676657281963,0.0088693160148623,0.0387695287525607,0.0096152901646059,0.0396089595699221,0.0378807855774371,0.029437789092302165,0.0077904674889242185
669422,2024,"Sauer, Matt",R,327,14,5,2.0151899484785636,1.809562549438688,1.8005494415823649,0.1168185569600466,0.0280093209888803,0.088808842079829,0.0175843993560292,0.0121287500782615,0.0046634392120402,0.0195323564207263,0.0047858290336857,0.01219577348971081,0.004534954779152462
669422,2025,"Sauer, Matt",R,512,10,6,2.3233911107778193,2.2213547664458138,2.2212522337879266,0.0528117071661617,0.0452003787973424,0.0492246371658441,0.0135231022785706,0.000137067156235,0.0054490942460655,0.0003330896681339,-4.229344215245789e-05,0.001702683401235498,0.005101444265550664
669432,2024,"Rogers, Trevor",L,2243,25,4,1.986882584565272,1.892283648521141,1.8789775930222217,0.0156092519041281,0.006133729742581,0.0789896841400029,0.0136045236633937,0.0177651681452836,0.0068565488993424,0.0115864934027356,0.0241685219693787,0.0172786272920414,0.006466639055198309
669432,2025,"Rogers, Trevor",L,1627,18,5,2.0870960229583693,2.0193531114970367,2.011812536342106,0.0397673083175431,0.0122815372712952,0.0279756031437895,0.0107672904006346,0.0101897971570361,0.0040167141668823,0.0133530857230363,0.006831511350666,0.010376265512964375,0.003871216637064113
669432,2026,"Rogers, Trevor",L,2689,30,5,2.021464230057717,1.9285892123941408,1.9224934922905448,0.0485704034522058,0.0124712923953071,0.0443046142113702,0.0084067287897079,0.008241021296415,0.0038448273258199,0.0082989068918434,0.0081823740484151,0.008500915839890384,0.003693401753383787
669438,2024,"Englert, Mason",R,365,12,6,2.4445796000284994,2.3654548314019896,2.3644378654590503,0.0783937149035868,0.0289405383032787,0.0007310537229229,0.0079262133835166,0.0013596797405599,0.0075400332340158,0.008658139594697,-0.0064364023763591,0.0029272767720027928,0.007030420781746381
669438,2025,"Englert, Mason",R,724,29,6,2.275714337515378,2.0753942966864085,2.0618981280036386,0.1028110374459558,0.0205136843247707,0.0975090033830139,0.0190493937382627,0.018128434371661,0.0065014722416309,0.0234113271835929,0.0122007790511862,0.017239881929939405,0.0059334368849026636
669438,2026,"Englert, Mason",R,663,15,7,2.496751858397712,2.392627456035576,2.370087484461441,0.0361990662378929,0.019018690826318,0.0679253361242426,0.0113503077353846,0.0306229531837128,0.0054833853522522,0.0213092880245082,0.0435890360524094,0.027857142202163537,0.005068958535819442
669456,2025,"Bieber, Shane",R,645,7,5,2.219824385235647,2.0225699259990417,2.015945864035559,0.11437947926994,0.0305966786367284,0.0828749799666656,0.0134361672821197,0.0087911933465975,0.0048740233733193,0.0117624309940115,0.0046490246066064,0.009198553555164938,0.004620476338653927
669456,2026,"Bieber, Shane",R,930,11,6,2.352082669083463,2.1860106342929773,2.186385164932548,0.0912708589193778,0.0154527972976382,0.0748011758711082,0.0187702901478162,-0.0005062696145364,0.0039849826669985,0.0030495839553972,-0.004454794130843,0.0004927752996914028,0.0038171125723342335
669461,2024,"Liberatore, Matthew",L,1358,60,6,2.345273236314521,2.1768758617359443,2.173599770493156,0.0536220297388287,0.0092058727378274,0.1147753448397475,0.0200626522252531,0.0044356250326089,0.0056499988764553,-0.0026084209297757,0.0111103714979366,0.005130023319071973,0.005425790402777885
669461,2025,"Liberatore, Matthew",L,2386,29,6,2.490944978040138,2.2745343820870914,2.2532062771410937,0.1089516984705429,0.0144870638485829,0.1074588974825039,0.0115445486264501,0.0293138585260077,0.0049406579326535,0.0291775583833499,0.029468242717077,0.02760031678534908,0.004677125242709034
669461,2026,"Liberatore, Matthew",L,2609,31,8,2.410952521841693,2.208351740534221,2.2023094005056536,0.0907079818610127,0.0106731532242503,0.1118927994464595,0.0110629584517238,0.0081638866569294,0.0040761436113265,0.0052196868345363,0.011372554645187,0.008459855696893708,0.0038970036152783535
669467,2024,"Pallante, Andre",R,1934,29,4,1.7802553685474969,1.2887865679820028,1.2902025409479512,0.3578133608314197,0.0246510293283362,0.1336554397340745,0.0132958803765373,-0.0019083565966163,0.0062291521218556,-0.0051674414095307,0.0015811685566051,-0.0004882477023998317,0.0059324382105016595
669467,2025,"Pallante, Andre",R,2720,31,5,1.8371405673997572,1.5403068218653386,1.5366504145666784,0.1811038363308103,0.0127318011780264,0.1157299092036083,0.0099757338991347,0.0049652660271368,0.0049829197546654,0.0136391142065065,-0.0033274071834128,0.005792459042954165,0.0047129308528850765
669467,2026,"Pallante, Andre",R,2642,29,5,2.0662589234165787,1.6541975393432875,1.6504688256383049,0.3032095109904232,0.0108787333804808,0.1088518730828679,0.0073717373056565,0.0050235908253767,0.0050326858298967,0.0023936890159598,0.0078166516324335,0.005849077771184951,0.0047065884796714955
669620,2024,"Basso, Brady",L,350,7,5,1.9489253504087345,1.7642783329316674,1.7681844143460317,0.1164173374395139,0.0269415460930523,0.0682296800375529,0.0169716040763565,-0.0053403456837008,0.0045628001649769,-0.0018780768526212,-0.00834771788004,-0.0043651164096730685,0.00444224495940101
669620,2026,"Basso, Brady",L,696,26,7,2.272023728421284,1.9969132662547868,1.992430255172017,0.2081755341304039,0.043977321879647,0.0669349280360935,0.0213573877401323,0.0062780195444823,0.0075549860550648,0.0042242316552252,0.0081201575367549,0.0075792796527195064,0.00656807783767792
669622,2024,"Bender, Anthony",R,954,59,6,1.5622802021322,1.4056346501845798,1.385419460635441,0.1094937545938379,0.0209655687367114,0.0471517973537822,0.0120651693979222,0.0265637614736616,0.0073872271125204,0.0362040780933772,0.0171335879955201,0.024899987947320852,0.006906060500077365
669622,2025,"Bender, Anthony",R,783,51,5,1.7718407107740504,1.5491792370274036,1.5579482258292228,0.2077459517802459,0.0238374181718342,0.0149155219664008,0.0106084723383131,-0.0118381348824555,0.0043545421674765,-0.0107137575132621,-0.0130511728327324,-0.009802766537413375,0.004170885274908793
669622,2026,"Bender, Anthony",R,539,35,5,1.6249487597382728,1.5074259647904478,1.4933071402120746,0.0863173397240441,0.0156351024320173,0.031205455223781,0.0143950089029819,0.0190251161193576,0.0056719206758384,0.0151226705911965,0.023168950030704,0.017882309347085918,0.005216774999336344
669674,2024,"Long, Sam",L,702,43,5,1.8644209259987337,1.6730572676526656,1.6676050141735606,0.0992908771710391,0.0165356846460932,0.0920727811750287,0.0197580894469621,0.0072765816394137,0.0074296639549291,0.0067400779059001,0.0077891521208746,0.0080512317449808,0.006940695694108534
669674,2025,"Long, Sam",L,786,39,6,2.2341586562829696,2.108761904402449,2.1113582080570668,0.1189493480264105,0.0234421370088997,0.0064474038541104,0.0145654227017484,-0.0034182490327131,0.0054092253907487,-0.0071267497320498,0.0011964642435292,-0.001439113758013073,0.005068685458583214
669684,2025,"Murphy, Chris",L,569,23,7,2.30154313384884,1.9778684651434757,1.9803973029130937,0.2144573483217571,0.0234067491042586,0.1092173203836078,0.0209485588312176,-0.0034097362343906,0.0072377874045258,0.0093656640638003,-0.0229170839951015,-0.0001795553184178681,0.006477164922026214
669684,2026,"Murphy, Chris",L,614,33,6,2.142197050578164,1.9995921139942687,1.9847778879436109,0.0915971632913493,0.0236298005404325,0.0510077732925459,0.020328088320287,0.0196456475056245,0.0069755196420777,0.0184992450518503,0.0207871085695117,0.017909635812700823,0.006176576951062253
669704,2025,"Strowd, Kade",R,406,25,5,2.1875091167229868,1.86777949428101,1.8539493202800408,0.1907692323853838,0.0311254343845786,0.1289603900565928,0.0227932887905478,0.0186546533036324,0.0069528914983046,0.0157289514367786,0.0221569533486253,0.01756404360379552,0.0062705799167227785
669711,2024,"Weissert, Greg",R,1029,62,6,2.183414300412653,1.8333593957741976,1.824580855883874,0.1821718078760506,0.0208897914760058,0.1678830967624044,0.0205062388843734,0.0117772067107472,0.00824992794719,0.0071459762849054,0.0187543218294174,0.012018792242711412,0.007595165254582465
669711,2025,"Weissert, Greg",R,1069,72,6,2.300666434437876,2.0016331370511447,2.0043086891046316,0.1014807044559254,0.0168189303084983,0.1975525929308057,0.0175379120342833,-0.0036204622090852,0.0058982685528318,-0.0010108500022799,-0.0062566353543822,-0.0012916390062518261,0.0054643309548113965
669711,2026,"Weissert, Greg",R,991,63,6,2.2400545501235847,2.030909226023424,2.0314746215196497,0.0841951039041095,0.016093450537246,0.1249502201960511,0.0183951288856872,-0.0007612865988591,0.0061889237800846,0.0012289094049511,-0.0028972434367513,0.0014424953915525111,0.0056105135396810465
669713,2024,"Wesneski, Hayden",R,1075,28,5,1.884568591945162,1.6850852920906887,1.6786416459363718,0.1461869629173454,0.0210579113788619,0.053296336937128,0.0115850773575863,0.0087461106261246,0.0051990409373267,0.0069474012985905,0.0106001648560444,0.009053827182183893,0.005022759030224392
669713,2025,"Wesneski, Hayden",R,508,6,6,2.374167152331479,1.980156734957325,1.9590575416537357,0.3099121806636402,0.0260232478600788,0.0840982367105131,0.0192931409720491,0.0285063569101689,0.0098112153294709,0.039324146147583,0.0169753068439144,0.023584121745590884,0.008128435018123673
669713,2026,"Wesneski, Hayden",R,898,11,6,2.2895726049003584,2.139048818799307,2.137880864120929,0.0852719046808866,0.0176917491247134,0.0652518814201651,0.0162730047721285,0.0016086246950665,0.0053861541301061,0.0140394185349012,-0.0125339505915651,0.003018903130648386,0.00499185225743051
669721,2024,"Daniel, Davis",R,508,6,5,2.125077890639706,2.136849743177203,2.14743336262083,0.041360488674708,0.1149311795411853,-0.0531323412122056,0.04248754916512,-0.0144141519500336,0.0219596088205065,-0.003015728197013,-0.0249312542788517,0.001148693320072218,0.014561493274905175
669724,2024,"Hanifee, Brenan",R,446,21,4,1.6994028642434442,1.4492513891520435,1.4488169377221858,0.1847665420827842,0.0322197741096846,0.0653849330086166,0.0140427414315045,0.0005943722015844,0.005858912025988,0.0070429513317539,-0.0045716166043525,0.001656172232661882,0.0056100023993681325
669724,2025,"Hanifee, Brenan",R,946,54,4,1.465307879663711,1.2658211714662049,1.2672138694423711,0.112290685367238,0.0177256550658833,0.087196022830268,0.0136127260674407,-0.0019149597172287,0.0035768344359728,-0.0010889570699423,-0.0027506232141911,-0.0010718878119096806,0.0034729384822143996
669724,2026,"Hanifee, Brenan",R,321,23,4,1.5310374626817145,1.3273886818653708,1.3306994682550457,0.138525193383563,0.0325408225685572,0.0651235874327805,0.0184280683031632,-0.0046612387328318,0.0040256965104419,-0.0078651634842005,-0.0013428880974857,-0.003294264319489402,0.0038528495085143246
669854,2024,"Blanco, Ronel",R,2751,30,4,1.8603083686936728,1.757715415413155,1.7480192938983097,0.0544226367449248,0.0100420837378283,0.0481703165355925,0.0086245667554362,0.0128549543553442,0.0052575019993546,0.0282790093557736,-0.0024064308416289,0.012889473180252348,0.005075413373834428
669854,2025,"Blanco, Ronel",R,793,9,4,1.9100918293249904,1.8025366610468017,1.803324772488106,0.084401887265368,0.0208446092597617,0.0231532810128206,0.0127473109508728,-0.0010521420420105,0.0041855446169263,-0.0022465890719118,0.0005688932128555,1.2153744478536968e-05,0.004021673113875361
669854,2026,"Blanco, Ronel",R,570,8,4,1.951654375034263,1.8324247537069,1.830416159662476,0.0775848126527437,0.0110887590842115,0.0416448086746193,0.0235647784922395,0.0026812613707768,0.0101555784722291,-0.0130210587175254,0.0180201018274055,0.005971302910898294,0.00806962222811427
669920,2025,"Alexander, Jason",R,1252,18,6,1.9101448383020223,1.7520338572416434,1.7535147059980458,0.0125862682142598,0.0110227221833859,0.1455247128461197,0.020665678824661,-0.0020240421866991,0.0042212352241587,0.0019038112227522,-0.0055298948166226,-0.0008671480695836252,0.004053302510231892
669920,2026,"Alexander, Jason",R,299,4,6,2.566786762693178,2.4356931274910827,2.4361775613277796,0.1048777183394211,0.0268931321465177,0.0262159168626742,0.0239718299490974,-0.0006737010101036,0.009215815411329,0.0157088131717885,-0.0098146690681158,0.0033134207958318024,0.007573406551481671
669923,2024,"Kirby, George",R,2966,33,6,2.1777339769353663,2.0071926926787342,2.000348703208795,0.0791858834163481,0.009900743310201,0.0913554008402842,0.0080345325942581,0.0092860351179499,0.0053612839767632,0.0004228461472013,0.0191425863308307,0.00957376613575289,0.005168592338179107
669923,2025,"Kirby, George",R,2086,23,6,2.172120533513404,1.981998050642335,1.9751056655759265,0.1063874745026464,0.0140011099338072,0.0837350083684227,0.0140586955179282,0.0092163559285436,0.0067061632080255,0.013179354085558,0.0051504227544639,0.009848736238775253,0.006087797341763928
669923,2026,"Kirby, George",R,2758,30,7,2.4075571171969883,2.186370245157475,2.171789403047887,0.1483302800884542,0.0188370886215845,0.0728565919510593,0.010744486714539,0.0199672107935666,0.0064909179340863,0.0124338401702134,0.0277284051252873,0.018357270755846394,0.005832563783227222
669947,2026,"Scholtens, Jesse",R,773,12,5,2.2625119834115277,1.9640789344819856,1.960485221631031,0.2313125763901261,0.0251797547928569,0.0671204725394159,0.0234505296373128,0.0049341741275103,0.0088536889026011,0.0030013728206971,0.0065343830016576,0.006984968163958393,0.007368559149122977
669952,2024,"White, Mitch",R,413,13,5,2.2559738288238407,2.0845338657867325,2.0628533959749022,0.1816930461489093,0.0509746916519444,-0.010253083111801,0.0188674872181048,0.0294540593167302,0.0123933491783601,0.0318563581761776,0.0268198143605085,0.024808398960118824,0.010452421526209555
670036,2024,"Festa, Matt",R,385,19,3,1.5923865680233729,1.543451179613426,1.539953921812416,0.0506252627872988,0.0198849222765329,-0.0016898743773524,0.0152467912921404,0.0047078470398216,0.0041302075467984,0.0035190421841381,0.0060190288659431,0.005081121213601235,0.004040153708808976
670036,2025,"Festa, Matt",R,817,63,4,1.7709192801224145,1.7166565437909411,1.6813177563366577,0.0722446661745185,0.0184656699463901,-0.0179819298430451,0.0088363240344283,0.0488524354486461,0.0106298905116296,0.0583779661867087,0.0396126706327254,0.036270354863948494,0.008576009323353107
670036,2026,"Festa, Matt",R,1101,66,4,1.4923428219796058,1.4811127652619536,1.4789609781330015,0.0295304079278928,0.0075232420345145,-0.0183003512102404,0.0073887904915192,0.002924836578983,0.0039418765442681,0.0058246105486544,-0.0002446838064717,0.0036267329105119425,0.00377917721986939
670046,2024,"Rosenberg, Kenny",L,403,7,4,1.6522905465932989,1.4644991771746194,1.4592476921602926,0.1171986215934348,0.0241455453390765,0.0705927478252445,0.0091314674684752,0.0071018404723946,0.0027595002174425,0.0050681610892428,0.0095573200239039,0.007225322362535405,0.002732149364034822
670059,2024,"Holderman, Colin",R,869,55,5,1.6112319647224809,1.5222633086606328,1.524225467106914,0.0066855408594715,0.0070559387358781,0.0822831152023769,0.0140566530073002,-0.0026435902167731,0.005605106964548,-0.0031691304590943,-0.0021602808867813,-0.0014166884452116637,0.005385996744613047
670059,2025,"Holderman, Colin",R,492,24,6,2.093145518171288,1.9667607363841504,1.9514939007160297,0.1076315430960988,0.0394611099375605,0.0187532386910387,0.0180270860905259,0.0204110955128136,0.0070473301382586,0.0194269080995691,0.0212842463973844,0.018961275953972366,0.006339591415807761
670059,2026,"Holderman, Colin",R,860,54,5,1.5926661685584682,1.4289307011704742,1.4237499956804378,0.0413637133100284,0.0137550276757913,0.1223717540779657,0.0170850468297344,0.0069833961150957,0.0054098612477037,0.0048034098558908,0.0087212443160956,0.007640477641939571,0.005010707094490115
670062,2026,"Garcia, Julian",R,712,33,3,1.47080823316175,1.378878689665607,1.3743555195759174,0.0103322506349845,0.0070497736438624,0.0815972928611581,0.0124558210499934,0.0060535659846972,0.0047192363286773,0.0082048202140731,0.0031408058334183,0.006675271271167919,0.004447228021899442
670102,2024,"Francis, Bowden",R,1558,27,5,1.8744080560315333,1.7083817953701612,1.70353979586571,0.1048634075595942,0.0305171775652397,0.0611628531017777,0.0120367378035175,0.0065598567199435,0.0112241815065885,0.0013113031152788,0.011354292541842,0.00825875070726708,0.009722007604443902
670102,2025,"Francis, Bowden",R,1141,14,5,1.7267577530512024,1.64511126160536,1.6393795910292313,0.0343687072675069,0.0140168099275502,0.0472777841783353,0.0126289794210367,0.0076758639992523,0.0040931531433325,0.0098098254560824,0.0052530957287157,0.008054159940236904,0.0039395068029596065
670103,2026,"Burgos, Raymond",L,292,9,5,1.9082319520206532,1.7178262059419052,1.7086773026848137,0.0411599314530429,0.0343160873647629,0.149245814625705,0.0281236377936821,0.0127213321479558,0.0049978115206172,0.0173634964813148,0.0071018700602054,0.012583265243668592,0.00467802638663813
670124,2024,"Oller, Adam",R,710,8,6,2.1168545800527587,2.0291606967968643,2.025773763468423,0.0508197825614896,0.0299905705706065,0.0368741006944048,0.0263293889418431,0.0046244666599871,0.0055033495150522,-0.006290758141974,0.0154560498925846,0.005271928813376656,0.005295524582690772
670167,2024,"Schreiber, John",R,895,59,5,2.1987646612570435,1.9633943905592153,1.9645503107568412,0.1637472212804266,0.0320092182293538,0.071623049417402,0.0149010915728957,-0.0015395068108265,0.0065173307149121,-0.010439814783965,0.0082508319596258,-3.5749716730305164e-05,0.006179747286209271
670167,2025,"Schreiber, John",R,1047,74,5,2.0747427413875137,1.910515418222008,1.909411053540771,0.0862069581165873,0.0144826240174789,0.0780203650489186,0.0137876717703098,0.0014767175239535,0.0059953066265522,0.0019447709619115,0.0010002198229396,0.0031286522028973213,0.005541218413372851
670167,2026,"Schreiber, John",R,997,66,5,2.1728640832809596,1.9661384884758424,1.9551448995174767,0.1187451482496259,0.0147602009935981,0.0879804465554916,0.0161020060148942,0.014575276850386,0.0056293891602352,0.0159857336716549,0.0127019456543354,0.014123767894719946,0.005183625408605564
670174,2024,"Winckowski, Josh",R,1240,40,5,2.055131762746187,1.8443799818672948,1.8464867138671877,0.1124892475986754,0.0197269163922421,0.0982625332802171,0.0172424936948016,-0.0028802069237784,0.0053606361456214,-0.0101139991322506,0.0056957587787958,-0.0017339078481446463,0.005168011870849667
670241,2024,"Vines, Darius",R,257,4,5,2.265316624325322,2.2195056195516947,2.194464728208851,0.0357726167870501,0.0243434142513864,0.0100383879865775,0.0146464113051998,0.0336937647911563,0.004497272760026,0.0308777184826973,0.0385615019814926,0.032662276477506184,0.004381707809901039
670245,2026,"Watson, Ryan",R,1138,53,6,2.36271741466001,2.118412396343764,2.107970125827118,0.1126706445876511,0.020014675101538,0.1316343737285947,0.019643958724504,0.0142656708858856,0.0066422007041569,0.0102938393162316,0.0182662144909829,0.013734336466358424,0.0059415860811537595
670280,2024,"Bednar, David",R,1023,62,3,1.4389909654506057,1.392209574857464,1.3885331332387187,0.0001121800188003,0.0015926283616296,0.0466692105743411,0.0111658218942088,0.0049421810459613,0.0048224343491069,0.0083318762947017,0.0016663515290906,0.0054296452262052285,0.004680757343046914
670280,2025,"Bednar, David",R,1024,64,3,1.5192022407960342,1.471561789285889,1.4599269803440396,0.0182437089872485,0.0077018467536289,0.0293967425228965,0.0088457367289488,0.0153928221659612,0.005377417068814,0.0194243064117791,0.0115644353632575,0.015081242148281757,0.005042486255178352
670280,2026,"Bednar, David",R,1154,64,3,1.508305275518201,1.4320281541253657,1.4332294157912224,0.0018659146193216,0.0028159484850249,0.0744112067735137,0.0112171835700273,-0.0015842925284556,0.0057995876198699,0.0048366334146478,-0.008572221478468,0.0005255243637451636,0.005315590665929851
670329,2025,"Garcia, Rico",R,586,29,4,1.947064002132636,1.5671653644607466,1.5614302126976625,0.3454706397427771,0.0360739748741414,0.0344279979291118,0.0141977051512272,0.0075693669665933,0.0068492352869815,0.0149983225608431,0.0003385168548569,0.008524000019323925,0.006194226183719288
670329,2026,"Garcia, Rico",R,997,75,4,1.9606589201840916,1.5870187792863446,1.5741326132563245,0.3337748070081661,0.0276968643486962,0.0398653338895809,0.0104998936535945,0.0175272954050887,0.0074228103379423,0.0158380529647069,0.0189648577849086,0.01611975234840171,0.006480671436587751
670766,2024,"McCaughan, Darren",R,714,12,4,1.8827550628539704,1.8316302748772653,1.830641252137109,0.0329348389416594,0.0210472219524183,0.0181899490350458,0.0152003279236891,0.0013658844032339,0.0076986298439888,-0.0025096972240088,0.0048567575601254,0.0029902568922557573,0.007158453353576179
670871,2024,"Zuñiga, Guillo",R,271,15,4,1.9243125131963497,1.711121535623895,1.7047588205777204,0.135327735908228,0.0372163478133453,0.0778632416642266,0.0166582867237629,0.008797427436292,0.0062367987354185,0.0102485209326664,0.0065548283964406,0.009222872807070613,0.005939042218825432
670912,2025,"Oviedo, Johan",R,665,9,5,2.0482163729458955,1.8475210178164645,1.8370650630086405,0.0985591895122776,0.0233046058772017,0.102136165617154,0.0185873606868239,0.0140753237797632,0.0039720746035302,0.0216213398503925,0.0058925131040175,0.013987248478153962,0.0038312071451820796
670950,2024,"Richards, Trevor",R,1182,55,4,1.1050403444320165,1.0835931022449226,1.0747755566606425,0.0039272693914837,0.0027004383752737,0.0175199727956101,0.0089353543804609,0.0115419035222801,0.0039714758193277,0.0136227675142322,0.0095290416215682,0.011614729445246642,0.0038912143779272395
670950,2026,"Richards, Trevor",R,1302,54,4,1.2905834301813943,1.1703630848374056,1.1602781828757818,0.0564973852210504,0.0129119723008574,0.0637229601229382,0.0132631571366558,0.0136776482854522,0.0057660186072683,0.0175723803830742,0.0101685332271988,0.013349644528808697,0.005289708283424906
670955,2024,"Uceta, Edwin",R,672,30,6,1.7946043760242647,1.6801823512185892,1.662212833100916,0.0693365065518838,0.0141554752671921,0.0450855182537914,0.0157290187872461,0.0235849925294458,0.0071008289675612,0.0184685085966942,0.0287820510123194,0.022383069644287434,0.006670353388376904
670955,2025,"Uceta, Edwin",R,1214,70,5,1.7356763117953464,1.6499504657079749,1.6267585495704444,0.0331240290495952,0.0075977946531666,0.0526018170377761,0.0116377447265689,0.0315285399674829,0.0068311868002137,0.0335762852524172,0.0294202931173119,0.028134432708382763,0.006180866745052565
670970,2024,"Morejon, Adrian",L,981,60,5,1.7683363996269272,1.7131850081289737,1.7031463936873494,-0.0017407211539059,0.0049296815076613,0.0568921126518595,0.0155524168838006,0.0138702546017371,0.0075089928896373,-0.0006030959436568,0.0292692264029412,0.01380435708054022,0.007005238176186619
670970,2025,"Morejon, Adrian",L,994,75,5,1.5195229678147455,1.4031586335912505,1.3975651811348735,0.0744851100193912,0.0112084829931474,0.0418792242041042,0.0131257823388184,0.0078418783379948,0.0055682068193602,0.0134219345010732,0.0007821267706496,0.00847937793352476,0.005198785453514933
670970,2026,"Morejon, Adrian",L,1318,76,4,1.8180298512377908,1.5248061691502135,1.5165576949938326,0.1598758428223381,0.0157376741478372,0.1333478392652388,0.0143171005492722,0.011207720554753,0.0075978515324558,0.0023439854547136,0.0197133249436796,0.0113060037361581,0.006596185090129815
670990,2024,"Ramírez, Yohan",R,769,38,4,1.903553317909624,1.3952584893054418,1.359321736841283,0.41758784676854,0.0661778225976358,0.0907069818356422,0.0160377659757019,0.0493488618659609,0.012996597238688,0.0570101334399186,0.0404452219286587,0.038243396463447606,0.010806743718125704
670990,2025,"Ramírez, Yohan",R,604,24,6,2.068105848697102,1.936503021385966,1.9163911886781757,0.1543188202295734,0.0353233734322516,-0.0227159929184371,0.0123004866885021,0.0269945487900116,0.0070751412470782,0.0249024155226436,0.0294286653799301,0.024271530644127924,0.006359814040764445
670990,2026,"Ramírez, Yohan",R,1410,66,5,1.870063023610313,1.7261779333530665,1.688819234892553,0.0983705690496247,0.0243699447152114,0.0455145212076219,0.0097280561574812,0.0499770064794342,0.0087248791766525,0.0588963905965776,0.0416150838696123,0.03842215109829127,0.00729380518077208
671096,2024,"Abbott, Andrew",L,2333,25,5,1.742537682608937,1.5676875273054782,1.55675116662806,0.0435788996502094,0.0091473532729787,0.1312712556532494,0.0179842665436615,0.0146047678651496,0.0070860661171585,0.0038314286640852,0.0257673535874645,0.014459198248000899,0.006658111490524236
671096,2025,"Abbott, Andrew",L,2677,29,5,1.9709295822500912,1.7769266258316898,1.7738256669448955,0.1361504827599328,0.0154193516904017,0.057852473658468,0.009302494774115,0.0041652117109625,0.006773660645874,0.00751348937999,0.0006410718780624,0.005711430659812254,0.006138157846686915
671096,2026,"Abbott, Andrew",L,2858,32,5,1.9908632929167025,1.7435796289989718,1.741889624519133,0.1503060233559482,0.0194003811897482,0.0969776405617822,0.011045449572,0.0022686861453167,0.0057234854581532,0.0063479735068455,-0.0019708031145096,0.0037293979933412658,0.005256811408376672
671106,2024,"Allen, Logan",L,1665,20,5,2.2038470193586575,2.148541884739892,2.141844078950401,0.035379908843367,0.0075737869017205,0.0199252257753981,0.0111983922317967,0.0090518235710245,0.0059721645036603,0.0128349722263189,0.0050539385980672,0.009423063328852144,0.005709184550395032
671106,2025,"Allen, Logan",L,2709,30,6,2.237208599021509,2.084821805304826,2.0742417740971715,0.0960379476862878,0.0136582632433568,0.0563488460303951,0.0099538049226505,0.0141327931664383,0.0088453568430082,0.016039596791029,0.0123776671028946,0.01377489039604352,0.007553308969215431
671106,2026,"Allen, Logan",L,325,7,5,2.3743001500279757,2.2484898645437084,2.248420590458251,0.1142904679192327,0.0360698806936258,0.0115198175650347,0.0207449143001225,9.227081054799296e-05,0.0037833033590312,-0.0041453134175656,0.0080190460137253,0.0009552785995837598,0.0036387637275227284
671109,2025,"Eder, Jake",L,302,8,4,1.909228487644999,1.7137483908614617,1.6904134937651027,0.1531987636154255,0.0602833382574847,0.0422813331681113,0.0163393673652017,0.031460441620984,0.007373541486426,0.0262740338059101,0.0344554095141956,0.02763490828721509,0.006573914776490886
671111,2024,"Peralta, Sammy",L,282,9,4,1.7880974538898633,1.7262770009814712,1.715764196078326,0.0497580913524011,0.0187120975119729,0.0120623615559908,0.0051880372978262,0.0141171951556518,0.0083411843623486,0.023799187973257,0.0038656733487758,0.013999926798610788,0.007666192318597007
671111,2026,"Peralta, Sammy",L,400,16,5,2.321458089365078,1.9828498297950496,1.9576094003822444,0.2020611454820273,0.0236732111835042,0.1365471140880007,0.0235758242478354,0.0351782988331783,0.0066739893206354,0.0403452440902829,0.0319196004039816,0.030431843824135593,0.0059643066582640725
671131,2025,"Rutledge, Jackson",R,1339,63,5,2.206187218786265,1.964938284373742,1.918724019710586,0.167739491012349,0.0328675262282843,0.0735094434001734,0.0130990276058455,0.0614507451677914,0.0110077441123063,0.0662434229343652,0.0568538771932373,0.04369056461338031,0.00877077228227338
671162,2026,"Thomas, Connor",L,418,19,5,2.3292532494494034,2.017694842797983,2.0199718969048184,0.2765199564697098,0.077160727964468,0.0350384501817105,0.0380867867270192,-0.003172695388858,0.0089600221802405,0.0004176637165665,-0.0062311494416271,0.0014451770718865303,0.007429518183006285
671212,2024,"Boyle, Joe",R,966,13,4,1.326105474884346,1.2167401216359035,1.2008676866661925,0.0661470044847661,0.0150576285108377,0.0432183487636757,0.0098346548822872,0.0207199624064068,0.0044108375194274,0.012418895279327,0.0281696380332733,0.020360190431006585,0.004301649745162476
671212,2025,"Boyle, Joe",R,934,13,4,1.4864835400455447,1.394546759348457,1.3945177470804186,-0.0046689543434095,0.0055725134007654,0.0966057350404968,0.0110326622950219,3.827324625442159e-05,0.0034593852784287,-0.0012745541228049,0.0012930750962393,0.0007248270438126661,0.0033651287562458834
671212,2026,"Boyle, Joe",R,347,4,5,2.289644089963625,2.021130496705545,2.0039054364839797,0.1737475157344595,0.0138953007545609,0.0947660775236212,0.0306169957145659,0.0225550788561615,0.0021170745215037,0.0232541012563699,0.0220024733100509,0.022284184487425134,0.0020907190380331747
671305,2024,"Otañez, Michel",R,601,36,3,1.518481132059696,1.3149107671383635,1.298700888712962,0.1272604815740102,0.0200591067585825,0.0763098833473222,0.0124549568265089,0.021697409651818,0.0074480381004571,0.0161050393928594,0.0263122517760806,0.02063178348024362,0.00695566850916209
671345,2024,"Foley, Jason",R,905,69,4,1.503443396143522,1.2955080935297434,1.2874176778828903,0.1439971629623365,0.0223963350904491,0.0639381396514416,0.0116223613764579,0.0111443320554067,0.0053435300176223,0.0139598571291023,0.0083713375719483,0.011299921770142055,0.005152679129174339
671345,2026,"Foley, Jason",R,448,24,4,1.8918934425292344,1.5476520272509566,1.5317174971796697,0.2203047226810193,0.0287264620855979,0.1239366925972581,0.022215325462557,0.0214374458616714,0.0055867022300236,0.0162333006080724,0.0271325482146665,0.019961400145701608,0.005150239579124581
671737,2024,"Bradley, Taj",R,2294,25,4,1.8371563169045135,1.769661905598335,1.7672588046451216,0.0166556118607916,0.0049512917306536,0.0508387994453871,0.0077503819031996,0.0032125370551696,0.0035914103621696,0.0017693250580017,0.0047352553420019,0.00354705923214361,0.003531729188257637
671737,2025,"Bradley, Taj",R,2272,27,5,2.155947214140677,1.938075783933537,1.9303519946300305,0.1219762966648747,0.0257032288652285,0.0958951335422653,0.0125352344132436,0.010439291670177,0.0058992532482444,0.0043500216690813,0.0163500953758127,0.01077554932632378,0.005465113886477018
671737,2026,"Bradley, Taj",R,2997,31,4,1.7926239225863103,1.6854962816949333,1.684394449425858,0.042926352917449,0.0076887544009645,0.0642012879739282,0.0080903371356658,0.0014682931571445,0.0024054141860241,0.0036504058821028,-0.0009706595778134,0.001789820757882447,0.002366964733132351
671922,2024,"Smith, Cade",R,1166,74,3,1.178920777074575,1.15405818667149,1.150543351282121,0.017183043772755,0.0102137441655434,0.0076795466303299,0.006657239608843,0.0046730878722964,0.0032434913922354,0.0028320680513412,0.0063117542215518,0.004908100008876714,0.003199327142325537
671922,2025,"Smith, Cade",R,1182,76,3,1.151980546070778,1.0450974180427828,1.040934764128822,0.0678280910041102,0.0128495347038471,0.039055037023885,0.0095136921938216,0.0055659015003413,0.0036883228921877,0.0067051647832965,0.0044621609032689,0.006005361453064973,0.003574716046808893
671922,2026,"Smith, Cade",R,1226,68,3,1.2553988148175883,1.1209435571910542,1.1187950393038664,0.0761249042919943,0.0144418726776118,0.0583303533345396,0.0090197805643417,0.0028172009943234,0.0045383029713667,0.0067612106411172,-0.0007646036849076,0.0037349504396692445,0.004294842816630276
671936,2026,"Macko, Adam",L,577,30,4,1.705746897221657,1.4973263771042329,1.4921718331157328,0.1641799898141658,0.0184232941327139,0.0442405303032584,0.0153379246486339,0.0068687572317888,0.0057018814236369,0.0008419610272237,0.0118995998262775,0.007605185759769427,0.005240057942445385
672282,2024,"Detmers, Reid",L,1557,17,5,2.033117880135044,1.8241366997511077,1.8156109132387517,0.1237835626804237,0.0218148856388164,0.0851976177035127,0.0173579228415906,0.0113945490126505,0.0061304736296191,0.0054210149106437,0.0188040288122551,0.011572291749743004,0.0058470119712292585
672282,2025,"Detmers, Reid",L,1083,61,5,1.6534760165731863,1.4911883759523457,1.477351128428072,0.0840731455812954,0.0188508447040483,0.0782144950395456,0.0154703458075812,0.0182976057005959,0.0065100081304595,0.0179884826259785,0.0186956664195865,0.017378777990789303,0.00593992307443472
672282,2026,"Detmers, Reid",L,2957,32,5,1.784647917814095,1.736058482841946,1.717613636657819,0.0216393766278491,0.0232610137213756,0.0269500583442998,0.0165809867227441,0.0246014479776565,0.0044660840389117,0.0174828151040847,0.0317008413029213,0.023283122678601817,0.00423348205755104
672335,2024,"Pérez, Cionel",L,864,62,4,1.57900665436136,1.5357553584783872,1.5027538406031775,0.0307319079734001,0.0181142503808301,0.0125193879095728,0.0076358068670767,0.0456212983106889,0.0098122627827254,0.0465690723524597,0.0445610765012504,0.03907862728425307,0.008760897379951357
672335,2025,"Pérez, Cionel",L,437,19,5,1.9925437048746504,1.8809934188708908,1.8811616610177064,0.0435521828013694,0.0242880477024246,0.0679981032023906,0.014264075388225,-0.0002241518846298,0.0097213217066032,-0.0141527831549789,0.019688632079647,0.0038124320816524757,0.008077095433806972
672335,2026,"Pérez, Cionel",L,790,40,4,1.9648694577212291,1.7275638825120332,1.6364670377249335,0.195365070934973,0.0509229881405981,0.0419405042742232,0.013828255768001,0.1215650462530549,0.0128019288693578,0.095512415245936,0.1464139253324521,0.06864763057993697,0.00922050004602241
672391,2024,"Ort, Kaleb",R,366,22,4,1.688483147240532,1.6432068276277163,1.6365775057924554,0.0632692950927293,0.0210062044637512,-0.0179929754799141,0.0195801253862103,0.0088876622406794,0.0074747707286967,0.0149222597079723,0.0028971129300822,0.009463274981773444,0.006977427235302234
672391,2025,"Ort, Kaleb",R,788,49,4,1.6773098849824135,1.5810984960671417,1.5728435482335557,0.0889826856038855,0.0146483855218711,0.0072287033113863,0.011292898154793,0.0109326031812871,0.0061423686719533,0.0075092049257521,0.0137960011048982,0.011217925225890917,0.005656707775514923
672442,2026,"Cruz, Yovanny",R,256,17,4,1.8053824092560968,1.7057662146547234,1.678071835337723,0.0612811131398813,0.0166861128289313,0.038335081461492,0.0238745821791012,0.0381169951889899,0.0115329849483648,0.035732693319756,0.0409501068218443,0.026730291517860848,0.008710868396152711
672456,2024,"Montero, Keider",R,1539,19,5,2.0500195780856973,1.8206658652908736,1.8060643592401604,0.1730090565291105,0.0218253437713201,0.0563446562657128,0.0105887859762301,0.0199748602773758,0.0069153919066721,0.021977403752263,0.0174261685820649,0.01923296641159617,0.006515933161127002
672456,2025,"Montero, Keider",R,1473,20,6,2.268481842839113,1.9687332107622055,1.9682216071410363,0.2610652484098438,0.0288561797266529,0.0386833836670632,0.0108454659468632,0.0006964807153259,0.0073316679329558,-0.0004777929163627,0.0017204148163139,0.0031591475565050306,0.006544188405967338
672456,2026,"Montero, Keider",R,2304,32,5,2.2616136993633,2.091826279554684,2.0798090128792666,0.1283591357974639,0.0170275652334582,0.041428284011152,0.0074539235771486,0.0164906387255277,0.0059391054670986,0.0156250409339238,0.0173130068945545,0.015677794899572828,0.005422391674829717
672578,2024,"Hernández, Carlos",R,560,27,5,1.8418016196134508,1.6893464406628065,1.6884527027292335,0.1219431302705688,0.0234435518542752,0.0305120486800755,0.0142576476146349,0.0011612372222759,0.0037810496151459,0.0086888483462089,-0.0063315238501572,0.0016053713946457982,0.0037115928800331983
672578,2025,"Hernández, Carlos",R,759,41,5,1.810349077249647,1.6822720394593496,1.6714790338181091,0.0990076586586266,0.0265739239167112,0.0290693791316711,0.0130343766364695,0.0147336174131321,0.0081218433818996,0.0204923404144717,0.0084098876267554,0.014275215345178794,0.007087690568888107
672582,2024,"Zerpa, Angel",L,951,60,5,1.861046093285988,1.6810554247006828,1.6688077192180055,0.1352625844352047,0.0218564656940555,0.0447280841501003,0.0121251446202651,0.0163819520591085,0.0065698960009814,0.0128276735535118,0.018931760552254,0.01607277785544736,0.00622450528498536
672582,2025,"Zerpa, Angel",L,1099,69,4,1.6972879456443246,1.5618252906546324,1.561091861874779,0.101316978605029,0.0147864687074371,0.0341456763846628,0.0085709720667703,0.0009793903147741,0.0043845803608335,-3.7443929878490825e-06,0.0019649170777861,0.0019687705986689095,0.004197258261895243
672629,2026,"Carrillo, Gerardo",R,316,13,5,2.2596700355875954,1.9747842754048497,1.9543763881904104,0.1036931096750456,0.0185442151620078,0.1811926505077002,0.024404273552397,0.0273258150837405,0.0059091814549844,0.0253594563214571,0.029656314357558,0.02473158015719502,0.005399589558987633
672710,2024,"Contreras, Roansy",R,1074,49,6,2.3396389147987087,2.1623119115929383,2.1167866273205647,0.1610368581024703,0.034137035838519,0.0162901451032994,0.0194094531061313,0.0625244952794503,0.0114327527347901,0.0555577465720264,0.0693851513669643,0.04990355436037247,0.00985660266119044
672782,2025,"Gómez, Yoendrys",R,1099,21,7,2.488958965502535,2.2300710449090806,2.228746941795934,0.2200098867894344,0.0308693831094856,0.0388780338040197,0.0198855439447532,0.0017703033106425,0.008210010712154,0.0082282501616771,-0.0050760914712813,0.004446499886255692,0.007146057893256716
672782,2026,"Gómez, Yoendrys",R,1123,64,5,1.9891172121239475,1.8391923525015077,1.8234674966263664,0.0940149825430728,0.0152821903597937,0.055909877079367,0.0142966759797041,0.0210979846449023,0.0068607183749784,0.0202537081200763,0.0218857160906984,0.019101170709856587,0.006096451478283568
672841,2025,"Vargas, Carlos",R,1095,70,5,1.5793988623076505,1.5223229828021725,1.5016423886332948,-0.0001314062113646,0.0052353518426371,0.0572072857168429,0.0160011932435216,0.0295629903589042,0.0086724244668524,0.0184817816900628,0.0388861226524006,0.025155954542983274,0.007444770151034042
672841,2026,"Vargas, Carlos",R,282,16,3,1.519493868474853,1.4041337834198324,1.4012501866507818,0.014636224999148,0.0169462144514797,0.1007238600558722,0.0201525876779018,0.0040456432282201,0.0067058739599508,0.0035495286267448,0.0047806278229982,0.005579806106859604,0.005987030290206812
672860,2024,"Berroa, Prelander",R,348,17,3,1.0303202424697635,1.0045663891488894,0.9938797592629354,-0.0023628617744553,0.0108247860234937,0.0281167150953294,0.0126156517067228,0.013981004512451,0.006433110297118,0.0094310994475352,0.0188130742325553,0.013919992185717857,0.006107807835545284
673380,2024,"Núñez, Dedniel",R,521,25,4,1.209079448093989,1.158019251163758,1.1592649423768009,0.0192213161971811,0.0178249659151662,0.0318388807330499,0.011621852905623,-0.0016857275895979,0.0044725996029976,-0.0076122775170991,0.0050639542722784,-0.000930241370671863,0.004358878735077963
673513,2024,"Matsui, Yuki",L,1049,64,6,1.873579302372687,1.7316802089181715,1.7326852281012937,0.0459973810891383,0.0130059880857673,0.0959017123653775,0.0173688386688508,-0.001327789827576,0.0057427277173783,0.0001180226427622,-0.0028179750591523,-0.0001502629501339281,0.005507754471855807
673513,2025,"Matsui, Yuki",L,1063,61,6,1.947682159718435,1.7994417368718274,1.789568949982265,0.0728719519633735,0.0142863991938406,0.0753684708832339,0.0149113715593543,0.0132342654017718,0.0065664141640377,0.0219512028563689,0.0038555709152812,0.01316238433806769,0.005982677067120921
673513,2026,"Matsui, Yuki",L,1086,54,5,1.8598370748866515,1.5755972837953194,1.5699445705869812,0.1553663897355718,0.0179482102610773,0.1288734013557606,0.0161329928452955,0.0074320176080571,0.0061797549703285,0.008471191840101,0.0063252970509303,0.008174078643541383,0.00560367997475107
673540,2025,"Senga, Kodai",R,1900,22,7,2.339007856651785,2.159158841651331,2.151355165884965,0.0164269416902079,0.0078982789430803,0.163422073310246,0.020414225473472,0.0104710338672998,0.0094402802812598,0.0119731149289047,0.0090272052568376,0.011166672943105308,0.007913721397121223
673540,2026,"Senga, Kodai",R,1129,31,7,2.157624154081903,2.025565401913673,2.0031031854633534,0.0154067052282917,0.0109966186265002,0.1166520469399384,0.0161206912468478,0.0300116477779998,0.0148177194898868,0.0117935903575049,0.0468602384675692,0.019812734499146063,0.009894176398480553
673929,2024,"Leasure, Jordan",R,560,33,3,1.3308054650359356,1.2253746020102108,1.2167676995572645,0.1036168700301505,0.0260387069859503,0.0018139929955743,0.0127418123644344,0.011558430152638,0.0047456353784878,0.010316672388421,0.0137458974723846,0.011659736793894782,0.004610433476118468
673929,2025,"Leasure, Jordan",R,1130,68,4,1.2369170569077887,1.1723877642319642,1.1730778090236162,0.0535035282090329,0.0099314195818105,0.0110257644667916,0.0092483875412432,-0.0009056336986839,0.0031505798598683,-0.0050418688109768,0.0028545800397641,-0.00028844044711251286,0.0030788832351976935
673929,2026,"Leasure, Jordan",R,313,18,4,1.3571168339208857,1.2880016463777617,1.2877252517121094,0.0752239193307344,0.0201959816169744,-0.0061087317876102,0.0107244051180381,0.0003665742811401,0.0061421199681049,0.0006395945104312,9.814262713130387e-05,0.0023445226662393136,0.005575573744005789
674003,2024,"Bradford, Cody",L,1175,14,5,1.6964058576606078,1.6278981896092437,1.593708910469834,0.056089566973446,0.0149710465093361,0.0124181010779179,0.0116564066739553,0.0463884561071668,0.0126851387384664,0.0480242932782322,0.0447066469312939,0.03653521146984581,0.010625690060529571
674003,2026,"Bradford, Cody",L,719,10,5,1.703545789288964,1.5924954982475708,1.589731559563994,0.0809213010301839,0.0371357271057226,0.030128990011209,0.0209923237305343,0.0037780834857253,0.0040362172959334,0.005314709879819,0.0020290778339113,0.004439067705753435,0.003862069447721172
674072,2024,"Henry, Tommy",L,706,9,5,2.2095914616776637,1.9875326741691175,1.9810780423968684,0.141676028278774,0.0232815480747643,0.0803827592297721,0.0157523930110103,0.0087298276459927,0.0105360416599015,0.0116467363873473,0.0052491466268973,0.009780435217100416,0.009264511556602281
674285,2024,"Salazar, Eduardo",R,494,26,5,1.3771050639797784,1.2873508646725524,1.2871991221885135,0.0223795183634358,0.028555927787348,0.0673746809437899,0.019647635504007,0.0002082244086533,0.0073300023508081,-0.0018724620999914,0.0018356920738309,0.0018435655962459226,0.0068592368054773605
674285,2025,"Salazar, Eduardo",R,545,30,4,1.630759255795818,1.431384903153198,1.4144238140994303,0.1252446706427303,0.0227652898547279,0.0741296819998893,0.0160603248451035,0.0234614049093993,0.008874347886408,0.0285505487363692,0.0170268552431155,0.02056348495361831,0.0075713371190104205
674370,2024,"Bido, Osvaldo",R,1055,16,5,2.1512319162368594,1.8597325405521503,1.8509779308193772,0.2109418063944344,0.0171094902938348,0.0805575692902748,0.0214376865900059,0.0116031573719538,0.0088666716525437,0.012484958840572,0.0107895144709583,0.01190570641652953,0.008068140711421262
674370,2025,"Bido, Osvaldo",R,1378,26,5,2.090634322487245,1.984377070370792,1.955143724372351,0.0751066887461152,0.0217689583171843,0.031150563370337,0.0091828496334374,0.039649164159303,0.006440105151914,0.0455201934622913,0.0337317235574769,0.03523475207288222,0.005886680045807981
674370,2026,"Bido, Osvaldo",R,317,11,5,2.296004328271169,1.8982983528276776,1.8871955245350924,0.3759540329225113,0.0338962176884721,0.0217519425209801,0.0219772734212208,0.0149135447828364,0.0048850164470777,0.0181785628142463,0.0087816816506765,0.014520020951293048,0.00458514029864974
674444,2025,"Cruz, Steven",R,642,47,3,1.5073837628274196,1.404544788721284,1.3811182844555272,0.0186433861872687,0.0110700392061605,0.0841955879188666,0.0135911625686471,0.0332004762441851,0.0058667963398785,0.0249606719131595,0.0436238287229325,0.030337175592148626,0.005439278127288118
674444,2026,"Cruz, Steven",R,930,56,4,1.4370459157008757,1.366060675953941,1.3562453214836674,-0.0013086609671892,0.0163098051467024,0.0722939007141235,0.0159384291687011,0.0133065301127614,0.0055692312171856,0.0129228490816707,0.0136191591010575,0.013052672652869085,0.0051365421361332314
674841,2025,"Alvarez, Andrew",L,417,5,5,2.0278067432851197,1.887572602105004,1.878639252413378,0.0547189497115371,0.0206506198405918,0.0855151914685785,0.0251370329321482,0.0116777643304326,0.0057876209123389,0.0170436701536166,0.003876562787496,0.01183324803889758,0.005376001640257094
674841,2026,"Alvarez, Andrew",L,1857,25,5,2.1459244553801127,1.9499679700801495,1.9360355592307408,0.0804435664491365,0.0151617794603975,0.1155129188508268,0.0118796382959339,0.0187210469951897,0.0053301672212736,0.0109633670433889,0.0277413227450926,0.017735429105771628,0.004947185087467558
675512,2025,"Melton, Troy",R,656,16,6,2.253443895702522,2.0247156878335613,2.030872608576129,0.1966122475119997,0.0273248740388931,0.032115960356961,0.0209691739220963,-0.0085030315939462,0.0058977028882283,-0.0192463878644479,0.0027497079480017,-0.005482708504904465,0.005463881169554489
675512,2026,"Melton, Troy",R,1773,20,6,2.4116947199812904,2.295335230828017,2.3017386614740545,0.0596519751115122,0.0187880220814458,0.0567075140417609,0.0069891512389261,-0.0087198790594658,0.0058694324744187,-0.0138008043509046,-0.0036233201517456,-0.005402853528292791,0.005369212300772847
675540,2024,"Curry, Xzavion",R,639,16,6,1.614554105940347,1.594288853204385,1.6000295290531688,0.0351217030991546,0.016027057386071,-0.014856450363193,0.0106682746804475,-0.0078550147052952,0.0047441254133332,-0.0075448366241458,-0.0081586212169286,-0.006664013091970268,0.004609048887538354
675540,2026,"Curry, Xzavion",R,348,9,5,2.134419891989986,2.0919801478508964,2.0819312065959665,0.041819070854118,0.0354700248731984,0.0006206732849718,0.0151971182913082,0.0138222591174524,0.0037897889037106,0.0183878860904722,0.0064796013051729,0.013655682428588231,0.0036445328637107785
675627,2024,"Grove, Michael",R,827,39,5,1.7441965367035714,1.5045798362165306,1.5007818969656102,0.181489705375295,0.0282909575761691,0.058126995111746,0.0179613146494251,0.0051490094434607,0.0079046712560631,-0.0030428721229628,0.0133408910098843,0.006312894437081032,0.007323192919311948
675650,2024,"Mercado, Michael",R,260,5,5,1.818275442638392,1.7356350403377432,1.7374376554577715,0.048061523168572,0.0145255330834777,0.0345788791320766,0.017287929099716,-0.0023912241388135,0.0064332084488007,0.0041134563232227,-0.0067832733396756,-0.0008382719474776066,0.0061078918375927025
675660,2026,"Drohan, Shane",L,2001,33,6,2.4374929456318166,2.240483196330734,2.227245461965651,0.1181266154227658,0.0164049558591281,0.0788831338783168,0.0165883354414021,0.0179950451525344,0.0072111912391255,0.0306091516372433,0.0067428730440666,0.01654224895386138,0.006338402467622636
675848,2025,"Mejia, Juan",R,1074,55,3,0.9299813873597343,0.8655189102269363,0.8656735674704331,0.0391348760513438,0.0104236874072381,0.0253276010814541,0.0074755900887484,-0.0002040563630412,0.003522047470188,-0.0012338452128414,0.0006414302317611,0.0005196742477994298,0.00342272263448318
675848,2026,"Mejia, Juan",R,1303,65,5,1.452011532007934,1.4069833302342043,1.4060092691120012,0.0269839498557136,0.0102977936047083,0.018044251918016,0.0103309913359172,0.0012937835292874,0.0047895935671957,0.0029733440173935,-0.0003687428767891,0.00247906359428186,0.0045059594777161795
675911,2025,"Strider, Spencer",R,2110,23,4,1.5459745075509754,1.4463012222461922,1.408165811300713,0.0501551216517289,0.0086523496721231,0.0495181636530541,0.0064489101653876,0.0513501704498797,0.0082493280455008,0.0532121980567614,0.0493218017101166,0.041940906432518264,0.007171939777098391
675911,2026,"Strider, Spencer",R,691,8,4,1.7837422634402025,1.6820238387699693,1.6621453649066114,0.0978373692328785,0.0158017875372443,0.0038810554373542,0.0065845403104719,0.0261638579801532,0.0068999823792364,0.0129483831078105,0.0393290838986087,0.023073565260931517,0.006123951446118412
675921,2024,"Howard, Spencer",R,537,9,4,1.7191664353829768,1.6888812779438502,1.6808997931785274,0.0196091824068971,0.0230357950601649,0.0106759750322293,0.0131844490674434,0.0109059982671201,0.0032597284397042,0.0102312036242234,0.0115311756568627,0.01097307659349223,0.0032149067465840745
675989,2024,"Bolton, Cody",R,312,17,5,2.1209780517328487,1.996315565779438,1.9935234638823056,0.1141771585605227,0.0400619159054364,0.0104853273928875,0.0164450658861769,0.0038207710171292,0.0083642298314228,-0.0053286441252987,0.0126546890856802,0.0053094273192511,0.00768407208598239
675989,2026,"Bolton, Cody",R,391,8,6,2.5438244703557533,2.432473048558869,2.42839957045284,0.1080322395866553,0.0268870710894387,0.003319182210229,0.0135521028414175,0.0053990845405332,0.0037422496601842,-0.0015384692990142,0.013509901161769,0.005855043608742536,0.0036021934161898513
676083,2025,"Junk, Janson",R,1622,21,5,2.1142883607213143,1.9520105602848652,1.9525574909607,0.1566677991196353,0.0213885655818125,0.0056100013168135,0.0086700422805585,-0.000755640167124,0.004233728504372,0.0049443424074221,-0.0067750613447971,0.00030812011599794763,0.004064359436255872
676083,2026,"Junk, Janson",R,1981,26,6,2.342512776499204,2.2533224650388615,2.2436221562682723,0.0730868015730731,0.0127408417905131,0.016103509887269,0.0090305155234291,0.0131889579097713,0.0058195523254538,0.0142728297699916,0.011974137920878,0.012934434490742656,0.0053309498182992415
676092,2024,"Snider, Collin",R,676,42,4,1.7012157572551223,1.5889382238316152,1.5828381513039276,0.1082013118122562,0.0255349996990373,0.0040762216112512,0.0102101323947533,0.0081174193478673,0.0071609647709653,0.0060332599285505,0.0103902680973281,0.008743277261062068,0.006720127396881728
676092,2025,"Snider, Collin",R,477,24,4,1.8912309781809624,1.9208494044451303,1.9059166643487615,-0.0119782162277953,0.0065612970273753,-0.0176402100363726,0.0129039267610663,0.0198409945013038,0.0057646423563013,0.0334077315205713,0.0070809283318305,0.01888322203677193,0.005357570372852
676105,2024,"Criswell, Jeff",R,354,13,4,1.5562851482130329,1.3629220527053094,1.3537550251559605,0.1514555903664615,0.0334359244968763,0.0419075051412617,0.0107354070959137,0.0121997283927426,0.0045998373843638,0.016120740565493,0.0082193069446474,0.012261273960895365,0.00447640160116838
676106,2024,"Hancock, Emerson",R,1014,12,6,2.15051251141464,2.11479615098214,2.107790564615818,0.0263856709409312,0.0165940883432683,0.0093306894915685,0.0142389857696403,0.0094968777746659,0.0067267487715672,0.0111817250872666,0.0079083074513567,0.009909673646831796,0.006357406787706372
676106,2025,"Hancock, Emerson",R,1423,22,6,2.054036800606481,1.876378131176706,1.8727564905363552,0.0879313853668146,0.0242325531391345,0.0897272840629602,0.017706393073974,0.004974512192297,0.0076103045716604,-0.0031813047656679,0.0129435547161101,0.006664323254368672,0.006740044524406258
676106,2026,"Hancock, Emerson",R,2171,25,6,2.23254048704055,1.957216144007997,1.942473660964453,0.1138012459577026,0.0240310714087701,0.1615230970748505,0.0115650946400366,0.0199662699236017,0.0073690135961984,0.0158493367588749,0.0248038060438912,0.01800084001470205,0.0064447765660234305
676130,2024,"Buttó, José",R,1222,30,5,2.2315948585567305,2.0801330683663837,2.0656528176222415,0.0188376126935412,0.012077979897133,0.1326241774968053,0.0145638234054174,0.0191089270079283,0.0082427375173633,0.0222010473012594,0.0155266804210156,0.018234211950136067,0.007589553449188198
676130,2025,"Buttó, José",R,1095,55,5,2.172447645941174,1.947001040566713,1.926881357555999,0.0955310378255352,0.0172108254187413,0.1299155675489259,0.0185637831096597,0.0270984660476406,0.0069281396526771,0.0300993752517843,0.0240604168780991,0.02444736501994333,0.006252405230155734
676254,2024,"Walker, Ryan",R,1220,76,3,1.042120364824111,1.021273410143395,1.0180869074541767,0.0027507769307906,0.0037881622305637,0.0180961777499258,0.0074045727961489,0.0042673252259556,0.0036570773380917,0.0062058328644305,0.0027566522811285,0.004577766672044533,0.003594119814720377
676254,2025,"Walker, Ryan",R,1018,68,4,1.0144954697498627,1.0045426507631032,1.010133731628119,-0.0018226390041726,0.0048043835020378,0.011775457990932,0.0073052604046375,-0.0075587255253467,0.0045210828406429,-0.0090866491651185,-0.0061441261453022,-0.005757199530500471,0.004316531813024544
676254,2026,"Walker, Ryan",R,609,33,3,1.12670519135912,1.0838730052132155,1.0770583282258748,0.0249910501572559,0.0111110208544843,0.0178411359886485,0.0111981121602029,0.0091211830445945,0.0053946704167131,0.0124168879384091,0.0042671829020741,0.009472738177561283,0.004998629511569876
676263,2025,"Dreyer, Jack",L,1146,67,3,1.3454880142013232,1.3102258978721564,1.3004549187929306,0.0064276484793576,0.004278420507972,0.028834467849809,0.0082524299953038,0.0132987434973782,0.0047010869092704,0.0148711384241756,0.0117849926704148,0.013252452339457339,0.004472358943538461
676263,2026,"Dreyer, Jack",L,1037,67,3,1.4726525476130763,1.4335598021276563,1.4274944006931358,0.0301253752209621,0.0085685251013263,0.0089673702644577,0.0084341401633274,0.0081054398036052,0.0042987903153212,0.0087336653766509,0.0074931996140976,0.008437014027484424,0.004090182363044261
676272,2024,"Miller, Bobby",R,1053,13,5,2.198842263252864,2.0181165956260756,2.0047493404054357,0.1269869317837286,0.0371090837206751,0.0537387358430595,0.0161697621038618,0.0177276067346779,0.0058828249513815,0.0145278644964164,0.0213574218544261,0.01736183510452724,0.005630984529230409
676282,2024,"Cantillo, Joey",L,711,9,4,1.7473376651058312,1.6766001630155134,1.668854756783269,0.0565345750749597,0.0165099750078317,0.0142029270153581,0.0094043590690383,0.0100492405677478,0.0043954374802281,0.0059112309404966,0.0139810860142818,0.010210150778679788,0.004287361631944571
676282,2025,"Cantillo, Joey",L,1637,34,4,1.8147891478841065,1.7226360243864478,1.689895148165304,0.0538566299398925,0.0148830626336592,0.0382964935577655,0.0086295037770034,0.0433982302623586,0.0054422988236287,0.0453787765269855,0.0413623978130048,0.039628104369384305,0.005095866975035474
676282,2026,"Cantillo, Joey",L,2747,33,5,2.0429775523782836,1.9077216662974443,1.8856491651643048,0.047797453524706,0.0091127579019609,0.0874584325561328,0.012469396346817,0.029462177168481,0.0049401143890309,0.0311844301785678,0.0276257989589307,0.027294933417599327,0.004630609629844467
676395,2024,"Garcia, Robert",L,946,72,4,1.4524141337700969,1.1171785911236911,1.1119185361347903,0.3160297434468706,0.0231780420929427,0.0192057991995348,0.0086576918940819,0.0071597295244606,0.0076893024255893,0.001246912077709,0.0131928659308844,0.007997813582395338,0.007150952933546369
676395,2025,"Garcia, Robert",L,972,71,3,1.5499936562905885,1.4259404984770825,1.4191019107067513,0.0982321483396046,0.0172035848117183,0.0258210094739016,0.008720258771629,0.0094553446838715,0.0055813616206882,0.0083988763990087,0.0107053894557122,0.009887630283972335,0.0052094869956771945
676395,2026,"Garcia, Robert",L,287,20,3,1.538829695290579,1.421594289640393,1.4152211408256214,0.0439399610304452,0.0179980006512566,0.0732954446197407,0.0140692615781268,0.0084680264344419,0.005036167887755,0.0137166524907007,0.002919478889254,0.008862080750072488,0.004709436208809905
676428,2024,"Hurter, Brant",L,645,10,4,1.6683156212172972,1.4681299535247854,1.463313553927679,0.1279504400346295,0.0164191743742366,0.0722352276578821,0.0139570968858661,0.0066097398726244,0.0038525915143136,0.0006770133306883,0.0118753325062304,0.006864573146966515,0.0037791938769442214
676428,2025,"Hurter, Brant",L,1052,43,4,1.5883429353036242,1.383243680875024,1.3770268946128397,0.0970990105134221,0.0128802527040886,0.1080002439151777,0.0151539026143813,0.0084279112729618,0.0045154518193912,0.010988014398303,0.0061307038230835,0.008814689236598495,0.004311630230195717
676428,2026,"Hurter, Brant",L,507,29,4,1.554926530777911,1.362135078766617,1.3598505424224263,0.1393463431357506,0.0198291968093664,0.0534451088755431,0.0082317922182551,0.003173314867136,0.0055397447475144,0.0048992385204477,0.0020487311292316,0.004421513833398167,0.005113380769650539
676440,2024,"Bibee, Tanner",R,2851,31,6,2.010809567977212,1.9849483794973408,1.975163346276518,0.0164813988928683,0.0084711007896941,0.0093797895870033,0.005878264355242,0.0130665712939417,0.0042627479128306,0.0127827371269958,0.013351738015662,0.013080109927198788,0.004163952399509642
676440,2025,"Bibee, Tanner",R,2969,31,6,2.4624853927914145,2.2741547262865036,2.2465343060531806,0.1343743155445703,0.0183108659933994,0.0539563509603402,0.0107932328147502,0.0371567864398441,0.0080851866042166,0.0415778693988225,0.0324246516779357,0.031391554644846366,0.007063289693046784
676440,2026,"Bibee, Tanner",R,2968,33,6,2.4539654569417,2.3592566543759297,2.3583609983332745,0.06270821973165,0.0143240060749489,0.0320005828341202,0.0091299860124859,0.0012160599883805,0.0051403753502386,-0.0053604588614677,0.008543090660552,0.0025680096804500153,0.004794316156710926
676467,2025,"Gordon, Colton",L,1451,20,6,2.1893200610850876,2.018855567766647,1.9924912714009568,0.101031335874242,0.0326842495877521,0.0694331574441991,0.0215390541720931,0.0356519981608727,0.0100023206260316,0.0403892849222755,0.0316853316774379,0.028297741102348607,0.008236116818671256
676467,2026,"Gordon, Colton",L,272,5,6,2.4553027684407596,2.043005287904246,2.024425764459017,0.3408258708256013,0.044281061029548,0.0714716097109116,0.0183967279822863,0.0250179721638734,0.0123676883042768,0.0204847321848081,0.0304381503997123,0.018794518749249638,0.00905422026666619
676477,2024,"Whitlock, Garrett",R,321,4,5,2.3500401604230112,1.8476727543081608,1.844836980529305,0.4320300987781032,0.0636253839607861,0.0703373073367469,0.006479472132062,0.0037003389553364,0.0083128320104786,-0.0084304289291742,0.0166466206472092,0.0051921676842376484,0.0076441636266222
676477,2025,"Whitlock, Garrett",R,1180,62,4,1.584829194815744,1.4507380799108454,1.452484034642184,0.0495213468701742,0.0122647478409715,0.0845697680347245,0.013394573006835,-0.002317465222699,0.0042434783337387,-0.0073561813557717,0.0027099279527711,-0.0011262046659270553,0.0040729829969814455
676477,2026,"Whitlock, Garrett",R,743,54,3,1.4288834498357594,1.2433052623098853,1.2425591240312417,0.1455427703203365,0.0245406745817859,0.0400354172055381,0.0110037348222507,0.0010172123688662,0.0047039337813008,0.0003207829849956,0.0017806061165705,0.002195937226826622,0.004434414956094873
676508,2025,"Casparius, Ben",R,1262,46,5,2.0217967515246222,1.8140830178616731,1.8180171906661824,0.1447551875568672,0.0392673434023372,0.0629585461060816,0.0129401101122477,-0.0053443768345423,0.0058590253256015,-0.0150456429163408,0.0042944347445836,-0.002800571259198645,0.005433083436808174
676534,2024,"Faucher, Calvin",R,987,53,4,1.8147372482771695,1.7096901702793426,1.6956188772060052,0.051479134407249,0.0161223697156875,0.0535679435905776,0.012950825565645,0.0184440455025022,0.0055710833644865,0.0155026901938646,0.0208525465885605,0.018058848323461864,0.005355788225146616
676534,2025,"Faucher, Calvin",R,1054,65,7,2.2693457555696286,1.997824138891823,1.9820764573793337,0.1846564935304861,0.033891091833159,0.0868651231473189,0.0148743032373281,0.0208256666426146,0.0082092017476653,0.0169444870452294,0.0251932874162054,0.01888332089626215,0.00714552441903822
676534,2026,"Faucher, Calvin",R,1166,69,6,2.3243851126193196,2.2029757466396735,2.195967784597481,0.0612780956666653,0.0135066865545373,0.0601312703129808,0.0154924124112848,0.0093600042854482,0.0050954906006367,0.0158813019924373,0.0028833730011097,0.009647903021092204,0.004757837987081386
676571,2025,"Poulin, PJ",L,419,28,4,1.8324710471079937,1.47935281952809,1.4725734219541526,0.3455791434727585,0.0354765355511531,0.0075390841071452,0.0098339741487877,0.0091927753510675,0.00622932254459,0.0149613279575904,0.0047171741908342,0.009755580556178412,0.00572440455666495
676571,2026,"Poulin, PJ",L,635,35,4,1.9199174645446409,1.7285861937407976,1.7196863185048643,0.1558947422712153,0.0341972273404609,0.035436528532628,0.0113719849612181,0.0117006641300572,0.0064314076983827,0.0128749042639521,0.0101869517299653,0.011682851554474684,0.005789272519934485
676596,2024,"Fleming, Josh",L,532,25,4,1.8320782912923528,1.692989384120199,1.691963994031372,0.0677122680032707,0.0220174527506542,0.0713766391688827,0.0104995089028626,0.0013880598657911,0.009419001818679,0.0193073439805727,-0.017757280530528,0.0036620410401983685,0.008477574137084474
676604,2026,"Zuber, Tyler",R,694,44,5,2.0978446703382576,2.065547939655781,2.0663128548076823,0.0368844511617147,0.0135824530559422,-0.0045877204792382,0.0111664385255117,-0.0010228345191129,0.0055017246804463,0.0086995908041705,-0.011812355304708,0.0008245883346600577,0.005083435457788384
676614,2024,"Sammons, Bryan",L,374,6,5,2.11459591298736,1.953122955932308,1.9523703032920503,0.1166429897181239,0.0322279294187883,0.0448299673369282,0.0198178979632014,0.0010464389868267,0.00511326526373,-0.0033050053656946,0.0084003799425878,0.0018423124773001287,0.004945288824282931
676617,2025,"O'Brien, Riley",R,758,42,4,1.527758956612301,1.4300302526915067,1.4265734895072035,0.023299777800576,0.0119293371286071,0.0744289261202183,0.0140863543218725,0.0046789758816105,0.0036820643379868,0.0016358032238544,0.007594462973307,0.00517066068450348,0.0035690173063080487
676617,2026,"O'Brien, Riley",R,1063,66,4,1.34625116001073,1.2817745961235758,1.2807954410215403,0.01999414090084,0.009991000300736,0.044482422986314,0.0130133883721541,0.0013225436765738,0.0043919099006509,0.006776564757181,-0.0032756942368186,0.002334905818267124,0.004170144947656667
676620,2026,"Weiman, Blake",L,284,18,5,1.9327787234996667,1.7785685675683622,1.7700975949861986,0.0749527102038306,0.0204180959156014,0.0792574457274736,0.0201477377077506,0.0115661356410311,0.0051013117706186,0.0198148855249345,0.0047645348595669,0.011571353455583144,0.004762575886407636
676661,2025,"Lazar, Max",R,646,36,4,1.5675650654979845,1.446731965784123,1.451012409520926,0.1004677975308389,0.0230468641255066,0.0203653021830224,0.0121412058942208,-0.0058091736428038,0.0038249209335685,-0.0064314922853648,-0.0052023484104311,-0.004600088418416751,0.003698653901290174
676664,2024,"Sears, JP",L,2856,32,6,2.185929416735937,1.9516178836015672,1.9427651512889437,0.1117220509917038,0.0099948669278767,0.1225894821426662,0.0119360344059832,0.0120569401453751,0.0084565960034611,0.012505903800805,0.0115792534214383,0.012264373431081547,0.007755502737615492
676664,2025,"Sears, JP",L,2366,27,7,2.25099767411321,2.1348566874712396,2.118319935031997,0.0151918834491995,0.0464723880642876,0.1009491031927704,0.0317294081826429,0.0219808743096899,0.0144330711471159,0.0029709002535418,0.0427800223946519,0.017421888142499082,0.010234472089720297
676664,2026,"Sears, JP",L,529,8,6,2.373356195002452,2.187303417186913,2.181530904519522,0.1063710048928001,0.0265339960350111,0.0796817729227386,0.014840033170098,0.0079110341996115,0.0088801565726664,0.0064005514725152,0.0095184462995695,0.009051605925553501,0.0073837958881179215
676680,2024,"Cosgrove, Tom",L,323,18,3,1.505104937900124,1.4438895899843749,1.440800703534863,0.0105690655730464,0.0057820256718645,0.0506462823427028,0.016805227956867,0.0040393130493615,0.0041215162240333,0.007311255138044,0.0014122062628281,0.0044398045026102124,0.00403201748275395
676680,2026,"Cosgrove, Tom",L,268,18,3,1.1636431754351764,1.173697211880188,1.1712487060406636,0.0033625798718058,0.0099752962946505,-0.0134166163168173,0.0128618914789019,0.0033824719844976,0.0091386724514759,-0.0077345571088138,0.0132043132222777,0.006022443164738621,0.007530419395891097
676684,2024,"Vest, Will",R,1162,69,4,1.6565080793701017,1.4396271316085083,1.437817897714628,0.1771232462238591,0.0157508710678436,0.039757701537734,0.0103337649688637,0.002405411652962,0.0041070565491755,0.0054368541095478,-0.0002487268068812,0.0028729368558288396,0.004018476418927349
676684,2025,"Vest, Will",R,1137,64,4,1.6894474876713357,1.423843836725765,1.424817089418034,0.2229868897626111,0.0161202813052828,0.0426167611829595,0.0111296237003839,-0.0012972899309606,0.004008998512947,-0.0045786091772681,0.0021335378661377,-0.0002972786686021127,0.003864308016354185
676684,2026,"Vest, Will",R,484,27,4,1.826526854730514,1.5069869330205197,1.5013616050411058,0.2784165237854025,0.0244209906268658,0.0411233979245918,0.0146597748183492,0.007398529190316,0.0042508448218843,0.008787073921622,0.0052385707193956,0.007789027726866146,0.004048818300897537
676702,2024,"Stratton, Hunter",R,587,36,4,1.6391022951490894,1.632718090988838,1.6246152115844454,0.0030334382322944,0.0049889998643771,0.0033507659279569,0.0098793407840471,0.0111390871437431,0.0052158744642055,0.0080267079265078,0.0148072483640562,0.011288176040843947,0.005037932737481777
676702,2025,"Stratton, Hunter",R,343,15,5,1.7293493032782092,1.7805589774196515,1.7791650148851486,-0.0450672909036226,0.0239620958953192,-0.0061423832378194,0.0148523658484189,0.0018823982257265,0.0045719862984885,0.00545273410998,-0.0031025990466273,0.002868857211234678,0.004360767645867926
676710,2024,"Crawford, Kutter",R,2823,33,5,2.0873009662127724,1.8638944301884628,1.8657274002341533,0.1137502824140566,0.0172302056623661,0.109656253610253,0.0093150000119634,-0.0025082280363477,0.0050852424262349,0.003193131427591,-0.0083155814629233,-0.0014931346565789476,0.004919924547128341
676714,2024,"Hughes, Brandon",L,350,15,3,1.593548256944041,1.553010177400406,1.5539804454896191,0.0181990272299336,0.0120817588650952,0.022339052313701,0.0124932631718792,-0.0013011257901327,0.0053614666138403,-0.0018783627039119,-0.0006633721031347,-0.00026597235854547603,0.005168755981311971
676742,2026,"Sanders, Cam",R,547,28,4,1.591177378919921,1.522753359242897,1.5040782940359398,0.0589082412356381,0.0259743428294041,0.009515778441386,0.0116959072287213,0.0244970279813085,0.0059229268684939,0.0274308076035317,0.0199253713920772,0.02236138277926423,0.005410070683632788
676755,2025,"Mattson, Isaac",R,777,44,4,1.0269773909780628,0.9466461727794384,0.9489605094446392,0.0854480497460606,0.0208453044282487,-0.0051168315474362,0.0108557646685673,-0.0030950767450276,0.0043853985928579,-0.0005054566804132,-0.0054384706395639,-0.0017645321243711203,0.004197976021945188
676755,2026,"Mattson, Isaac",R,728,38,4,1.3611259661966904,1.3154936240751225,1.3125294385911883,0.0610604635083207,0.0218798029753906,-0.0154281213867526,0.0091687640246289,0.0039092881019999,0.0048307471697691,0.005691040945157,0.0022279157007108,0.004807452812431859,0.004540175470922366
676760,2024,"Marinaccio, Ron",R,395,16,4,1.474929804465304,1.393343759256528,1.3811048986304333,0.0748423013867758,0.0278498641676998,0.0067437438219999,0.0089194208402037,0.0163322633354977,0.0042742698293851,0.0216591570060098,0.0126490968547435,0.01619547889815527,0.00417468963076214
676760,2026,"Marinaccio, Ron",R,1042,41,4,1.8387066831949723,1.71111720758304,1.7077226971647892,0.089379823856396,0.0181452998332945,0.0382096517555364,0.0113462911566907,0.0045289114671153,0.0065035780588132,0.0085628165977501,0.0006470379368814,0.0058961647653786075,0.005841744009186643
676775,2024,"Winn, Keaton",R,847,12,4,1.906199519774856,1.7553082516182368,1.7514370733825393,0.0872707388317556,0.0207337679871698,0.0636205293248636,0.0166872665250181,0.0053142430561357,0.0062399623642427,0.005920552440618,0.0044927169817418,0.006065026968894979,0.005941773829306892
676775,2026,"Winn, Keaton",R,644,44,4,1.7901613076171663,1.6131954126168393,1.613082173736343,0.1254798213363816,0.0248791976168862,0.0514860736639453,0.0137041877450388,0.0001558244423924,0.0079540764125588,-0.001574642613015,0.0021747026737011,0.0031753681410190884,0.006825257015312009
676879,2024,"Ashby, Aaron",L,484,14,5,2.01786646420012,1.897859964590896,1.8807825309240829,0.089505941841764,0.0208523535075367,0.0305005577674599,0.016565803045879,0.0226451449170894,0.0100833829155116,0.0157201071816313,0.0308556686992492,0.020679250842301176,0.00895225017621825
676879,2025,"Ashby, Aaron",L,1033,43,5,1.800651907613272,1.576180763460595,1.5739105842581875,0.1243014174566522,0.0185739776947732,0.1001697266960243,0.0142649416136702,0.0030775526457835,0.0052212368668457,0.0041014380132346,0.0022656717779457,0.004192760153941008,0.004913034612950171
676879,2026,"Ashby, Aaron",L,1582,75,5,1.8121784510369512,1.5144207300498465,1.5081411461647871,0.2033095714947316,0.0172431355107991,0.0944481494923731,0.0105908377589788,0.0082785847551361,0.0048372694990855,0.0062665476610366,0.0102639723513005,0.008667854085354781,0.0045455889324159384
676917,2025,"Cavalli, Cade",R,788,10,5,2.199913929965531,2.123161842787278,2.113490502373051,0.0402495124572928,0.0157830598277816,0.0365025747209607,0.016883140205389,0.0133937016632874,0.007529016285851,0.0144648646315789,0.0123111836105264,0.013270193376765299,0.0066833803766213375
676917,2026,"Cavalli, Cade",R,2776,32,6,2.356234635521333,2.2526745417435867,2.240012249611021,0.078308569160008,0.0116843185347655,0.0252515246177384,0.0076417949240352,0.0169891362783967,0.0067795204412039,0.0177438558572341,0.0162008570344923,0.015877908875682946,0.006039265848959568
676961,2025,"Boushley, Caleb",R,742,25,6,2.496089008160533,2.09966723838851,2.0728461403649794,0.3087264481982062,0.0548787012277688,0.087695321573817,0.0282438210747722,0.0362500086219662,0.0105856419585083,0.0560518038723405,0.0093943549776817,0.02811183806440209,0.0085527222426297
676962,2024,"Brown, Ben",R,849,15,3,1.0587536336694745,0.9796206887543906,0.9787652757978298,0.0267437012362138,0.0097767954191209,0.0523892436788701,0.0111911410827715,0.0011582864435724,0.005023478882024,0.007211841906365,-0.0056110610502934,0.0019211949535106795,0.004863925977065937
676962,2025,"Brown, Ben",R,1759,25,3,1.2070327544144637,1.1199788185915456,1.119432316096981,0.0365946653404611,0.0071831055886361,0.0504592704824567,0.0099565412494339,0.0007469292058581,0.0040411505494625,-0.0007645928687946,0.0022797403238159,0.001614825990513425,0.003893078349828681
676962,2026,"Brown, Ben",R,1004,20,4,1.7845431833461431,1.510013758900974,1.5103878957639387,0.2174673699493988,0.0261291991674511,0.05706205449577,0.0133481471212088,-0.0005082996081416,0.0044559484702286,-0.0038447983249611,0.0031401097535929,0.0007157799345228529,0.004224846099507935
676974,2024,"Meyer, Max",R,968,11,5,1.6330646857228914,1.577262770011039,1.5776887648032196,0.0404387480246854,0.0109763678887576,0.0153631676871669,0.013572390532319,-0.0005735228912801,0.0050764594227837,-0.0059947838484027,0.0060729766103315,0.00031494302210949635,0.004911969269737886
676974,2025,"Meyer, Max",R,1039,12,5,2.214360426297787,1.9941918580617757,1.9854090796375097,0.1557402800128937,0.016653946908926,0.0644282882231178,0.0161147410887593,0.0121025288896714,0.0052068353842318,0.010264458403148,0.013873586389707,0.012183323261993393,0.004901030164044771
676974,2026,"Meyer, Max",R,1789,20,5,2.190079034849403,2.0835449878281014,2.06032552569109,0.0401862627442935,0.0117496544409728,0.0663477842770079,0.009944438087607,0.0313743336579409,0.0070270068709808,0.030522650271063,0.0322157866137452,0.02705605406884129,0.006212236346747756
676979,2024,"Crochet, Garrett",L,2395,32,5,1.707626877448617,1.6408018316451778,1.620253241382568,0.0271972065901436,0.0078169345811885,0.0396278392132954,0.0070092671364813,0.0273562388432187,0.0053373735176214,0.0278250493220394,0.0268742149912633,0.026376554776667338,0.0051471583413107615
676979,2025,"Crochet, Garrett",L,3150,32,6,2.0941170281360035,1.8829254940845848,1.8804076970616717,0.0479438719648618,0.0109027743462641,0.163247662086557,0.0133876803909928,0.0034009693920137,0.0053388279278404,-0.0017755272933731,0.0087032837051704,0.004522380154081591,0.005010626574471271
676979,2026,"Crochet, Garrett",L,518,6,6,2.2227042014101883,2.034944144083525,2.0128282896333456,0.039468375661712,0.0154610121085714,0.148291681664952,0.0165771132011616,0.0301474015926124,0.007974722230713,0.0254220648952447,0.0356827960095289,0.025239668327559993,0.006838287898932137
677020,2026,"Walker, Josh",L,505,31,4,1.8856860360961931,1.703882484964283,1.7119765267156763,0.1565628020559701,0.0295654817920318,0.0252407490759399,0.0121197595027453,-0.0107283230563082,0.003738510795719,-0.0140976947429061,-0.0066772865776242,-0.009090831149074333,0.003598858458515064
677053,2024,"Nardi, Andrew",L,906,59,4,1.077216729505486,1.0655905721774124,1.0651732943936325,0.0155041680564897,0.0087563404402276,-0.0038780107284162,0.008421805635277,0.0005439621181359,0.0029869662650975,0.0007192715577467,0.000345529040785,0.0008391976578064723,0.0029523669445185355
677053,2026,"Nardi, Andrew",L,378,25,5,1.9142983679571248,1.8620021353327088,1.8654943531109565,0.0442262035668983,0.0171872084303978,0.008070029057517,0.0107919697715462,-0.0047313918285933,0.0065213676705588,-0.0130020039987195,0.0048855990669021,-0.0015613612878801215,0.005854626285097159
677161,2024,"Kelly, Zack",R,955,49,4,1.9945137303407685,1.7660420176006213,1.75944669516174,0.1383434389966907,0.0178214980850917,0.0901282737434563,0.0208472458167374,0.0087968336999041,0.0069951494927459,0.0067746310173812,0.0107306340793659,0.009319533339673322,0.00658252274722451
677161,2025,"Kelly, Zack",R,581,28,6,2.331355184800149,2.0132813603135338,2.0160003804995736,0.2191802534166334,0.0286084567249095,0.0988935710699818,0.0251653455410576,-0.003673838902533,0.0067960460131503,0.0019892046677099,-0.0078695351509316,-0.0007096971261748644,0.006154800510826736
677161,2026,"Kelly, Zack",R,283,17,5,2.0355833701954547,1.7473691632501678,1.7485309213681586,0.1421953642743365,0.0368803875711329,0.1460188426709502,0.0260292522672468,-0.0015508374876953,0.0054285619491632,0.002188687722285,-0.0049534685346143,0.00033024126973833084,0.005025555379684062
677865,2026,"Bruihl, Justin",L,1314,73,5,1.6675505618228714,1.440570932001661,1.4357292734099611,0.0981145311182845,0.0089925895185861,0.1288650987029258,0.0143078108788796,0.0065587004015396,0.0049023815004708,0.0171442824337623,-0.0018705593648598,0.007163215249157485,0.004599490570110541
677944,2024,"Cecconi, Slade",R,1290,20,6,1.7002292856885144,1.471040154897474,1.4773004694481418,0.2240819761039962,0.0338023569375934,0.0051071546870437,0.0132477880771864,-0.008474087901743,0.0071169366116074,-0.0045759302821666,-0.0120356576144083,-0.005896496006962081,0.0066837002011128
677944,2025,"Cecconi, Slade",R,2063,23,7,2.211094810453956,2.065992521669822,2.0551262138840496,0.1180228950439026,0.0201817050140094,0.027079393740231,0.0124226947031353,0.0147578623844956,0.0071627374460822,0.0157563819016853,0.0137204743223415,0.014376634931574123,0.0064232100222251275
677944,2026,"Cecconi, Slade",R,2003,28,8,2.4905960534068665,2.4249278244942656,2.407566450039063,0.0290796501636551,0.0175463541894753,0.0365885787489464,0.0121471144316561,0.0235761579889961,0.0106956124126425,0.0131701872502222,0.0341959500443201,0.018871735188532697,0.008332712511087944
677952,2025,"Ashcraft, Braxton",R,1102,26,5,2.0977814428130626,1.9027145321919072,1.896336814188642,0.1501467336630192,0.0191540942937206,0.0449201769581358,0.0080476920816383,0.0086768459748123,0.0049904862090129,0.0068471501651102,0.0105430444440595,0.009113911974535894,0.004719331289649445
677952,2026,"Ashcraft, Braxton",R,2413,28,5,2.1398954209999106,2.023893817873983,2.0189800379339253,0.0799466131629151,0.0100862397427657,0.0360549899630126,0.0066328956466597,0.0067948143239879,0.0049172185750339,0.0065459576879015,0.0070532647322598,0.007374126864848525,0.0046117372933270695
677955,2025,"Hill, Jaden",R,488,28,4,2.0076905670747993,1.6577069088431111,1.6523077986354715,0.2639933649378981,0.0417358808225855,0.0859902932937896,0.0165612954585201,0.0073391804493819,0.0050432438384897,0.0162485541192482,-0.0026772751557931,0.007928630888062324,0.004763873137089331
677955,2026,"Hill, Jaden",R,692,46,4,1.98613076013806,1.960896255079096,1.9602338420529433,-0.0017761059499664,0.004700269209312,0.0270106110089309,0.0111475484342736,0.0008935473959013,0.0052613807142218,-0.0096430274219337,0.0108314531899958,0.002344862997234789,0.0048920387316464375
677958,2025,"Rocker, Kumar",R,1127,14,6,2.464919546385047,2.3949814786696946,2.3437617358578664,0.0416566113306626,0.0174704532182338,0.0282814563846903,0.0146946563439909,0.068719821605869,0.0158820720612006,0.0556697904162318,0.081402246283122,0.038255634395304924,0.01071431287131767
677958,2026,"Rocker, Kumar",R,2496,30,6,2.0847034785290917,1.920582525526464,1.9208311181595104,0.0644050730671387,0.0121317905236295,0.0997158799354889,0.0117991053412375,-0.000335398493018,0.0060218924598064,-0.0011447622384632,0.000502457705512,0.001698486500123766,0.0054851767667000945
677960,2024,"Weathers, Ryan",L,1413,16,5,1.9502995290228295,1.8173754970057463,1.8004584255392666,0.0376373512896511,0.0135379607028581,0.0952866807274323,0.017775999399556,0.0228744707963022,0.0087961604011008,0.0441358529312388,0.0018960348114504,0.021259774104038523,0.008014906995670337
677960,2025,"Weathers, Ryan",L,642,8,5,1.840800231423721,1.7697147453387974,1.7647125209425063,0.0043506431619522,0.0111352424017197,0.0667348429229713,0.0146448852730223,0.0067466976101235,0.0070359947544859,0.0083467296328647,0.005275700427926,0.007900590275955983,0.0063313358656014555
677960,2026,"Weathers, Ryan",L,2280,25,5,2.292760489053161,2.1166254796187856,2.097746275570966,0.051521357357974,0.0088394537345746,0.1246136520764016,0.0133543862060899,0.0251575600403442,0.0064910374943813,0.0314196478192844,0.0180932396230572,0.02254805492786298,0.005832650528297417
677961,2026,"Wilcox, Cole",R,488,23,5,2.291008743259188,2.24605952289941,2.2156208544238116,0.023537011378332,0.0228551347327451,0.0214122089814463,0.0142469465722214,0.0406960827838136,0.0086406298732819,0.0340907652096437,0.0471937049627525,0.03205444005108986,0.007244369128987503
677976,2026,"Dobnak, Randy",R,1264,15,5,2.0630464937757655,1.9152889106339672,1.915107804556005,0.050829532703425,0.019851072485133,0.0969280504383734,0.014934359909218,0.0002437892252869,0.0069560416181085,-0.002895946950419,0.0036411090783789,0.0026869075444734374,0.006163042163436723
678020,2025,"Halvorsen, Seth",R,636,42,3,1.4567089723141011,1.338716803459405,1.3277668144191206,0.1137040139295223,0.017966924077668,0.004288154925174,0.0095238057497275,0.0150090367017687,0.0063083171599359,0.0312425911259487,-0.0012245177224112,0.014659840724013407,0.005785523802007452
678020,2026,"Halvorsen, Seth",R,522,32,4,1.3997861901187214,1.3332023151238104,1.3331487579127643,0.0193320448933756,0.011409030281042,0.0472518301015354,0.0119013150628055,7.299442340973488e-05,0.0042870768184017,-0.0022164880016295,0.0028816036773823,0.0011598521037045825,0.004080088816673067
678022,2025,"Perkins, Jack",R,637,12,5,1.8705125599271104,1.7705949775307703,1.7645858135978478,0.0057997364082077,0.0599849832994002,0.0941178459881321,0.0205512621714287,0.0080416752631754,0.0027923486885143,0.0065805257383744,0.0094426951779023,0.008211895141759296,0.002742067484672514
678022,2026,"Perkins, Jack",R,2066,37,6,2.288699851772107,2.138360723490863,2.122104376270161,0.0442843137484536,0.0071579764048395,0.1060548145327902,0.0084274783904327,0.021908423586413,0.007585755821515,0.0328877687221099,0.0096079124385369,0.019377315289075703,0.006588265679304063
678024,2025,"Vasil, Mike",R,1646,47,6,2.336584514513116,2.0584140757268248,2.044972783380131,0.1917550642233932,0.0213207158888664,0.0864153745628981,0.0142909708453797,0.0180312691138206,0.0054647292521313,0.0194902274023334,0.016612185891071,0.017383190530966246,0.005114266788715604
678061,2024,"Kerr, Ray",L,383,10,4,1.539383331780661,1.593254089591818,1.5898554167476615,-0.0108749134082182,0.033836718484193,-0.0429958444029393,0.0209838593224365,0.0046655616462794,0.012924278531193,0.027760539769018,-0.0157766149353339,0.007328627637779704,0.01076506018215039
678226,2024,"Hernández, Daysbel",R,330,16,3,1.12531004112054,1.138264553388325,1.1289521582676136,-0.0104015842385493,0.0181177604505188,-0.002552928029236,0.0114879265220724,0.0119575501549992,0.007257623363929,0.0289553619906565,-0.004391490236549,0.012129154065464394,0.006799817778966519
678226,2025,"Hernández, Daysbel",R,717,39,2,0.9948000322084154,1.002834163664041,0.9748307068950622,0.0007731732292647,0.0010583410868754,-0.0088073046848902,0.0042677365251804,0.0363082793912437,0.0065932234666821,0.0430093152893589,0.0291821777831735,0.03228923060481112,0.0060029322046895005
678368,2024,"Bellozo, Valente",R,1094,13,6,2.2042643100653905,1.9950319926831988,1.9907958681513072,0.1490880726438168,0.0180846561011869,0.0601442447383746,0.0108654696039913,0.0058001504854689,0.0044944354340324,0.0111077785361658,0.0001496524056572,0.006183330289869254,0.00437908351498026
678368,2025,"Bellozo, Valente",R,1322,32,6,2.1915643712864155,1.7738673491402477,1.7671157960852502,0.3201560593405835,0.0174443176176141,0.0975409628055845,0.0091489099484572,0.0091732303583831,0.0063482662526885,0.0123680697325982,0.0056540768360295,0.009757387663614258,0.005816294559895294
678394,2024,"Bello, Brayan",R,2710,30,5,1.7872417001358194,1.648416120313268,1.6534095142843506,0.0550597805135291,0.0096749399162614,0.0837657993090223,0.0125867578656771,-0.0067458113966271,0.0037400201199415,-0.0084924288988908,-0.0049208542714281,-0.006029081545561137,0.0036727602744534536
678394,2025,"Bello, Brayan",R,2697,29,5,2.242100340253927,2.058225996450809,2.051835954693569,0.1093608459425763,0.0186016753812243,0.0745134978605421,0.0117044246789736,0.0086472366378707,0.004646047744848,0.0143694237671329,0.0016697367419441,0.00903421824610736,0.004424890065909622
678394,2026,"Bello, Brayan",R,1906,26,6,2.2999902654906426,2.060674150793529,2.0613567048297825,0.1322692890469746,0.0174342428119445,0.1070468256501395,0.0160636474127862,-0.0009259416320996,0.0085443679701588,-0.0003290181442225,-0.0016212793159748,0.0027388163631528635,0.007187356056452367
678495,2024,"Rodríguez, Randy",R,879,35,4,1.5242392709648118,1.4415481332453275,1.439333198144266,0.0637865413705516,0.0155260171000377,0.0189045963489325,0.0135985387348103,0.002967877978404,0.0050878893975796,0.0020630355658295,0.0044957266422595,0.0036333576000327477,0.0049223215463344025
678495,2025,"Rodríguez, Randy",R,808,50,2,0.9962681090451668,1.0014369309788564,0.9994188320553784,0.0003070561115193,0.0008134363374223,-0.0054758780452091,0.0044743453212876,0.0026775433992944,0.0026083130463939,0.0037623723562636,0.0014604182280606,0.0029945463731789277,0.00256719189459384
678606,2024,"Ferrer, José A.",L,476,31,4,1.646756060417017,1.354578405464684,1.3376574964484451,0.1555312970544395,0.0303796877418838,0.1366463578978937,0.0180863452734437,0.0232113910424486,0.007998902960205,0.01173941961861,0.0341033189673291,0.021786995093202234,0.007397931331434603
678606,2025,"Ferrer, José A.",L,1208,72,4,1.5033834356646074,1.245315060092389,1.2288939024246712,0.1265178277375473,0.0163703473236725,0.1315505478346711,0.013635128806612,0.0224397720165189,0.0058324734822174,0.0188919446958961,0.0262197001898928,0.021101194764423514,0.005411891486438114
678606,2026,"Ferrer, José A.",L,1090,73,4,1.244089656856896,1.027721320698844,1.0274455867503205,0.0779555388226036,0.0183044861092548,0.1384127973354483,0.0146609930111407,0.0003780503193593,0.0067657968334595,-0.0012241108850349,0.0022276998398794,0.0026888549751778734,0.006029558603961985
678692,2024,"Henriquez, Ronny",R,303,16,4,1.7515518289861154,1.7346717965234946,1.731651062467961,0.0377630904777084,0.0203149504714917,-0.0208830580150875,0.0176314651987575,0.0041415494064558,0.0033118064169032,0.0043824273746815,0.0038553577610392,0.0044012551024552645,0.0032648330419418814
678692,2025,"Henriquez, Ronny",R,1158,69,5,2.0824948038410187,1.9231489350306863,1.9130865785062876,0.1219081740777113,0.0161490798093431,0.0374376947326208,0.0099818228105798,0.0136123935224928,0.0053271247434909,0.0108798412699083,0.017051516014532,0.013517280071517887,0.005000947975836159
678821,2025,"Peralta, Luis",L,436,22,3,1.0009907483224243,0.9261382916808626,0.92370015298544,0.0295918244610605,0.0133999052017817,0.0452606321805011,0.0167634270942034,0.0031827199736655,0.0025315245143931,0.0054848652537939,0.0001819926774981,0.0034669621544737746,0.0024938779183649434
678906,2025,"Teng, Kai-Wei",R,573,8,5,2.1772066247001187,2.092426017444282,2.080050458696621,0.064436133055609,0.0243614058059688,0.0203444742002272,0.0100317247334947,0.0163391593603913,0.0047389136550816,0.0153973306200357,0.0172059751922231,0.015999316474873456,0.004504891294873426
678906,2026,"Teng, Kai-Wei",R,1266,30,6,2.232547805982071,2.0440700361324113,2.026793268658076,0.1192394503225616,0.0131608886129599,0.069238319527098,0.0146866080123893,0.0234179738999019,0.006796757264412,0.0124324548977253,0.0349829488494462,0.020969624693239368,0.00605144089664116
679156,2024,"Pennington, Walter",L,330,16,4,1.697704283024876,1.5329638569948996,1.52835850108446,0.1494850653900851,0.0493186826121579,0.0152553606398908,0.0142816532118802,0.0061779164652236,0.0074414704187878,0.0092164386107453,0.0030895824812507,0.00709495819292716,0.006950318229541333
679358,2025,"Orze, Eric",R,681,33,3,1.5229677301542035,1.4255357379771063,1.424618361906588,0.0087997239636989,0.0109450634198138,0.0886322682133979,0.0152241448663082,0.0012420141233067,0.003862440528482,0.0020392277831507,0.0002247550641392,0.002007071368809097,0.0037325465718010455
679358,2026,"Orze, Eric",R,677,36,4,1.7391429853338722,1.6400194797327337,1.6353840865106253,0.0373539457311649,0.0132833816141559,0.0617695598699736,0.0154264251547116,0.0064044106354433,0.0065941078262819,0.0121072431713517,0.0015623830106154,0.007431975882700912,0.00590708811451512
679525,2024,"Marsh, Alec",R,2161,26,6,2.355479451436859,2.1319899034877996,2.130341139182257,0.173134931027426,0.0212106432624415,0.0503546169216336,0.0075771251801665,0.0022116571472855,0.0053349901919243,0.0040149868408607,0.0001873661078573,0.0029916116463898825,0.00514502075552011
679775,2025,"Backhus, Kyle",L,430,32,3,1.2738273890294065,1.189353635797423,1.1687899422576764,0.0668768248837963,0.0233654527276433,0.0175969283481871,0.009885909441016,0.0280710737209241,0.0060494750853452,0.0235695172225358,0.0332817795307024,0.025812628916975906,0.0055839027670942535
679775,2026,"Backhus, Kyle",L,354,21,3,1.3603273774116549,1.268661334756127,1.2703267175357966,0.0655819282030277,0.0132385855067775,0.0260841144525,0.0093620178940611,-0.002267482707704,0.0029187958702069,0.0017955917627181,-0.0063305571781262,-0.0016291830808031881,0.0028508642361449103
679883,2026,"Avila, Luinder",R,1293,21,5,2.2521293409391,2.05438910056364,2.047908486363589,0.1427863242216406,0.0223323175727903,0.0549539161538198,0.0155027059474122,0.0085417269731569,0.0086484454003439,0.0001645400577316,0.0172143748378815,0.00945342707510163,0.007248973271127096
679885,2024,"Martinez, Justin",R,1177,64,4,1.8511597285288548,1.59931740033396,1.570053248098351,0.0604514658307738,0.0173642125078465,0.1913908623641211,0.0167660785946601,0.0394546474012735,0.007862752248379,0.0441795148835864,0.0331506129796849,0.03579065208567059,0.007289823395236236
679885,2025,"Martinez, Justin",R,269,17,4,1.922542034679876,1.5952410901782057,1.5754244237413155,0.1460959024267835,0.0544268349986623,0.1812050420748873,0.0189277364353347,0.0263895211461553,0.0080847933551497,0.0330018780610026,0.0201586463610108,0.02317430011950248,0.007063027497013606
680570,2024,"Rodriguez, Grayson",R,1879,20,4,1.824989787723841,1.632306087010463,1.6194800020280309,0.1199143647107209,0.0159912558820445,0.0727693360026569,0.0081372560235388,0.0173757849185219,0.0065526137880858,0.0290324606162844,0.0058694101968051,0.01696680148960478,0.006209802022305079
680570,2026,"Rodriguez, Grayson",R,1771,20,4,1.721369021386872,1.5794833079948494,1.5683322654201788,0.1213060748194947,0.0222563969922453,0.0205796385725278,0.0084258867074999,0.0148820620947561,0.0077192862624569,0.0212636450301238,0.0087918327249206,0.0140559543148886,0.006675176584888423
680573,2024,"Woods Richardson, Simeon",R,2295,28,4,1.834132962197911,1.7779424872188474,1.7791475845715934,0.0322348400183559,0.0102496452224141,0.0239556349607072,0.0083500149147157,-0.0016033034345225,0.004369211598884,-0.0072851717714261,0.0040326375601657,-0.0008846412173590459,0.004263012550064902
680573,2025,"Woods Richardson, Simeon",R,1878,23,5,1.959321248136896,1.891843701648353,1.884213824891737,0.0311065378389765,0.0106943314386519,0.0363710086495663,0.007864285106305,0.0101912578584102,0.0053405967622018,0.0172502799951856,0.002004527116067,0.010503653975512187,0.005012088750921816
680573,2026,"Woods Richardson, Simeon",R,1161,20,5,1.8510505436727644,1.7564076685724983,1.755864595283204,0.0567178960979132,0.0172223587051943,0.0379249790023528,0.0097725453382468,0.0007365748701761,0.005703985492465,0.000805224472222,0.0006611949149885,0.002427179733699632,0.005241690905275074
680604,2026,"Castaño, Blas",R,460,15,6,2.2089675683008467,2.131349088763608,2.133837577838919,0.0263488142067199,0.0324134122955874,0.0512696653305192,0.0141320969641443,-0.0032893821110438,0.0066931079886732,-0.0002014469321923,-0.0073654565471278,-0.00027610465177733967,0.005977940086260479
680684,2025,"Hoglund, Gunnar",R,547,6,5,2.2284801755972987,2.1473918827409015,2.139976034499177,0.0755866071607873,0.0756318932449141,0.0055016856956096,0.0259893926676819,0.0099423259515277,0.0103761878215002,0.0288233490889374,-0.00785978157803,0.010912583806821814,0.00844110678023358
680689,2025,"Richardson, Lyon",R,674,34,5,1.880160102045763,1.6809765686233178,1.6661573772713572,0.1211283409945732,0.0316793280602253,0.0780551924278718,0.0181799694916633,0.0198177281175032,0.0072770796809774,0.0349670822838523,0.0059356203072746,0.018410324000008582,0.006505280030402189
680694,2024,"Bradish, Kyle",R,674,8,4,1.8950426017855304,1.8352249411276844,1.8292365229273149,0.0379775567157789,0.0194520702301757,0.0218401039420669,0.0159621577347962,0.0078986181351251,0.003715849390226,0.0097918072536994,0.0056397916331351,0.008090938052058929,0.00364986238433452
680694,2025,"Bradish, Kyle",R,494,6,4,1.9343833830827235,1.846589067210894,1.8458467746566536,0.0719407660225316,0.0169378174491588,0.0158535498492979,0.0078804857044546,0.0009964470700949,0.0036575262549841,-0.0017738694934298,0.0037071869333289,0.001701860548686927,0.0035466571686729636
680694,2026,"Bradish, Kyle",R,2629,29,5,1.99124011537864,1.7804858928585403,1.773496672001634,0.1409405573451038,0.0185967418606497,0.0698136651749949,0.0085848721294098,0.0093748273636777,0.0056403158301308,0.0058485892894766,0.0132642830935904,0.009715424210134348,0.005192152726232713
680704,2024,"Sandlin, Nick",R,1003,68,4,1.8747751676702455,1.813244201664299,1.8106183038902457,0.0344407761617973,0.0146128276492205,0.0270901898441502,0.0106848388379472,0.0034746378197558,0.0055839067955453,0.0062584064774731,0.0005861036749201,0.0042272646534205986,0.0053671786974773044
680704,2025,"Sandlin, Nick",R,289,19,4,1.8062416330037785,1.6598722886374897,1.6519933860164795,0.0894550320420762,0.0260190997394138,0.0569143123242124,0.0190206318832109,0.010350012988509,0.005226430072658,0.0056954553162173,0.0151769616857004,0.010632491103180625,0.004917360653287467
680723,2026,"Rom, Drew",L,300,18,4,1.648989115764932,1.583972427263976,1.573844896070106,0.0473726419903637,0.0278980649021511,0.0176440465105925,0.0370050354294181,0.0139369695328488,0.0057874710625989,0.0200854385966756,0.0073200456832066,0.013565579237052356,0.005306256831678625
680730,2024,"Parker, Mitchell",L,2404,29,4,1.7828814591748194,1.5459646152048592,1.501967124762435,0.1778401914013378,0.0256982794412626,0.0590766525686229,0.0122688029516722,0.0601649414241103,0.0114610177458892,0.0665501827165846,0.0531867848687635,0.048105586685286805,0.009874697924964471
680730,2025,"Parker, Mitchell",L,2705,33,4,1.6698964696529608,1.5121352865155364,1.489818638673036,0.1065379341757376,0.021577896046872,0.0512232489616871,0.0083418639416377,0.0304881476838195,0.0096358222441828,0.0320784508263546,0.0289074536237167,0.025080741705429344,0.008027854474422653
680730,2026,"Parker, Mitchell",L,663,22,4,1.5023931887575563,1.442620920638101,1.4342292503299665,0.0380267952915567,0.0098606092657093,0.0217454728278981,0.0108416790535111,0.0114714998232855,0.0059765390906762,0.0008546391094166,0.0221322318624183,0.011494251053505142,0.00545083545135251
680732,2024,"Burke, Sean",R,309,4,4,1.8252646047546144,1.7485773925690384,1.7456904062430914,0.0686538281092356,0.0196717894340418,0.0080333840763404,0.0339119421094134,0.0038286642691746,0.0034572605177678,0.0075755750010023,0.0007550265594723,0.004120549240694623,0.003403923505224125
680732,2025,"Burke, Sean",R,2376,28,5,1.9705336927183257,1.7829445260040837,1.760419146571922,0.1444064770676966,0.0185725989906202,0.0431826896465453,0.0105372431391622,0.0301183463876286,0.0084007495674848,0.0227907164170511,0.0378441250386884,0.02577554723472613,0.007270776101682841
680732,2026,"Burke, Sean",R,2878,32,6,2.2740028493886557,2.118828179179346,2.1011280536363723,0.0722137523742042,0.0119018294845786,0.0829609178351052,0.0096683749547693,0.0236275330763815,0.0050076154171762,0.0290529800735675,0.0181819171312506,0.02213332891217682,0.004686063289733939
680735,2025,"Cox, Austin",L,427,13,6,2.0713658760603875,1.9354491942116057,1.91837238734393,0.0772741792674513,0.0248106754623844,0.0586425025813305,0.0176764332427119,0.0224362970230694,0.0057294106981293,0.0201629494137258,0.0253660337308854,0.021138755989312773,0.005329252450838115
680736,2024,"Wrobleski, Justin",L,592,8,6,1.9114720350601004,1.8562938598074823,1.8440237293914756,0.0402207179073059,0.022821664561447,0.0149574573453119,0.0143241194668038,0.0166603605648539,0.0086081821350811,0.0147126338289731,0.0184701951424422,0.016120284962556568,0.007871926186236534
680736,2025,"Wrobleski, Justin",L,1092,24,6,2.3804388698915058,2.131477846711309,2.112464920219799,0.0915519431317547,0.0167175293838988,0.1574090800484421,0.024216886481133,0.0255376577229139,0.0093053262869829,0.0283594049800413,0.0218789515335876,0.021830630189884508,0.007833712328598622
680736,2026,"Wrobleski, Justin",L,2137,28,8,2.012506676812922,1.8718565815811703,1.8656673955269565,0.0776906217036365,0.013150177966936,0.0629594735281149,0.0115704966473473,0.0084838297612929,0.0078768503733272,0.0083720176379276,0.0086108054465941,0.009295553803789184,0.006776277122112149
680742,2025,"Bowlan, Jonathan",R,727,34,5,2.12914471492873,1.9146688825469005,1.9096203307247104,0.1611371954129582,0.0252891877616914,0.0533386369688716,0.0155263020857873,0.006734490228867,0.0072620962699044,0.0123508727960038,8.41917064274242e-06,0.007951092960074346,0.006494569607046664
680742,2026,"Bowlan, Jonathan",R,966,59,6,2.062576682316618,1.738972130024357,1.7384531498524058,0.279647413689688,0.0241962497399638,0.0439571386025728,0.0127724479501312,0.0006848836695421,0.0067923832163315,-0.0042238944197115,0.0066646678873602,0.0029465779072201537,0.0060483531507269745
680744,2024,"Madden, Ty",R,403,6,6,2.2659442333501794,2.182384805827133,2.189136695252883,0.0713726571583348,0.0371515964194486,0.0121867703647116,0.0097360052794459,-0.0090099716509175,0.0021119335661748,-0.0086585291029613,-0.009411264205676,-0.008749367403698284,0.002099596940851992
680744,2026,"Madden, Ty",R,755,20,6,2.2906258643048028,2.144192031892614,2.145519147722925,0.0754788801072685,0.0203909058487488,0.0709549523049195,0.0190994052639336,-0.0017734025697072,0.0048054737893024,-0.004663187842339,0.0009283487297053,-0.00022657502677756944,0.0045191746857989774
680755,2025,"Fisher, Braydon",R,833,52,4,1.7050152278749078,1.5368653343026537,1.535595731269723,0.1444410683659603,0.0214347863086981,0.0237088252062933,0.0089207958426009,0.0016760369674032,0.0064108453506438,0.0006392906880915,0.0026337629510357,0.0034936894619795305,0.005864308797606626
680755,2026,"Fisher, Braydon",R,1256,75,5,1.6387380677888377,1.57264501739288,1.57988744866022,0.0607753069314316,0.0127175739581178,0.005317743464526,0.0097588236792122,-0.0095954574596829,0.0047232763546337,-0.00488500244682,-0.0143860904302115,-0.00721816759733027,0.004450608473493012
680767,2024,"Vodnik, Victor",R,1341,64,4,1.3263583004387038,1.181667960756366,1.1839997654960943,0.1133719551122251,0.0139942148480284,0.0313183845701126,0.0083131087890724,-0.0030626348246578,0.0040743521211559,0.0015065823042207,-0.0077865863981399,-0.0023724359316598144,0.003987827185766537
680767,2025,"Vodnik, Victor",R,919,52,5,1.6351057896740306,1.441527402783447,1.447908639257325,0.1831045586232391,0.0261182887096902,0.0104738282673444,0.0130481425765023,-0.0083300515901901,0.0085228886743593,-0.0095164226177134,-0.0070671404963749,-0.0029096575856692453,0.007349528325769018
680767,2026,"Vodnik, Victor",R,1027,53,6,1.982582479443341,1.9478600599409472,1.9433339938250347,0.0018101083828607,0.0056179235256482,0.032912311119533,0.0124631081857817,0.0061081076229198,0.0065954350362196,-0.0115416074258394,0.0230754883270106,0.007194549168783453,0.005908042153101548
680802,2026,"Weiss, Ryan",R,530,9,5,2.048765549594296,1.9851274410247897,1.9756131036379965,0.0571187852045772,0.0312926838752463,0.0065193233649299,0.0128292626192878,0.0126380922681711,0.0056159322388078,0.014371945714515,0.0102540437794482,0.01248186452693773,0.005173113066697185
680880,2024,"Holman, Grant",R,292,18,3,1.4197312176490138,1.271458821235053,1.2703254630316971,0.1255313873761936,0.0233998919736776,0.0227410090377675,0.0157055173700972,0.0015042754335445,0.0046055541487657,-0.0069556368814315,0.0093705096913293,0.0021336188541702956,0.004481669859973441
680880,2025,"Holman, Grant",R,375,22,3,1.4409986116868676,1.3580237861610795,1.3558155702888457,0.0563183914757066,0.0197338336066093,0.0266564340500813,0.013309316364534,0.0030444152650283,0.0046194284310554,0.0002736736891473,0.005104710282991,0.003942686706422364,0.004401875664182525
680885,2024,"Schwellenbach, Spencer",R,1887,21,6,2.479027762209613,2.259569156735823,2.208912748581529,0.1283849710045335,0.0097973418583201,0.091073634469256,0.0124224634623114,0.0689175502430815,0.0078521124314423,0.0642202401193652,0.0741822724459622,0.06113443139116205,0.007281341651339732
680885,2025,"Schwellenbach, Spencer",R,1573,17,6,2.433171858873045,2.200934658519722,2.1661471477231493,0.1207503838320637,0.0274273630119441,0.1114868165212592,0.0114940979459372,0.0480428046382871,0.0121241047271214,0.036472752559684,0.0611511969745323,0.033563490433216714,0.00930500536597919
680897,2024,"Nastrini, Nick",R,734,9,4,1.712292919501617,1.6642927940853138,1.6438448175670748,0.0500671443220652,0.0260341685517744,-0.0020670189057623,0.0091823964850759,0.0268014549364063,0.0092859913471647,0.0256991871786859,0.0281682669559796,0.024307478340275628,0.008380203265058197
680899,2026,"Tolman, Erik",L,289,15,3,1.4914038641134093,1.164753959707877,1.1510063469052867,0.2823778594849489,0.0453459747947378,0.0442720449205832,0.015900219055682,0.017896667116886,0.0069965045590968,0.021036211038426,0.013924182971264,0.016531942433899705,0.006191131466065665
680916,2026,"Aleman, Franco",R,427,21,3,1.173854907779116,1.1180450315877677,1.1183813826934386,0.0520131393137288,0.0136394343277811,0.0037967368776194,0.0069652063918738,-0.0004460308140416,0.0026647209161184,-0.0008089946575958,3.182805912687878e-05,1.9704192231384185e-05,0.0026127296948002406
681006,2025,"Simpson, Josh",L,613,31,6,2.4635971560280585,2.141925603828219,2.123963426350952,0.2647239884927257,0.0451862815905462,0.0569475637071137,0.0143227860304667,0.0238846307886433,0.0070780448530906,0.029621563897488,0.0159889548089447,0.021757264958838396,0.006361922738173712
681035,2024,"Scott, Christian",R,787,9,5,1.7708911595331065,1.6953936001621417,1.6974613086788888,0.0726669518103125,0.0169482892567334,0.0028306075606523,0.0109227292441611,-0.0027581128858987,0.0028104452905054,-0.0028599380771495,-0.0026414767577387,-0.0024285387126494473,0.002781567413708357
681035,2026,"Scott, Christian",R,1964,23,7,1.9812448859698937,1.8619510422896293,1.8575425461797357,0.0568121110479525,0.014105368825015,0.0624817326323118,0.0116847550391389,0.0058109304428397,0.0046903535867395,0.0033811488106046,0.0082472437461291,0.0064527585220458036,0.004423032379375153
681066,2024,"Bush, Ky",L,328,4,4,1.7947770369218068,1.736728743369002,1.7349745956484148,0.0269326482000688,0.020336166177187,0.0311156453527361,0.0166429241232362,0.0023775225303827,0.0017206425880977,0.0026446654432675,0.0020825038352837,0.0024627899669919587,0.0017139513439993475
681151,2026,"Murray, Jayden",R,304,10,6,1.9031287072471372,1.909347174816908,1.9024028662007104,0.0093751092214554,0.0288997912493475,-0.0155935767912259,0.0091492907027046,0.0093825325303288,0.0088203503567822,-0.01879034737569,0.0252297774774643,0.01006257593246724,0.007349307170411308
681168,2025,"Curvelo, Luis",R,325,17,4,1.8104976927866476,1.315615056518151,1.2946068443779806,0.3842362208391814,0.0356880778544154,0.1106464154293152,0.023003156601613,0.028213508039485,0.009337667760083,0.0343823318013026,0.0231578554828075,0.023704951479979336,0.007852979065930589
681190,2024,"Vásquez, Randy",R,1687,20,7,2.5527702609445995,2.426277903370738,2.422111258690408,0.1057567509828607,0.0141897179743935,0.0207356065910011,0.0097274934641993,0.0056009000603322,0.0047524839807584,0.0166558486946261,-0.0050561396246834,0.006038016310870091,0.004616712487907548
681190,2025,"Vásquez, Randy",R,2148,28,7,2.59788520697452,2.3355086197617445,2.3175667063815477,0.204571500950457,0.0326928390744272,0.0578050862623184,0.0107993879471097,0.0244383195565393,0.0063454706742924,0.0300492180503793,0.0180757580709669,0.022572683653146686,0.005814144297226468
681190,2026,"Vásquez, Randy",R,2226,32,7,2.518064664528214,2.360160383979264,2.3473455669757186,0.0868573222947151,0.0134319261618334,0.0710469582542347,0.0126637977011861,0.0174150077227672,0.0049736512605814,0.0156895166100389,0.01903431476702,0.016701594338654847,0.004658195612112499
681217,2026,"Silseth, Chase",R,1089,73,4,1.8816961313911305,1.7357110332185592,1.7256926023953572,0.0729081918158704,0.0154941293552852,0.073076906356701,0.010957837894141,0.0132725926599355,0.005462457907224,0.0164257577491183,0.0106787473204968,0.01303188662883101,0.005052412747714069
681293,2024,"Arrighetti, Spencer",R,2505,29,7,2.1561660078221765,1.985236076872691,1.9828871807850723,0.1074491774739325,0.0174129201248303,0.0634807534755524,0.0116635497456325,0.0031465158820777,0.0057510033010359,0.0037322422147184,0.0025364908587817,0.00396755817282865,0.005515053959770824
681293,2025,"Arrighetti, Spencer",R,618,7,6,2.4785643701601936,2.209332808312407,2.2021440409477653,0.2279959164801678,0.0531324534785589,0.0412356453676186,0.0206088935386367,0.0096161433578972,0.0052829671065079,0.002457094330598,0.0195942997741846,0.00998989466200586,0.0049643612063636905
681293,2026,"Arrighetti, Spencer",R,1942,24,7,2.3789012840549177,2.2493068891221326,2.236179099701442,0.0968473544240577,0.0180373772916815,0.0327470405087276,0.0120191219560551,0.0175943181883923,0.0074590706712623,0.018279681139015,0.0168569147844989,0.016160238937720214,0.006504761044502121
681320,2026,"Lavender, Nate",L,294,21,4,1.276569570660176,1.08054589597024,1.0788982054490055,0.1562013717133934,0.0240178185163561,0.0398223029765425,0.0183993641164494,0.0022531209918276,0.0102580315695838,-0.0073028264774564,0.013449988733615,0.0057447972752195315,0.00812073722563471
681343,2025,"Smith, Shane",R,2419,29,6,2.1082531668728337,2.00287871359632,1.995839456393872,0.07965841906143,0.0172762210904714,0.0257160342150829,0.0079535666857086,0.0094390039760105,0.0052507366742992,0.0126344444130784,0.0061501085880272,0.009829233659692052,0.004937588837476986
681347,2025,"Burrows, Mike",R,1537,23,5,2.0929970985765314,1.9203143029875032,1.9184125209114176,0.1260305890318428,0.0210766601547771,0.0466522065571853,0.0131261338275495,0.0025753648025934,0.00680703105266,0.0009928710300822,0.0041718629447727,0.004420728675017568,0.006162956661654996
681347,2026,"Burrows, Mike",R,1567,18,5,2.2608642856821497,2.1394645871989955,2.127663930138279,0.0880916755326604,0.0199127485969737,0.0333080229504939,0.0092852519271693,0.0161781536431696,0.0073681100564344,0.0173936402948746,0.0150625979410175,0.01510356248134335,0.006444172114366384
681402,2024,"Varland, Gus",R,455,26,4,1.3200774994420224,1.2231668211915727,1.2246022623353323,0.0791591520450001,0.0222391321002087,0.0177515262054493,0.0158108651786891,-0.0019153246932866,0.0034058246230391,-0.005687253411474,0.003122525307032,-0.001460979280839934,0.003354798258599073
681402,2026,"Varland, Gus",R,579,34,3,1.1221669163751902,1.067376552054644,1.0585908375835846,0.0428021991567378,0.0100029302223296,0.0119881651638082,0.0092522279598488,0.0119692439499843,0.0050916257046918,0.0141069769777051,0.010156818122134,0.01192285894205182,0.0047546911660456635
681432,2024,"Little, Luke",L,438,30,4,0.9692183907085192,0.9045840187009214,0.8998970830408127,0.0102299917960489,0.010241856933022,0.054404380211549,0.0157230792208845,0.0062397502101142,0.0040295574016212,0.0066874665274772,0.0056988848602798,0.00653276874023405,0.003945797114796727
681517,2024,"Leahy, Kyle",R,695,33,5,2.0131285116330258,1.7547193617367434,1.747772327227248,0.1531739713666565,0.0329473924210729,0.1052351785296259,0.0223452105789094,0.009579740047816,0.0066805492656977,0.0028742199988737,0.0193599863631025,0.009978740119280695,0.006318364184770334
681517,2025,"Leahy, Kyle",R,1350,62,6,2.4453620866738297,2.063311680054667,2.0569407196082596,0.2181903494587369,0.0199654845393289,0.1638600571604264,0.015378960949395,0.0087229174469058,0.0067116398623011,0.002321697709964,0.0137557605009507,0.009443069002914632,0.0060918935302193495
681517,2026,"Leahy, Kyle",R,2327,30,6,2.5447446413888697,2.282648265255455,2.2636485345777833,0.1346571751590355,0.0172521610483068,0.1274392009743789,0.0101106577185161,0.0255710661000236,0.0072243635851855,0.0283046916837119,0.0227376261546223,0.022386395895751303,0.0063473419186827725
681544,2026,"Olds, Wyatt",R,288,14,4,1.5520029354508629,1.395561661901039,1.3977090898782147,0.1133547774100637,0.0358667275466915,0.04308649613976,0.0191387134258329,-0.0028111784428484,0.0050155898445452,5.7923811322311784e-05,-0.0074563916162677,-0.0010139977787828932,0.004692596130273807
681676,2024,"Fernandez, Ryan",R,1190,62,4,1.4542219363821145,1.4327602232863947,1.4344507777491209,-0.0023084326217769,0.0287573918082829,0.0237701457174968,0.0119833345405315,-0.0022107250666414,0.0077141731092049,-0.0090857343695028,0.0030859747075474,-9.468811508650705e-05,0.007170943898064317
681676,2025,"Fernandez, Ryan",R,524,32,4,1.619044543646074,1.47515052918511,1.483194235630227,0.1352911858275512,0.0242751001432733,0.0086028286334132,0.0098914151973812,-0.0109477978629649,0.0036506921623053,-0.0111783629909998,-0.0107389195539037,-0.00953421854380107,0.0035404248625732857
681676,2026,"Fernandez, Ryan",R,387,17,4,1.6272252757414292,1.570025353197155,1.560331166718689,0.0489251357450156,0.0160799672080764,0.0082747867992585,0.0151169951551173,0.0130719518019732,0.0042086369111575,0.0185433509836351,0.0074849596798537,0.012938434373607324,0.004012296540469574
681799,2024,"Roberts, Ethan",R,474,21,4,1.3094110008304412,1.3267635145341807,1.3314220665467869,0.0002088135749304,0.0183105800090652,-0.0175613272786699,0.0136802287451097,-0.0062201511379585,0.0033412289952784,-0.0047227217797928,-0.0076596688634879,-0.005659035648804291,0.0032930107310780348
681799,2026,"Roberts, Ethan",R,436,23,3,1.4907451301702497,1.438563099818958,1.4376728162419383,0.0219552995311978,0.0082222385451993,0.0302267308200936,0.0121665342634562,0.001190686010983,0.0023870969551276,0.0039333867999305,-0.0013572667929503,0.0015161623413660185,0.002349505605676196
681810,2026,"Warren, Austin",R,931,41,6,1.9407348699195657,1.804370671483578,1.7979650620818095,0.0471562822553365,0.0150117404526876,0.0892079161806505,0.0159447070590764,0.0083524122591688,0.0052025706287252,0.0056410757467136,0.0110036637519574,0.008784780556159043,0.004844657493405846
681857,2024,"Olson, Reese",R,1853,22,5,2.2055296224797334,1.7940524187391296,1.7713246020274809,0.3686893669054479,0.0172268735291584,0.0427878368351558,0.0099524391944328,0.0303419628002059,0.0084374180744161,0.0324378446192775,0.0284142153455965,0.02765352775739524,0.0077407021306054695
681857,2025,"Olson, Reese",R,1159,13,6,2.233357693763943,2.019031494120218,2.0179566918798173,0.1693941937937745,0.0170018962702515,0.0449320058499508,0.010248340196734,0.001425281231836,0.0056766914708468,-0.0026812247753499,0.0062026520817801,0.0029357987993428192,0.005286747006737859
681867,2024,"Criswell, Cooper",R,1756,26,5,2.07637583750698,1.8312266946956848,1.8303719585217817,0.2009145783659563,0.0294334091974764,0.044234564445339,0.0088030247570878,0.0011276609476889,0.0060947087822593,0.0053477672298683,-0.0031627804391935,0.002221188042895504,0.005815957862804
681867,2025,"Criswell, Cooper",R,276,7,4,1.9630346703289447,1.8553075760609967,1.8480974304011788,0.0552289578186724,0.0368882729465516,0.0524981364492752,0.014092372294884,0.0102051292415888,0.0041825758053755,0.0106562427559578,0.0091395680093723,0.010404934587945192,0.0040190393158137895
681867,2026,"Criswell, Cooper",R,642,37,5,2.2158869425348433,2.107816054266506,2.111667635596832,0.0469623648171539,0.0144467385824264,0.0611085234511832,0.013388945489398,-0.0052388034196381,0.0044705688243776,-0.0134398356524975,0.0022317725009828,-0.003526714158526831,0.004237301392862428
681869,2024,"Dubin, Shawn",R,840,31,6,2.13700830632415,1.8580390182104225,1.8446907889792916,0.2531693478098001,0.0284376743950183,0.0257999403039273,0.0157521007228954,0.0177132899749605,0.0078855403989329,0.0171166188764972,0.0183631297851681,0.017099233056659554,0.0073079731619241145
681869,2025,"Dubin, Shawn",R,551,30,6,2.3991813101130592,2.053183696753289,2.0431297762284815,0.3136657625913471,0.0361913852889292,0.0323318507684233,0.015372428677291,0.0136446064265247,0.0102769810532434,0.0189940388891912,0.0084509826763631,0.013366305595815395,0.008387436728923588
681870,2025,"Sabrowski, Erik",L,503,33,3,1.2386785793827717,1.1458688301561974,1.113338165022947,0.0761093122184634,0.0299398963557035,0.0167004370081106,0.0101716225526905,0.0429473085617454,0.0083082842158558,0.0342421645588842,0.0502646759844404,0.0355100989856821,0.007210580556088067
681870,2026,"Sabrowski, Erik",L,820,59,3,1.2937489813537206,1.1933849516018604,1.174479363093741,0.0511950045289614,0.0164143623531737,0.0491690252228988,0.0116123042042667,0.0250041654462224,0.0062720297184039,0.0293515865248277,0.0196906507945938,0.02256418698372847,0.005672206026798343
681892,2024,"Funderburk, Kody",L,652,27,4,1.7077698340676115,1.3943058691998895,1.374107691433125,0.236590851509911,0.0265232921022665,0.0768731133578112,0.0173515647497809,0.0268212055069864,0.0097063218512854,0.0243418955238848,0.0291918604709083,0.02413842510950502,0.008685244360554784
681892,2025,"Funderburk, Kody",L,725,39,5,2.2259467515620055,1.9858011444702035,1.9789344172505872,0.1920591152366395,0.0278283710906299,0.0480864918551624,0.0156001978598273,0.0091682821993034,0.0064091016145004,0.0121632328253802,0.0060494802315467,0.00976266094380208,0.005862974003491439
681892,2026,"Funderburk, Kody",L,876,58,5,1.9647315632557376,1.7709719772941936,1.7636044846262908,0.0796237578590956,0.0134995719261037,0.1141358281024487,0.0167831896238815,0.0098533184382947,0.0069511575432242,0.0100331025881718,0.0096592657050939,0.01022990775289753,0.006159644506309583
681895,2025,"Sisk, Evan",L,329,19,6,2.311742729839205,1.8253973039990423,1.8132815173552743,0.4529959543638098,0.0554775660179747,0.0333494714763523,0.0274514397841619,0.0160084088586337,0.0065775995441238,0.0210735526419987,0.009395582252574,0.015463686332769441,0.0059911330487759035
681895,2026,"Sisk, Evan",L,833,41,5,2.2240433971748654,2.044067198347687,2.023507070784221,0.1392586727129579,0.0262825750957521,0.0407175261142206,0.0122166911738715,0.0269710019848298,0.0069466673213256,0.0264061866592941,0.0276916982425025,0.023674578393473398,0.006156519479676532
681911,2024,"Vesia, Alex",L,1109,67,4,1.1783578917039708,1.120473742696206,1.116036944270046,0.0353071373286543,0.0086186229401561,0.0225770116791102,0.0072149611285289,0.0058092201353148,0.003471987635646,0.0046577271158213,0.0070365431829214,0.006042379658466399,0.0034179767220321932
681911,2025,"Vesia, Alex",L,1023,68,3,1.2432365269871235,1.196614032769008,1.1813623056190403,0.0454294296194602,0.0072890871677987,0.0011930645986554,0.0055039784668516,0.0198253073372512,0.0052670806951737,0.0205388786562274,0.0191099203151733,0.019009152745929524,0.004951172226554898
681911,2026,"Vesia, Alex",L,1011,72,3,1.3950987349330577,1.2755748324763807,1.2567781489693557,0.117229180175953,0.0153643009153396,0.0022947222807239,0.0081539514307538,0.024488978125776,0.0055820299914768,0.034508077910183,0.0147248172671809,0.022557503035678703,0.005146578386996725
681916,2026,"Smith, Dylan",R,703,42,5,1.7495484781095667,1.552555134847247,1.547081295639687,0.1620774454009141,0.0333181737405535,0.0349158978614056,0.0117356201433466,0.0072743080584392,0.0075911796639766,0.0068853979151447,0.0076022392594053,0.008339940437172101,0.006591817976973662
681982,2024,"Anderson, Grant",R,483,23,5,1.9997271023801604,1.507888587754464,1.5052811317500865,0.4765110119488732,0.0514443656655252,0.015327502676823,0.0137175873386169,0.003450414383875,0.0095351505156308,0.0019874003604116,0.0048430159677065,0.005370395616088831,0.008561963157592372
681982,2025,"Anderson, Grant",R,1158,66,4,1.757645754443051,1.5434142986951085,1.5419285823067466,0.1588146302667391,0.0305208477312213,0.0554168254812037,0.0154340259825772,0.0019958927815813,0.0068311457256332,0.0087564851608868,-0.0036164036521946,0.003957056828195865,0.006180836319848155
681982,2026,"Anderson, Grant",R,915,52,4,1.7320656902395095,1.510033352612801,1.5011198414912204,0.1450747908326661,0.0359702371314189,0.0769575467940424,0.0136570008023722,0.0119763034893481,0.009157085687508,-0.0001177323086072,0.0224467563993588,0.011857361608129877,0.007540711802025996
682052,2025,"Lopez, Jacob",L,1666,21,5,2.108639360773146,1.9918355487365755,1.9823721993633645,0.0469062293918547,0.0117367141550987,0.0698975826447158,0.0096266664687193,0.0124631937199761,0.0039497313731534,0.0167723038128617,0.0075175936812823,0.012487184196538598,0.003811146005980552
682052,2026,"Lopez, Jacob",L,2226,27,5,1.983932848485675,1.8277199915115627,1.814442950014307,0.0755562152571854,0.0073942324352871,0.080656641716927,0.0105665087316747,0.0176235506099525,0.0057698114119451,0.0239248253878701,0.0094689597208826,0.016669503762670585,0.005292636206392066
682120,2024,"Herrin, Tim",L,1011,75,4,1.9276366726910636,1.7103145551544707,1.673258043761625,0.1059223126852924,0.0228756716792703,0.1113998048513006,0.0141947785110436,0.0496213682359828,0.0074245794231327,0.0351165479503043,0.0654521139217372,0.04501126819962929,0.006936549885895239
682120,2025,"Herrin, Tim",L,750,54,4,1.9217185488435895,1.7516706862081788,1.7159870284569303,0.1017411353366343,0.0297973958298748,0.0683067272987765,0.0124775997902587,0.0481344304198494,0.0106386585507819,0.0594241228575607,0.0382892104152459,0.03578976775141024,0.008580611722191765
682120,2026,"Herrin, Tim",L,983,67,5,2.025611989869601,1.9067125688345303,1.900036990553691,0.0573036879896894,0.0170163426039626,0.0615957330453809,0.0126542016914459,0.0088081791276047,0.0048439895395576,0.0102931934282403,0.0073817838125206,0.009136309810600452,0.004551163813793211
682227,2024,"Williamson, Brandon",L,256,4,5,1.8350177112092896,1.7543893538271105,1.7466702304184525,0.0246738448013212,0.0057412277543974,0.0559545125808574,0.0162686118755344,0.0100821203704919,0.0062824675185381,0.0036013662858678,0.0192831909844645,0.010391895664455215,0.005978436944710257
682227,2026,"Williamson, Brandon",L,907,12,6,2.431163142081651,2.1998261924715456,2.19300710393324,0.1331901613724455,0.0128052946507266,0.0981467882376603,0.0146813467612682,0.0091357655897243,0.0101926234806649,0.0037309706138792,0.0150944681252057,0.010050798441646688,0.008088170326829323
682243,2024,"Miller, Bryce",R,2749,31,7,2.335378967354397,2.125781193798968,2.117222327925681,0.0609828941926011,0.0103974782561992,0.1486148793628279,0.0139257866016169,0.0115165552059055,0.0073302846521868,0.0091946324521991,0.0140008008268922,0.01174601308651967,0.006859468131732759
682243,2025,"Miller, Bryce",R,1542,18,7,2.303208043879466,2.161443623903162,2.152929860092854,0.0407539812515483,0.0322995763244894,0.1010104387247558,0.0186873540313579,0.0114158467786907,0.0087475045719104,0.0169059193020961,0.0054057673860373,0.011787607386026475,0.007492104053342513
682243,2026,"Miller, Bryce",R,1884,22,7,2.404298001934508,2.189140042393525,2.1774404628085557,0.075856906592508,0.0184617408392915,0.1393010529484744,0.0155770247744772,0.015744291384345,0.0053456532338509,0.0094238216961038,0.0224749390464543,0.015168204789363818,0.004959559631703752
682254,2025,"Montgomery, Mason",L,859,57,2,0.9271423074317352,0.8746555251053267,0.8740500892357437,0.0113060961942422,0.0062200488954002,0.041180686132166,0.0090573996078535,0.0008013396178303,0.0021969624930945,-0.0017541840896094,0.0041271452938246,0.001070323638801017,0.002172220494930682
682254,2026,"Montgomery, Mason",L,1169,70,5,1.9232932547477253,1.823220996223628,1.7202138420127124,0.0737006257540604,0.0170960197679369,0.0263716327700362,0.0106257880378024,0.1348436318841665,0.0169819167412842,0.143342746936318,0.12719442833723,0.05842159901242668,0.010466659578711264
682274,2025,"Hiraldo, Yaramil",R,314,18,4,1.646474865149403,1.4606440451968732,1.4570972770271184,0.1648186397301796,0.0267333209183887,0.0210121802223506,0.0149048997650239,0.0048421095882734,0.0056827947582027,0.0073669890142276,0.0022729340320393,0.0059013031509564965,0.005291675913350092
682608,2026,"Gray, Peyton",R,944,49,3,1.5112180674228828,1.4098181589350007,1.410240556702829,0.0584539864813609,0.0153330453362387,0.0429459220065215,0.0082105007152113,-0.0005729073172854,0.0042591396180422,0.0003525607768983,-0.0015363711690016,0.0005612939958908117,0.004055983806037494
682610,2024,"Muñoz, Roddery",R,1485,18,5,2.2639893450877957,2.1524581284352045,2.1483206725712773,0.0503753254376706,0.0117569726731218,0.0611558912149208,0.0096346225465362,0.0055602913646437,0.0054570123579817,0.0010633964733645,0.0102995839359361,0.006129421212824462,0.005254202652737836
682790,2025,"González, Wikelman",R,368,16,4,1.62217496180166,1.5046464572447855,1.5052006642946227,0.099630890922143,0.0187065647771479,0.0178976136347311,0.0073246244498083,-0.0007257942859077,0.0044817163480552,-0.0101441000021474,0.0057989355777522,0.000452471499228696,0.00428223097547864
682825,2025,"Mey, Luis",R,414,23,3,0.9826263484195112,0.9506729052481772,0.931266779772972,-0.0054994061666491,0.0341365342414609,0.037452849337983,0.0204591618565356,0.0251853791433696,0.0085917421832081,0.0222158901066,0.0284891815154048,0.021974642935995343,0.007393542610691894
682825,2026,"Mey, Luis",R,665,29,3,1.1805730853072594,1.097737870565557,1.0766241077343532,0.0265569806623078,0.0142421195709763,0.0562782340793944,0.0116574856208371,0.0280813045655008,0.0090539872541153,0.0311234031177584,0.0249402759790233,0.02285967545142839,0.007482825341744485
682842,2024,"Uribe, Abner",R,258,14,3,1.0311484825711783,1.0221687612962491,1.0217780284067928,-0.0078079753152047,0.0076293259596486,0.0167876965901335,0.00827208453471,0.0005250473202073,0.0053003772666998,0.0001566601718049,0.000843362429021,0.0014121665865077671,0.005113954140099302
682842,2025,"Uribe, Abner",R,1164,75,3,1.1308963804364218,1.0495128347809857,1.0332990795744357,0.0115991508319504,0.005498198444521,0.0697843948234856,0.0110860942200123,0.0217679481665791,0.0052498612559775,0.0276149220918579,0.0160674815606125,0.020731767108473485,0.004936860869540946
682842,2026,"Uribe, Abner",R,918,61,3,0.9850845854050984,0.9473462291126394,0.9290943183823398,0.0138674135042854,0.0075011044528925,0.0238709427881736,0.0089223750538484,0.0244602248911168,0.0080316662453,0.0264949829235759,0.0223955439464158,0.021022176761989753,0.006874090241034102
682847,2024,"Ortiz, Luis",R,2143,37,5,2.061038470599552,1.9524131076274889,1.9354556072297424,0.0109706443291872,0.008856908109837,0.0976547186428761,0.0132186596892791,0.0228552977058931,0.006330031881597,0.0186433362680057,0.0273070085658596,0.021946386715051166,0.006019380656644731
682847,2025,"Ortiz, Luis",R,1501,16,5,2.2525958267126547,2.086235202481525,2.070009959970041,0.0863652356077172,0.015976284927262,0.0799953886234122,0.009314432897721,0.021764154611026,0.0050725763114041,0.0246172709275222,0.0188335079598424,0.020789698962791005,0.004788572777943998
682982,2026,"Espino, Daniel",R,273,14,3,1.28366402071551,1.2299326313610226,1.2327847430319383,0.0415896503896,0.0175979570440688,0.0121417389648874,0.0140960461752725,-0.0037433965680771,0.0021155013747849,-0.002702335887667,-0.004707341642531,-0.003364136916598228,0.002089203873525532
682989,2025,"Mederos, Victor",R,314,5,6,1.8983913741368128,1.8866159164868517,1.8982021389666504,-0.0029667087336224,0.0657561715316677,0.0147421663835832,0.0106430465680404,-0.0156140508955226,0.011373962488946,-0.0259075259609241,0.0019806099720821,-0.004799919584727769,0.008952678032880943
682989,2026,"Mederos, Victor",R,586,30,6,2.013094723652657,1.859263960973759,1.8368599506786312,0.0754119857065352,0.0353604104653541,0.0784187769723633,0.0180648972637224,0.0299743151437092,0.0067162033906692,0.0383902067322936,0.0218603389484372,0.02623836558962285,0.005994377813071658
682990,2024,"Priester, Quinn",R,811,11,6,2.3663360681191423,2.287116364792497,2.286397741149358,0.0797184616229766,0.0278465768266858,-0.0004987582963307,0.0198801725733137,0.0009878030077723,0.0057236543962129,-0.0069196815713309,0.0124388906347725,0.0019736600699019457,0.005490921195782118
682990,2025,"Priester, Quinn",R,2468,29,5,1.9237634826611292,1.8227483115131815,1.8215140612382263,0.0614682384114834,0.0125461730663855,0.0395469327364643,0.0066760076446603,0.0016792335604128,0.0040954721140674,-0.0001309451278834,0.0036828343617443,0.0025001366904407896,0.003941574179855639
682995,2026,"Barco, Hunter",L,351,7,6,2.3869383982500643,2.3025774983065994,2.303462188930927,0.0511007026397749,0.020061112044978,0.0332601973036903,0.0145088869768221,-0.0011762363982536,0.0057261148403638,-0.0056708101325751,0.00447079213974,0.0008248979301925963,0.005258848414531337
683000,2026,"Cornelio, Riley",R,685,18,3,1.467666732320757,1.416518291361211,1.4034232597914826,-0.0037389318873252,0.0050540784066387,0.054887372846871,0.0110964862199811,0.017118505010046,0.0092306680877881,0.0248171702064496,0.0060539117742845,0.015325108210919374,0.007581642930817707
683003,2024,"Jones, Jared",R,1912,22,5,1.6249310292000676,1.5733082029565426,1.5664454371762473,0.0234315817274672,0.0072199763425286,0.0281912445160576,0.006795755759136,0.0093193239857425,0.0048060444608436,0.0099598128354388,0.0086528442841745,0.009551879432645757,0.004665765554060272
683003,2026,"Jones, Jared",R,1634,21,4,1.703201331330514,1.6608422444543978,1.6495142752489913,0.0286846005526504,0.009041607055453,0.0136744863234658,0.0067024601078619,0.0151969636138212,0.0080496088145127,0.0201520468541752,0.0102418803734673,0.014233515139223971,0.006885329146428375
683004,2024,"Leiter, Jack",R,669,9,6,1.7884347823163782,1.7103790970245638,1.7006189622458407,0.0823247025121243,0.0149862286374049,-0.0042690172203099,0.0146645145233808,0.0131643753366244,0.0052793080619589,0.0178875950908719,0.0079185865882899,0.013177936496467483,0.005095022988123373
683004,2025,"Leiter, Jack",R,2583,29,5,2.14756423602695,2.03707643154101,2.0158549309911633,0.0501738965475451,0.0092890982648452,0.0603139079383946,0.0093866770519921,0.0282989860197488,0.0054547683142799,0.0258621854653526,0.0310835158567967,0.02638230132447341,0.0051060992391234235
683004,2026,"Leiter, Jack",R,1397,15,6,2.342358874828538,2.176811365042122,2.172065930407973,0.0849535528194151,0.019903992301391,0.0805939569670007,0.0098592501830308,0.0063621614049008,0.0052179674938933,0.0038359587137442,0.0091111154355582,0.007062529373643953,0.004857082919434807
683155,2024,"Estes, Joey",R,2027,25,6,1.944523176267585,1.719997897291682,1.7052826999092765,0.1431442639608685,0.0125357115787957,0.0813810150150346,0.0141254898153808,0.0200859966963882,0.0067726077541891,0.0163814376788851,0.0238256462593886,0.01935913113130101,0.006396076748279938
683175,2025,"Phillips, Connor",R,377,21,3,1.2560591424557106,1.2086844148077582,1.1994738510662866,0.0438266068655007,0.0222331420495532,0.0035481207824516,0.0080824340419107,0.0124458155216298,0.0059679170036286,0.0167223356783929,0.0077512896352582,0.012498648289738134,0.0055195712489044145
683175,2026,"Phillips, Connor",R,590,27,3,1.1847115947291682,1.0807112630458084,1.0740888125515886,0.0588690745772622,0.0167141593607979,0.0451312571060976,0.0116348854024736,0.0087803276215499,0.0040233461473924,0.0132950443356266,0.0048536622441808,0.009017575343603432,0.0038507889262880462
683232,2024,"Mears, Nick",R,1028,54,3,1.3691536438379597,1.281988013572496,1.2597640739999614,0.0553881348880727,0.0154671063964897,0.0317774953773906,0.0115480067018089,0.0295552521093991,0.0059551580252657,0.0281159588540068,0.0315287615730813,0.028167793319952703,0.0056943217374722955
683232,2025,"Mears, Nick",R,845,63,3,1.2042817366291207,1.201831721238891,1.2081287492092272,0.0213281759923708,0.0086532103224667,-0.0188781606021412,0.0091969781575049,-0.0085546441076109,0.0031429633979882,-0.0106141942116317,-0.0065082962478466,-0.007597715000311412,0.0030717738464431715
683232,2026,"Mears, Nick",R,341,21,5,2.1797751707697666,1.980065077910223,1.98151756456853,0.1401130846006583,0.0552943043229226,0.0595970082588853,0.0211507725388345,-0.0019197594979955,0.0048377736391003,-0.0109395714883836,0.0106077571553213,-0.00033738762258536843,0.004546007256485537
683352,2026,"Bratt, Mitch",L,726,10,6,2.130977189896948,1.9492174035911385,1.9459781062039971,0.1296129315172403,0.0367734320292618,0.0521468547885695,0.0168824138472415,0.0044122512252622,0.0037391584183105,0.0052480936928659,0.0035346166342784,0.004939885205599758,0.0035994361714588472
683363,2026,"Wilkinson, Matt",L,419,8,4,1.6040828055247858,1.5473454891697385,1.5486809854758723,0.0328326856668205,0.0232289851378048,0.0239046306882266,0.0036854209604973,-0.0018109157031398,0.0048442724130012,0.0060102051771301,-0.0105427150420714,-0.00023755156335445067,0.0045513984232588
683409,2024,"Chivilli, Angel",R,512,30,3,1.517020537384527,1.393065333016358,1.3799614849621644,0.0859253296998086,0.0276426951035671,0.0380298746683604,0.0116141947716043,0.0177022960521029,0.0073717905529553,0.0167992691673908,0.0189517672133397,0.017157306163289646,0.006893443131937775
683409,2025,"Chivilli, Angel",R,1022,43,3,1.4939712349182164,1.3673535120775966,1.3467897606793302,0.0841939285937707,0.015050774949449,0.0424237942468486,0.0120983200108434,0.0281340748715244,0.0073527356262741,0.0325660355612384,0.022997611760035,0.025004976505539428,0.0065591574933895076
683409,2026,"Chivilli, Angel",R,285,15,3,1.546966028655514,1.4959065677497063,1.4942691272752795,0.0110933317213601,0.0119127662599663,0.0399661291844473,0.0180408791827032,0.0022012761094886,0.0042934632990856,0.002981334490361,0.0008611758141437,0.0030899732868301215,0.0040855930289586785
683618,2025,"Henriquez, Edgardo",R,279,22,5,2.2974618636823623,2.0599280890992637,2.0500941644541992,0.1894305581197691,0.0442719515102905,0.0481032164633286,0.0202347404469048,0.0137183248798658,0.0079539277952289,0.0209194003586666,0.0049170104057759,0.013508823499634868,0.00697527017082989
683618,2026,"Henriquez, Edgardo",R,968,61,5,2.118862715168544,1.6967621328290496,1.693573041691527,0.314512753195513,0.0365808289004886,0.1075878291439815,0.0191685594747955,0.0042521215166968,0.0079270665910923,0.0040982404027008,0.004422059790414,0.006181798506625466,0.006808168961399597
683627,2024,"Molina, Anthony",R,1048,35,5,1.8165933471595457,1.6660366848988983,1.6589047498699163,0.1121545253958387,0.0191001384801721,0.0384021368648084,0.0149212699993172,0.0095335049877207,0.0066567001728404,0.0080018324667601,0.0108954017593701,0.009934805651792224,0.006298176131751783
683627,2025,"Molina, Anthony",R,608,17,6,2.1914248807601666,1.9243743107683735,1.9081157320332176,0.2286352615832666,0.0285579868993468,0.0384153084085263,0.0166865527027242,0.0220652139977113,0.0101416221848065,0.0062390608692518,0.0404908318912318,0.019029453557519716,0.008313366819562747
683627,2026,"Molina, Anthony",R,541,9,6,2.006224981980825,1.9158345838056705,1.9051346513691525,0.0859385572231889,0.037260630121324,0.0044518409519657,0.0249841852077072,0.0142929961682865,0.0100965104484002,0.0200728707111281,0.0078809478473217,0.013310108122022738,0.008039892239086256
683742,2026,"Franco, Jose",R,348,10,3,1.4497535373718176,1.3477668803300595,1.3493476133180462,0.0948145208846438,0.019855133856566,0.007172136157114,0.0070009584119449,-0.0021572356071345,0.0019091240612839,-0.0023416536150387,-0.0019141391421697,-0.0018790042272403204,0.0018897296386106307
683769,2024,"Gaddis, Hunter",R,1075,78,3,1.4858593286847157,1.448680461251333,1.4510391832443463,0.0210779508064465,0.0071872650106986,0.0161009166269356,0.0101474554258212,-0.003177476369034,0.0026428734207385,-0.0062254926653104,-5.209925305527164e-05,-0.002877741182691365,0.0026188164162252625
683769,2025,"Gaddis, Hunter",R,1049,73,3,1.4021860753016984,1.2999962569103338,1.295359138397589,0.0670609821630234,0.0144848188841369,0.0351288362283412,0.0093882290527918,0.006276564283702,0.0052593044096304,0.0050136336540445,0.0076098438343749,0.007034937453672137,0.004944711248617665
683769,2026,"Gaddis, Hunter",R,983,68,4,1.54304673882661,1.470829254194141,1.4715099658126038,0.0420076129527846,0.0123601857087977,0.0302098716796843,0.0117109273059284,-0.0009216797809217,0.0040982855044501,-0.0055918790450363,0.003985987242385,0.0001660470423175582,0.003916339058083521
684007,2024,"Imanaga, Shota",L,2590,29,7,1.8130978532785105,1.5827822646109622,1.5700610923994671,0.1586573219690048,0.0194329286730973,0.0716582666985434,0.0104048347459735,0.0173867208589827,0.0072391491151323,0.027672951106016,0.0054720327482391,0.016897187253358606,0.006784616580780044
684007,2025,"Imanaga, Shota",L,2176,25,6,1.6873598734696886,1.540320622651933,1.5374116353341625,0.0948721184929158,0.0182225857215622,0.0521671323248396,0.0107047539559199,0.0039389896723519,0.0054142465189582,0.0018124181531281,0.0062854553669928,0.0050226928250440795,0.0050728160129674855
684007,2026,"Imanaga, Shota",L,2810,32,6,1.972007782916087,1.7953803721432298,1.7933989650346245,0.1043932180225561,0.0114986662540131,0.0722341927503009,0.0094197951767962,0.0026487887607899,0.0085957149086799,0.0059320382343944,-0.0008274038748285,0.005290506179280877,0.007217837603938826
684049,2026,"Bidois, Brandan",R,325,15,3,1.1825784543808504,1.1458827819566095,1.1445537062211923,0.0250031803264531,0.00751621552841,0.0116924920977875,0.013068304695378,0.0017630596490227,0.0031999086755317,0.0070180551680268,-0.0047936320077162,0.002302354476290314,0.003111019442750951
684320,2024,"Rodríguez, Yariel",R,1501,21,5,2.061760941306944,1.7942865760639577,1.791830377006256,0.110800418266336,0.0163605697100064,0.1566739469766501,0.0206268915283106,0.0032597301375857,0.00732057644845,-0.0006905993380474,0.007403282250614,0.0045128677499958175,0.0068515110296431675
684320,2025,"Rodríguez, Yariel",R,1158,66,4,1.66932783531574,1.4197278706570813,1.3966758627072526,0.1115647401029797,0.0172583568642183,0.1380352245556791,0.015443189435482,0.0309318947924699,0.0077149803050774,0.0236605102659417,0.0381529002114239,0.026940152248260636,0.006812436851958611
684442,2026,"Drake, Kohl",L,382,5,5,2.114091957652201,1.976326764058971,1.973231305875113,0.0908949651884936,0.038884680335425,0.0468702284047365,0.0173677863381861,0.0041200871994207,0.0041434739503047,-0.0001769571696739,0.0111372789214286,0.004783221617767856,0.0039557154811027785
684665,2026,"Murphy, Luke",R,381,22,4,1.6876657187514754,1.576121175477519,1.5718032427571846,0.0917674818536544,0.0200599343968308,0.019777061420302,0.009543869091407,0.0056533758297161,0.0044570988941572,0.0094910766461523,0.0009005309724374,0.006255172938775306,0.004225826611957605
684974,2026,"Yoho, Craig",R,635,34,5,1.798761810474189,1.7954582597935569,1.7765470787185025,0.0104427104871728,0.0119534501198365,-0.007139159806541,0.0138167192512062,0.0255502127290634,0.0068705803080253,0.0169621689303393,0.0353931305075096,0.02261005413014012,0.006103367997527184
685107,2025,"Veneziano, Anthony",L,481,26,5,2.1864085771280584,2.0839799143608095,2.0803186297987377,0.0900748457450605,0.0226236665740304,0.0123538170221885,0.0130300125742573,0.0048381260284523,0.0040295799365716,0.0058450916169713,0.0042160450648783,0.00540865849882451,0.0038827303887644642
685126,2025,"Eisert, Brandon",L,1216,72,4,1.7477766238175216,1.4625784134427278,1.4575407529358937,0.2715699883573876,0.0347265886892298,0.0136282220174067,0.0085878913995218,0.0067021829062475,0.0069153330111925,0.004874669507097,0.0087773499903296,0.007832332186802078,0.006242987416732404
685126,2026,"Eisert, Brandon",L,784,40,4,1.7849131270228376,1.649211743647657,1.6320025012942052,0.1427782821828841,0.02786154376288,-0.0070768988077035,0.0120670055363023,0.0226757075716069,0.007162407304372,0.0185708418270415,0.0275833699378032,0.020184757708880854,0.006305197994014875
685299,2024,"Gordon, Tanner",R,607,8,4,1.687410681864839,1.5917306272378449,1.592738833142353,0.0993039857923064,0.0323100500168847,-0.0036239311653123,0.0135358954456707,-0.0013690849754735,0.0055082541327994,0.0029757765928399,-0.0062725716025702,-0.00027569478523033035,0.005299893841931084
685299,2025,"Gordon, Tanner",R,1244,15,4,1.5067836154199865,1.3779057251806133,1.370224762272971,0.1227584650866623,0.0261252905428464,0.006119425152711,0.0099138063793227,0.0105348598204043,0.0032605317613018,0.0052410048557859,0.016128819941747,0.010644207495708892,0.003181254384961729
685299,2026,"Gordon, Tanner",R,1692,24,6,2.065544163023999,2.047580804950739,2.044586844381146,0.017209836818734,0.0078901931385638,0.0007535212545259,0.007776643970303,0.0041488790202716,0.0049642179025297,0.0076044925629529,0.0006989211462362,0.005061870521407624,0.0046504430511123945
685314,2025,"Saalfrank, Andrew",L,427,28,3,1.3756838546091197,1.3278264308602166,1.3258675734694565,0.0109253807860527,0.0104565119394174,0.0369320429628499,0.0138218462868911,0.0026553400185856,0.005895599395949,-0.0127621334025926,0.0143691745732238,0.0040935878608267685,0.005462208427749628
685326,2025,"Brown, McCade",R,501,7,4,1.614991060555745,1.4551209318988976,1.4434666598771433,0.1121379418439449,0.0419909989724563,0.0477321868129023,0.0164301729096725,0.0155701074210636,0.0071539090224193,0.0234345645565806,0.0074930973899922,0.015030886390073194,0.006416841192344714
685801,2024,"Bigge, Hunter",R,300,19,5,1.4962411610458064,1.290497161387796,1.2828544600536202,0.0856824203739125,0.0275669700779494,0.1200615792840976,0.0270959912134203,0.0101004863447258,0.0064856147032712,0.0072876172385941,0.0122373946579111,0.01042674552604671,0.006152688957214952
685801,2026,"Bigge, Hunter",R,319,18,4,1.385873077534519,1.2617652292597628,1.2652009801909845,0.0524295038697605,0.0253130602603007,0.0716783444049956,0.0129511341108071,-0.0046638491364241,0.0045904897731297,-0.0025687696605239,-0.0073028434762599,-0.0029298695443264085,0.004338993532660674
686218,2025,"Sheehan, Emmet",R,1146,15,4,1.719316827376934,1.5660624403478731,1.552771010856086,0.0811785510767863,0.0200971492199373,0.0720758359522747,0.0105087418082244,0.017836040044014,0.0098695040666097,0.008990366088649,0.0263963696782382,0.01624732576756106,0.008161488936622822
686218,2026,"Sheehan, Emmet",R,1954,23,4,1.8382909637335636,1.7225841173502334,1.706315042304896,0.0794870745103986,0.0104101512231659,0.0362197718729315,0.0070819403400094,0.0214361245034316,0.0068730255301635,0.0220279808403063,0.0207503637404734,0.019362311650905004,0.006105081946295776
686539,2024,"Cronin, Declan",R,1096,56,4,1.353889723809126,1.258632131164536,1.2386549718908726,0.0075133269744775,0.0066568552961387,0.0877442656701125,0.0146904573770465,0.0276801094360745,0.0082072120268557,0.0390109155336912,0.0160297164998071,0.025516707629126226,0.007561794607968403
686560,2026,"Collyer, Gavin",R,480,24,4,1.988632471358233,1.7778478603532846,1.7751809060104988,0.0906263533506343,0.0272325118505279,0.1201582576543141,0.0246623701504027,0.0034786360992856,0.0050625296849818,0.015793159951885,-0.0081843256447106,0.00450843767233762,0.004730971590795897
686563,2024,"Cannon, Jonathan",R,2028,23,5,2.2832352849693844,2.0112488516140137,2.004713733740463,0.1759436022274584,0.0230869507609642,0.0960428311279121,0.0156499865045315,0.0088178436776859,0.0053287821577558,0.0028408667671486,0.0155472264510772,0.009135017812605253,0.0051394518785493155
686563,2025,"Cannon, Jonathan",R,1793,22,6,2.349039903291672,2.127631825315657,2.1090113984344274,0.1141423962761302,0.0324449096199935,0.1072656816998843,0.0155679572038313,0.0251403805708174,0.0059792434554082,0.0322796911849637,0.0172304776999062,0.023351685335129768,0.005528528252139099
686580,2024,"Slaten, Justin",R,811,44,4,1.861396002901878,1.6473348029420425,1.638424924225938,0.0762463822858341,0.018748854629324,0.1378148176740016,0.0162831465644074,0.0123099005771047,0.0053022862372616,0.0021222686986557,0.0205794906512778,0.01238266104818394,0.005115668622989135
686580,2025,"Slaten, Justin",R,499,36,4,1.881391182360362,1.661071749149368,1.6558466401164211,0.094255434366897,0.0317358193434834,0.126063998844097,0.0188956027179162,0.007182725640332,0.0066835259617173,-0.0016705633470399,0.0164861818643501,0.008167345692782567,0.006070847392148352
686580,2026,"Slaten, Justin",R,508,36,5,2.028218860131898,1.861333029678283,1.851938826371148,0.0694106354943791,0.0273572522125052,0.0974751949592357,0.0246718823444435,0.0128632217790419,0.0068859071044854,0.0245094486454473,0.0015267349888708,0.01259735030437017,0.006114104758131025
686613,2024,"Brown, Hunter",R,2889,31,6,2.4166439026503217,2.2247997070779206,2.187552179022605,0.1907828282444023,0.0196818676422396,0.0010613673279988,0.0066862460045563,0.049520528555824,0.0081272004140297,0.0674813661796428,0.0312091541382318,0.044147374274086645,0.0074990757044058175
686613,2025,"Brown, Hunter",R,2962,31,6,2.22408442569372,1.9783310245063672,1.9372911234733587,0.205091041677915,0.0202670759917124,0.0406623595094377,0.0055612971693524,0.0544868609860026,0.0089456740554464,0.0452687266691956,0.0644710214038327,0.0430143063801281,0.00761548721768129
686613,2026,"Brown, Hunter",R,1881,20,7,2.309083764182252,2.1935240826749287,2.171262551793178,0.0882610561402551,0.0190126486527085,0.0272986253670676,0.0138533506765765,0.0293234871068441,0.0065899065386006,0.0301971279855373,0.0284149005930032,0.025827679556533735,0.005904067351832816
686642,2024,"Ellard, Fraser",L,432,25,5,1.7874897770181803,1.7584611047478418,1.7558822377199224,0.0218754306554959,0.0166534304551261,0.0071532416148426,0.0135417831490075,0.0033455572254086,0.0038757946045539,0.0013608633413769,0.0051591568090927,0.003727973675087471,0.0038010884316678796
686642,2025,"Ellard, Fraser",L,329,18,5,1.7854076970343966,1.6169138408833774,1.6097668819803066,0.1316697014310363,0.0349894379727161,0.0368241547199826,0.0195822590758433,0.0092572814138203,0.0040601727595575,0.0115218588930841,0.0059910638956515,0.009515184102776218,0.003910076608821565
686701,2025,"Bergert, Ryan",R,1312,19,6,2.0743714438410303,1.965633074397238,1.972524279995156,0.0953134078659185,0.0205215507563268,0.0134249615778741,0.0153841963418648,-0.0091325876206748,0.0076774709389035,-0.0095907625074948,-0.0086025421633732,-0.004335324545743192,0.006786570214301034
686730,2024,"Spiers, Carson",R,1554,22,6,2.314320969106165,2.163670560527311,2.1586887699508592,0.0880780753080048,0.0170285377371232,0.0625723332708487,0.0163112948905457,0.006767222513817,0.0060560604199477,0.0129617268051501,0.0007224989825507,0.007349884779727556,0.005782345068623464
686747,2024,"La Sorsa, Joe",L,271,16,5,1.7341065773821585,1.4137898789052148,1.4134037065990066,0.179009274979697,0.02819342980197,0.1413074234972466,0.0241498103042076,0.0005312319542256,0.0091830118417506,0.007171668501586,-0.0056534883594923,0.002869332400818705,0.008304281231905672
686751,2026,"Johnson, Seth",R,605,28,6,1.879677400208184,1.8067624597343217,1.8040543066995176,0.0299098913745669,0.0209389398430728,0.0430050490992952,0.0250057035601854,0.003665397284243,0.007158744277882,0.0113609462133501,-0.005097955084788,0.005451106276046782,0.006302698603183375
686752,2024,"Pepiot, Ryan",R,2149,26,6,1.843679434920778,1.757119469499005,1.7506586007234484,0.0412569337897214,0.0131800954379656,0.0453030316320512,0.0080412525184028,0.0086238552786782,0.0048499195791667,0.0072522303185715,0.0098906009108915,0.008901123620416364,0.004705878144414787
686752,2025,"Pepiot, Ryan",R,2698,31,6,2.0245671511936556,1.8761096638360617,1.8621167033811044,0.0520180354203054,0.0094362303459766,0.0964394519372883,0.0095260166521847,0.018726690132676,0.0036964791153396,0.0221169073293384,0.015302672166356,0.01836639350563121,0.003582140073340763
686753,2026,"Jameson, Drey",R,306,12,5,2.23484286427184,1.9244029580878503,1.9207728791940024,0.1999348627884531,0.0431338307989834,0.1105050433955361,0.0216966295056847,0.0050491097341706,0.0052328739779956,0.0079600653514799,0.0014912750907924,0.005929161331042786,0.004869098617220856
686790,2026,"McDonald, Trevor",R,1137,14,5,1.5206414770735432,1.4513963916366122,1.4541183104327664,0.028968413984606,0.0291303277878469,0.0402766714523249,0.0121522682722987,-0.0037422269301417,0.0022001318248657,-0.0056509331993774,-0.0018381310625225,-0.003332872477444135,0.00217059504635823
686796,2024,"Walston, Blake",L,343,7,6,2.5022949508996555,2.2959657453479867,2.290302925532798,0.1412820536398555,0.0660493948551862,0.0650471519118132,0.0154086149108268,0.0074705661408066,0.0091845154544146,0.0128453330092874,-0.0112484495045921,0.008544433649848183,0.008305393135795645
686799,2024,"Kochanowicz, Jack",R,859,11,5,1.3563192768802848,1.3062194233410072,1.3106567584888789,0.0227500898154618,0.0120817730906536,0.0273497637238157,0.0198683915396256,-0.0064169543636733,0.0103038058231073,-0.0006823148379546,-0.0133454221921439,-0.002083740969790372,0.009105432908096433
686799,2025,"Kochanowicz, Jack",R,1858,23,5,2.0140427998914188,1.9112472725675664,1.8942136243267291,0.0500528354127814,0.0131227808989591,0.0527426919110711,0.0151978968252958,0.0235304969750741,0.0078693102788586,0.0358686717992681,0.010610155606664,0.0210954377326682,0.006917990981811258
686799,2026,"Kochanowicz, Jack",R,1106,13,4,1.9446752805437049,1.865503781358277,1.8654735740518225,0.0558768014005411,0.0159830991918968,0.0232946977848864,0.0076370272518659,4.119516761900133e-05,0.0041989357255499,0.0066369351274501,-0.0074769042061198,0.0010907207516094013,0.0040038880843203855
686826,2024,"Jarvis, Bryce",R,1006,44,6,2.268830789126845,1.836193286230291,1.8084798676316032,0.3386312983004733,0.0292232359608699,0.0940062045960811,0.0141273696901368,0.0370740679657973,0.0078390982971482,0.0412692655869628,0.0333625272132374,0.03376156982807886,0.007270960603453485
686826,2025,"Jarvis, Bryce",R,409,12,6,2.248094077862606,1.831661040700655,1.8261634470078945,0.3414533493329286,0.063298098550373,0.0749796878290225,0.0175107226546918,0.0072532768398038,0.0046711283222756,0.005856026532824,0.0092937058595204,0.007774875376277916,0.004446540505493325
686930,2025,"Barnett, Mason",R,431,5,4,1.7216839022993613,1.629290374208488,1.6232866228241,0.0362002153315844,0.0090525134315935,0.0561933127592887,0.0142931869603893,0.0079132013659668,0.003819562645712,0.0063331771367386,0.009777629956456,0.008230410974413984,0.003693808285527517
686930,2026,"Barnett, Mason",R,909,20,5,1.997709565828512,1.8402498878792937,1.83739181801016,0.1421811599016021,0.0175682908574376,0.0152785180476167,0.01826996295115,0.0038205669280034,0.0047808596990209,0.0036827656939428,0.0039339851018818,0.004712554708150685,0.004498684880316902
686934,2026,"McFarlane, Alex",R,312,19,4,1.8527590081654108,1.5146758872737365,1.4905439541316536,0.2774869457193218,0.0540661514225968,0.0605961751723523,0.0179996081579546,0.0323140048941194,0.0113002615269314,0.0441859889795197,0.0222322406311208,0.023626055926574192,0.00860927812087513
686973,2024,"Varland, Louis",R,901,16,5,1.9975945879931232,1.918746268864884,1.9061402288347715,0.0607273618661559,0.0136904272851552,0.0181209572620832,0.0193948515194824,0.0171054850408604,0.0082711063269048,0.008614524606828,0.026860471947273,0.016532381881887076,0.007611681027565187
686973,2025,"Varland, Louis",R,1066,74,5,1.7622917250681502,1.5939618177757569,1.5922014816485444,0.1283373690609136,0.0157462742461605,0.0399925382314799,0.0120837993113577,0.0024338758905427,0.0068533948950178,0.0065381890512971,-0.00131398327362,0.004325658708391373,0.0061973023887113435
686973,2026,"Varland, Louis",R,1236,71,5,1.9229028305610445,1.6888339065395106,1.6871443643963675,0.217579321186341,0.0187707980070086,0.0164896028351928,0.0093654064597939,0.0022478730774216,0.0040317830856284,-0.0019013841139397,0.0067413511568556,0.0030364654638472023,0.003858184248303579
686993,2025,"Sterner, Justin",R,1092,59,3,1.4395353139477212,1.3712368493454898,1.3463972147444718,0.0021460226195272,0.0028527187492622,0.0661524419827041,0.0132563314044695,0.0327991305735326,0.0058492514877265,0.031703832058949,0.0340875475104245,0.030006612859591414,0.005425287284082083
686993,2026,"Sterner, Justin",R,726,46,3,1.5779603282618686,1.5025958398674226,1.493925841311578,0.0002538455475307,0.0013424758112679,0.075110642846915,0.0130430745795155,0.0115919317707983,0.0033051056553373,0.0072585580218966,0.0154287731109716,0.011592796128551389,0.003207427764965808
687064,2025,"Young, Brandon",R,939,12,6,2.25595960387223,2.0447566378541255,2.033686795749691,0.1228635102895949,0.0232279930592025,0.0883394557285094,0.0229133649950084,0.0152190069342078,0.009094410666427,0.0153789939681175,0.0150685645812984,0.01454021340093047,0.007706622423019702
687064,2026,"Young, Brandon",R,2530,28,5,2.1624767793908704,1.7975373222809423,1.796675978715038,0.2543201501677901,0.0170184027624969,0.1106193069421379,0.0107855140890877,0.0011728736392557,0.0067661436292823,0.0096673049253105,-0.0069460143688891,0.0033202832083814634,0.006029804056027145
687075,2025,"Sproat, Brandon",R,290,4,6,2.4339936819268218,2.2816933004631275,2.2733620891483457,0.1218586048872247,0.0311408347878247,0.0304417765764698,0.015495518421894,0.0117284042780901,0.0062090150251751,0.010042675467535,0.0139888133649709,0.01189589066763237,0.005708633692488818
687075,2026,"Sproat, Brandon",R,1727,22,6,2.448029785475824,2.2213206658221822,2.206665658648186,0.1429758331303369,0.0250672135177098,0.0837332865233048,0.0148928873952136,0.0193643438328165,0.0082941369817094,0.0288722640513189,0.0099864711552967,0.017190140105225665,0.007036495312077368
687134,2024,"Blalock, Bradley",R,551,7,5,1.9732266373763037,1.877798648399626,1.874352748870869,0.1028831970994805,0.0261107255948615,-0.0074552081228033,0.0088773555878958,0.0046997293077853,0.0072238194909945,-0.0051973792429998,0.013399978219871,0.005749446321179055,0.006771992127439088
687134,2025,"Blalock, Bradley",R,1033,14,5,2.0778360650243592,1.8446855473392376,1.843870570352799,0.2040140274477006,0.0255889415612414,0.0291364902374208,0.0137014295047026,0.001110648056716,0.006061817085032,-0.0104278447293777,0.0129576566927053,0.00284833099880958,0.005593604497850568
687209,2026,"Maxwell, Zach",R,291,12,3,1.4302656876448243,1.4412283458983692,1.4412363395671597,-0.0006272645409289,0.0071827195930534,-0.0103353937126154,0.0144247738668939,-1.0384632222893769e-05,0.0039303890349937,0.0013013104173175,-0.0021151976186947,0.000923784830357979,0.003769050659434322
687223,2025,"Palmquist, Carson",L,705,9,4,1.581623043943844,1.457854167792895,1.4497041651524545,0.0248852303843686,0.0106006450320849,0.0988836457665809,0.0233625563951783,0.0108410412481327,0.0052854070068952,0.0043851867306109,0.0183509128297397,0.011071692972505306,0.004966385592232993
687223,2026,"Palmquist, Carson",L,313,11,4,1.8432517823251064,1.757613155916269,1.7527813733781687,0.0417803345745842,0.0169755897853039,0.0438582918342524,0.0166430840153469,0.0064630253607928,0.0056227946685554,0.0085283848549515,0.0027055641123837,0.007243835397630269,0.005178475323784079
687239,2026,"Peoples, Ben",R,282,16,3,1.2024147607962703,1.1613776660058892,1.1639085268260267,0.0487962899435609,0.0154121346706114,-0.0077591951531798,0.010631133712321,-0.0033350595854149,0.0023428915461288,0.0018621855054099,-0.0107765696018233,-0.0028847811414575986,0.0023073194914920783
687273,2026,"Mathews, Quinn",L,867,9,5,2.1649944327095256,1.9063057309124976,1.907313218745761,0.2108107836556915,0.0390271979439395,0.0478779181413364,0.019200474061489,-0.0013335754983811,0.0044460751043848,0.0028283092832289,-0.0063194576025247,-3.131717592281397e-05,0.004216427822846668
687309,2026,"Hjerpe, Cooper",L,254,4,4,1.7893297966734178,1.6673410718546018,1.66782195297568,0.1027819822718895,0.0193815628650288,0.0192067425469262,0.013252578605871,-0.0006137879635869,0.0031974856461279,-0.0042618118019364,0.0030710846004023,5.476602534282109e-05,0.0031087926431858444
687312,2026,"Hughes, Gabriel",R,1142,14,6,2.181865170333535,2.1243185610798316,2.1242489736941894,0.0470538936180301,0.0192748322992464,0.0104927156356734,0.0094696194901479,9.251314831624352e-05,0.0079554618401427,-0.0022236835786853,0.0021395027995917,0.0031295304206740288,0.006826132284545395
687330,2024,"Kelly, Kevin",R,1033,68,4,1.3771994716234932,1.158463893283723,1.1579780855063342,0.1076107384477936,0.0143318206751179,0.1111248398919765,0.0122243606917448,0.0006655695411705,0.0047024809728747,-0.0026491843775506,0.0047452666719042,0.0013665062540500744,0.004570833110493111
687330,2025,"Kelly, Kevin",R,588,41,4,1.6060820657173511,1.3083536858295466,1.296626026097143,0.1122879567160696,0.0242501524780005,0.1854404231717349,0.0208403734309135,0.016497282111611,0.0056091818337753,0.0156646032837231,0.0175562323601205,0.01601832050591158,0.005232086874640197
687330,2026,"Kelly, Kevin",R,987,71,5,1.546160127437137,1.2201897586981854,1.2013828020087187,0.0383775934282907,0.0145275928216473,0.2875927753106609,0.0212262096629394,0.0261443186654978,0.0089740789073125,0.0238864838063967,0.0288189845755097,0.021592239342019183,0.007437526099931682
687362,2025,"Gillispie, Connor",R,471,6,5,2.0449901628636766,1.9615940152822848,1.9481264710168584,0.0810779525782397,0.0245589200248708,0.0023181950031522,0.0054049219282691,0.0182801537435612,0.0045771216005231,0.0196773035451635,0.0166846431676574,0.017785499618575527,0.004365222915652791
687377,2025,"Ribalta, Orlando",R,501,22,4,1.968366238362177,1.813521538316322,1.8069970556128092,0.0844116033860251,0.0249214140403585,0.0704330966598294,0.0143172625439822,0.0085794378857217,0.0054321727416159,-0.0040386376363805,0.0173279702477126,0.009099334941454528,0.005087551293004573
687377,2026,"Ribalta, Orlando",R,750,45,4,1.9111141633182815,1.595782879460238,1.593335450874432,0.2527016865741186,0.0234374104945851,0.0626295972839253,0.0122837762147663,0.0032090409778918,0.0057768177861674,-0.0008455198291161,0.0067834564261751,0.004543344844466781,0.005298042493967364
687396,2025,"Headrick, Brent",L,366,17,3,1.2799047100275347,1.1054883873030124,1.1040825453163192,0.1208514487191713,0.0166969018948628,0.0535648740053512,0.0149389094840374,0.0018710478804713,0.0076442142315842,0.0014884753004069,0.002245363498376,0.004246550535156771,0.006763566800352008
687396,2026,"Headrick, Brent",L,1282,81,4,1.7192247588643408,1.4652246121833998,1.4511897081737293,0.1655489274367395,0.0226451634777462,0.0884512192442016,0.0129906797653189,0.0188208650004156,0.0077599974486147,0.0163268791280721,0.0219368802903317,0.01698694320407856,0.0067014492159742055
687424,2024,"Maldonado, Anthony",R,297,16,3,1.1959094672020103,1.165461055996214,1.16847391144124,0.0435941724139951,0.0215354398131634,-0.0131457612081985,0.0069113397491065,-0.0041235855630081,0.0025123223578519,0.0006417583429291,-0.0081965290723562,-0.003836736744380117,0.002491630063990026
687473,2025,"Gusto, Ryan",R,1760,27,6,2.297818118662685,2.1182947733443016,2.1176877297026793,0.1795742953748943,0.0408231707263605,-5.095005651095158e-05,0.0087698865434444,0.0008180680009611,0.0071151591700746,-3.8798803776414096e-05,0.0017042978426212,0.003141641024852272,0.00638883250497946
687473,2026,"Gusto, Ryan",R,1436,23,7,2.7120432570406323,2.5963307429228895,2.5819400474745593,0.0988799340941176,0.011201929811229,0.0168325800236251,0.0123594096564581,0.0198320908481784,0.0055152026475011,0.0219895930850956,0.0178796893723575,0.018623880027574605,0.005094061369831872
687562,2026,"Bennett, Jake",L,1618,20,6,2.1349081317567884,1.996848000857837,1.999363572014105,0.0885589939775145,0.0188609470033325,0.0495011369214366,0.0129299020567598,-0.0034937288676748,0.0055343601413903,-0.0083836874270535,0.0011586940162902,-0.0012624712952456051,0.005109145288259579
687570,2026,"Prielipp, Connor",L,2067,24,5,2.234636233484847,2.0963894579330753,2.0866040361153835,0.0546807232405274,0.0063716012304655,0.0835660523112447,0.0123947326121201,0.0132112781823432,0.0059701986832486,0.0125441313284848,0.0138740816322052,0.012941900533037544,0.005446024031015445
687606,2025,"Schultz, Paxton",R,448,13,4,1.930309356689418,1.824022588662282,1.8213771676010175,0.0472456915571076,0.0181436333310243,0.0590410764700282,0.0194790697596437,0.0035063569096047,0.0044115173752771,0.0114771161588389,-0.0047525020715294,0.0042932094654284745,0.004220869961114383
687606,2026,"Schultz, Paxton",R,610,27,4,1.7387598415694927,1.59177100719538,1.589578664308436,0.0358827735827712,0.0090832056994725,0.1111060607913412,0.0138240295121194,0.0029327393882367,0.0056477880215598,0.0096731250545486,-0.0074979132909162,0.004259376450747784,0.005197979771144234
687765,2024,"Spence, Mitch",R,2480,35,5,1.9104099825564136,1.624872887742851,1.6214580557111715,0.1301877228120916,0.0101452063876168,0.1553493720014706,0.0148130831087785,0.0046404292814059,0.0043217242846147,0.0058204423896157,0.0033870820252282,0.005050628255651097,0.0042188700278836845
687765,2025,"Spence, Mitch",R,1353,32,5,1.878797522295828,1.7321571834545222,1.7302198831877011,0.0485375407351705,0.0189289346965706,0.0981027981061357,0.017968742549503,0.0026773925035836,0.0057204458372365,0.0056549532203643,-0.0004819561306427,0.004039805199823273,0.0053220355632876346
687792,2024,"Herz, DJ",L,1586,19,4,1.5920874621573309,1.466086101406583,1.4666679076599332,0.0839359028564248,0.0150217336928185,0.0420654578943232,0.0082388025331156,-0.0007663992672872,0.0034982002783968,-0.000497604892136,-0.0010604369402788,-0.0003238443240430964,0.003442976227857456
687830,2025,"Gipson-Long, Sawyer",R,463,8,5,2.2931157074712516,2.0107510927182597,2.009751264264286,0.2359118504779648,0.050970350393775,0.0464527642750274,0.0113490481646492,0.00140705341699,0.0048683161483946,-0.0068541458805834,0.0143797179389608,0.0025602471813530436,0.004615613389887259
687849,2025,"Kent, Zak",R,308,12,5,1.9174012976228685,1.8252371667700673,1.8165465726755112,0.0567578042277841,0.0433862194220716,0.0354063266250169,0.0153653099035491,0.0115375128496692,0.0073745452996741,0.0065207956554306,0.024155316701845,0.01179883457334109,0.0065746261186606005
687849,2026,"Kent, Zak",R,294,11,5,1.666267696294403,1.6047018715856836,1.6056816816373116,0.0312834721651293,0.0109699779356607,0.0302823525435902,0.0186001372784838,-0.0013336303480495,0.0046159619488956,0.0012935621327693,-0.0038652885568386,5.913924414200668e-05,0.004360485206634402
687863,2024,"Hodge, Porter",R,642,39,4,1.070332143100044,1.0347981292306727,1.0366668571934607,0.0212300634374152,0.0127263922613172,0.0143039504319561,0.0086006905410019,-0.0025098814897699,0.0034134998955714,-0.002144197102233,-0.0028755658773067,-0.002035787855472298,0.0033621329610263708
687863,2025,"Hodge, Porter",R,624,36,4,1.5332947921315163,1.5045703957320888,1.429163272424791,0.0122248639039824,0.0185114831069763,0.016499532495445,0.0118282831743719,0.0984394245685227,0.013960800974746,0.0870775923516816,0.1078858521204556,0.05729038412804385,0.010061908183335619
687888,2025,"Walter, Brandon",L,814,9,5,2.2986378197413897,2.047820287801099,2.0467164499700385,0.1088592440482691,0.0318568409800015,0.1419582878920214,0.0256422983201073,0.0014950482437325,0.0050555664943425,-0.00220997759279,0.0058578504063043,0.002719356158548571,0.004774255194372802
687911,2024,"King, Bryan",L,416,28,4,1.5487410597341245,1.422314088341562,1.401907814906287,0.0954396637576366,0.0265389517436425,0.0309873076349256,0.011975049657628,0.0276514975539889,0.005801865572266,0.0173167358353694,0.0358709571664582,0.026484293894437384,0.005559861394597433
687911,2025,"King, Bryan",L,1046,68,5,1.2867734811617553,1.2736166583885122,1.262406325927036,0.0204110362284347,0.0106873768285312,-0.0072542134551917,0.0112528385401018,0.0152088297726384,0.006406885337802,0.0111804680290253,0.0195520769355636,0.014817849768205035,0.0058612772327483725
687911,2026,"King, Bryan",L,1067,60,5,1.5053472049796683,1.3584645431917362,1.3253561601513453,0.1093236520910062,0.0218459804624255,0.0375590096969258,0.0099881249554192,0.0447172717773383,0.0101153173496726,0.0389433129665267,0.0511396430749255,0.0325735388189141,0.008049378826921345
687922,2025,"Lucas, Easton",L,438,6,5,2.032564655047465,1.896667829693602,1.883215706930141,0.1347608897113563,0.0340072010706523,0.0011359356425069,0.0172285737959688,0.0178546356678661,0.0094648615260205,0.0098711321352703,0.026545538247654,0.016349904802364864,0.007928185355235541
687924,2024,"Aguiar, Julian",R,530,7,5,2.2138787667252577,1.8282669730468424,1.8159552861747197,0.3277140358523215,0.0674283246531416,0.0578977578260934,0.0375554392392479,0.0167312667749362,0.0048478915762708,0.0112199176491719,0.02386360093769,0.016534265367234825,0.004704025453682137
687931,2025,"Whisenhunt, Carson",L,408,5,4,1.5190112781344394,1.4709903215743525,1.467923244172608,0.0369431841990346,0.0126361467275673,0.0110777723610527,0.0137412079248965,0.0040894365356588,0.0028188179903676,0.0064555679033899,0.0006632783151842,0.004406422818684936,0.0027671197464943192
687931,2026,"Whisenhunt, Carson",L,617,8,5,2.0776784138650384,2.0219873962342825,2.0093191713186647,0.0619800017693668,0.0237821534707552,-0.0062889841386103,0.0079952707528719,0.017292687550744,0.0066085233498509,0.0173676603334968,0.0172163759682993,0.016165670884371923,0.0059174443340564275
687941,2026,"Gamboa, Alec",L,466,21,5,1.7504145717369908,1.6871999680604393,1.687739386702759,0.0819447843284663,0.0355944472157038,-0.0187301806519149,0.0181309257320715,-0.0007526020578475,0.0086016619789538,-0.0100170909554173,0.0189019678463425,0.00289574419331806,0.007221357626611051
688107,2024,"Gasser, Robert",L,399,5,5,2.2692028289552924,2.234522087546282,2.2333498868193296,0.0230004291734702,0.0147109387410481,0.0116803122355402,0.0220650641418886,0.0016410810177331,0.0029472457330823,-0.0037941452521891,0.0091145171388762,0.0019040747438921323,0.0029139932330465947
688107,2026,"Gasser, Robert",L,1817,21,6,2.3144245302718662,2.193242200082533,2.1961316211345268,0.0442183454289491,0.0104164404988192,0.0769639847603843,0.0152823227252865,-0.0038774579405265,0.005743055820603,0.0023509052723224,-0.0101612665232227,-0.0014413527540776995,0.005271962211264318
688138,2025,"Evans, Logan",R,1338,16,6,2.493003013715009,2.2440018202314764,2.23886739776855,0.1358420686068273,0.0195406439536136,0.1131591248767052,0.0166149457298794,0.0069603416974627,0.0049432331288142,0.0103908656344452,0.0035781349990293,0.007568424362712144,0.004679309771104257
688158,2025,"Morgan, David",R,766,41,5,1.9760438173271544,1.8482379641973856,1.8411114577781944,0.0839846719640253,0.0215889717000496,0.0438211811657439,0.0155674456069525,0.0095102855698608,0.0081842907290126,0.0047840390146307,0.0142695828003023,0.010306588948222414,0.007129078053064132
688158,2026,"Morgan, David",R,597,32,4,1.988771402499452,1.8972925554364055,1.8769349005260951,0.0603047112119283,0.0203898716471412,0.0311741358511179,0.0123198174123583,0.0278750458290262,0.0070398473074385,0.0260660869788862,0.0300294340073336,0.024311043828000856,0.006221102851630799
688297,2024,"Roycroft, Chris",R,596,27,3,1.523206791468919,1.3796768343412569,1.3815545397978417,0.1314857029924717,0.0230478962104424,0.0120442541351902,0.0136481902235747,-0.0025376699594666,0.0033548033444617,-0.006751983150296,0.0026344416838239,-0.0020784712237161395,0.003306003562353377
688297,2025,"Roycroft, Chris",R,394,20,3,1.531992953692736,1.3799319620033237,1.3847472551255695,0.141591107631048,0.0266344207509664,0.0104698840583641,0.0081272093745905,-0.006497347569058,0.0025055209428304,-0.0070443588392274,-0.0059865622108203,-0.005938652211949103,0.0024690060116957704
688297,2026,"Roycroft, Chris",R,695,27,5,1.7777473180843342,1.648549135507724,1.6431788610045208,0.0802595820675396,0.02386065074908,0.0489386005090709,0.0189740940678425,0.007376167548866,0.004932495894266,0.0071201313927152,0.007669090269886,0.007888276956064956,0.004624333461735084
688497,2025,"Rashi, Taylor",R,319,10,4,1.6427746804088814,1.4154961245796356,1.4068380815229142,0.0836359680802767,0.0157997642755779,0.1436425877489691,0.0291013315939838,0.0112272997361547,0.0065493801227338,0.0165002181332407,0.0047080551724847,0.011495227744485498,0.005969785475620045
688642,2025,"Agnos, Zach",R,527,30,5,2.0031232746747256,1.757556388695385,1.745728468837515,0.1374899314621156,0.0342030672910736,0.1080769545172243,0.0243565012961635,0.0160239428408679,0.0073407498687178,0.0173580899095709,0.0144424538998774,0.015369562248253232,0.006550644552521753
688642,2026,"Agnos, Zach",R,1502,41,6,2.5298312087200516,2.388889608517285,2.3926619513374217,0.0277365462168505,0.0104443473656165,0.1132050539859156,0.0139790870957888,-0.0051650491484456,0.0047858360027568,-0.0104402205971028,0.0001973953572665,-0.003240126765224536,0.004502830294267534
688883,2026,"Pallette, Peyton",R,442,16,4,1.568672513630739,1.4811731013770024,1.4794128763591976,0.0699750816101724,0.0264253057288442,0.0175243306435639,0.012613315374216,0.0022551288633906,0.0046540927134764,-0.0058256554104678,0.0077076968928389,0.003276515865920376,0.004392585795293592
689017,2024,"Knack, Landon",R,1149,15,5,1.9117150317154896,1.8154737781737824,1.806938820275489,0.0617673353808101,0.0302430989068786,0.0344739181608965,0.0213059409201567,0.0113634607475542,0.0085975180518204,0.0113590672418376,0.0113688900279346,0.011690043958080473,0.007863768549908322
689017,2025,"Knack, Landon",R,773,10,4,1.7795620383056874,1.6722985761982747,1.6525691458323089,0.0623967199370683,0.0288652799456944,0.0448667421703444,0.0077191111409834,0.0259368191715842,0.0065839292087481,0.041991756843679,0.0118310432615967,0.02369699604981825,0.005995914926670257
689147,2024,"Kerkering, Orion",R,1087,64,3,1.4081330668870085,1.309630550819341,1.306686827251071,0.0921131590954163,0.0148326171135563,0.0063893569722505,0.0067910382950123,0.0038598643168999,0.004507654190223,-0.0059919948616865,0.0131798156055627,0.004344054776486526,0.004391307636807823
689147,2025,"Kerkering, Orion",R,1073,69,3,1.4955411958238558,1.3562098373114548,1.357834452733716,0.1247622889487619,0.0161975655443019,0.0145690695636389,0.007539625595948,-0.0021547742250757,0.0053651349492705,0.0043432769568416,-0.0089653898942247,-0.0003557853893451559,0.005032354940397794
689147,2026,"Kerkering, Orion",R,1093,62,4,1.7514529392834703,1.5077597569093106,1.5062121840983131,0.1929478784070074,0.0204970301062117,0.050745303967152,0.0113630842946596,0.0020478172910657,0.0049387107229981,-0.0033708519933878,0.0064230666695413,0.003207480176409868,0.004629453544882213
689149,2026,"Dallas, Chad",R,260,6,5,1.7213089332217832,1.5438987159428752,1.5421861390157323,0.2175680469854752,0.0301524999100644,-0.0401578297065671,0.0105766803287281,0.0022717857196789,0.0055596422093624,0.0063603005740522,-0.0059681442175962,0.0036618782184916297,0.005129016071365285
689225,2024,"Brieske, Beau",R,1152,46,4,1.9118458106507752,1.6760946639489858,1.6725263397509669,0.2083041721262521,0.0243647362525898,0.0274469745755377,0.0115598099906849,0.0047303906514585,0.0061139083182493,0.008481626455472,0.0011231074629489,0.005506332063153926,0.0058326346366518265
689225,2025,"Brieske, Beau",R,405,22,4,1.7864281350386455,1.550263365233905,1.549364447417778,0.2241113813801515,0.026948940034857,0.012053388424589,0.0164104104697,0.001201523813635,0.0056395920040078,-0.0034096179353879,0.0060949803636187,0.0027242923590457113,0.005256740778221986
689225,2026,"Brieske, Beau",R,387,18,5,2.16997911439229,1.9100267252253853,1.9065522195706677,0.2273247786556259,0.0291936779873836,0.0326276105112785,0.0137531697145683,0.0047180129416694,0.0069442950806236,0.0086964732532794,-0.0002315676034831,0.006195216742116433,0.006154867963803784
689254,2025,"Fluharty, Mason",L,859,55,3,0.9998010168259048,0.9709675795853772,0.9611756904377862,0.0221478061871452,0.0112513322262273,0.0066856310533822,0.0064288256570696,0.0130003597801867,0.0053075017517515,0.0056926704245656,0.0193576271097877,0.012978046410318647,0.004984702656331316
689254,2026,"Fluharty, Mason",L,1034,83,3,1.3730279955124671,1.2221740979629456,1.2225132704270372,0.1258990536660106,0.0132974674788691,0.0249548438835105,0.0083806025971778,-0.0004548694265505,0.003811080956013,-0.0037225163721682,0.0031422133146744,0.00046145770260660676,0.003663457279626972
689266,2025,"Dodd, Dylan",L,536,28,4,1.4563318594241896,1.4299379585784908,1.4120891135805351,0.0111364381666784,0.0071292358399756,0.0152574626790203,0.0144684318309248,0.0240376404997593,0.0079617714500145,0.0322168397997775,0.0132905530474098,0.02144103728545141,0.006980558375581211
689266,2026,"Dodd, Dylan",L,779,48,4,1.1996033331670015,1.1785831501816917,1.1657319037720857,0.0127758977911503,0.0114051226145433,0.0082442851941596,0.010042977509585,0.017083824152019,0.0048728316334516,0.0132929629560869,0.0207225437614922,0.016434887903210137,0.004575060033599999
689296,2026,"Nunez, Anthony",R,993,52,5,2.135459219955106,1.7163463634427891,1.7053488516710336,0.3096059293113978,0.0252867579216059,0.1095069272009185,0.0167287352532733,0.0147774413929002,0.0079514862171553,0.0164245526680278,0.0130433992449187,0.013941757417064493,0.006823620288413623
689441,2026,"Crow, Coleman",R,295,5,5,2.194949114575337,1.941204552527979,1.9351760476998283,0.1983347647684967,0.025271441783456,0.0554097972788603,0.0164421191712677,0.0084686139252599,0.0016571249038305,0.0068719976524787,0.0102248918253192,0.008516647903114965,0.0016443936811809438
689520,2026,"Laweryson, Cody",R,296,15,3,1.226809952200691,1.0455733744477311,1.0393763684085868,0.1980621327135602,0.0230420485928684,-0.0168255549606004,0.0106092411102393,0.008414283429297,0.0034829204688365,0.0080982648943818,0.0087803643063769,0.00861941672051498,0.0033691654005320003
689546,2026,"Davila, Nick",R,446,24,4,1.2856534411372882,1.2259241607306932,1.2260760487029498,0.0462403648796121,0.0202661133205187,0.0134889155269827,0.0111493452708654,-0.0002071621884597,0.0049535388364705,0.0018559073348067,-0.0024410591244808,0.0012336358437738289,0.004641660205872108
689672,2024,"Thorpe, Drew",R,721,9,5,2.0483739467919633,1.9104533746177383,1.9064878398444187,0.0717549066668388,0.0182618157340324,0.0661656655073858,0.0139663147411506,0.005384464353227,0.003709662281943,0.0120125051817399,-0.006609133336463,0.005664383789399975,0.003643998558790831
689690,2025,"Jacob, Alek",R,586,29,4,1.8186687944710207,1.6890606991742851,1.689272718863916,0.1234346980311547,0.0200162861516125,0.0061733972655803,0.0156757461768528,-0.000286936577653,0.0043474239681249,0.0014539228283099,-0.0031991149666405,0.0007913717581186294,0.00416462900795178
689818,2026,"Sandlin, David",R,638,8,6,2.450246359574903,2.3405011428274647,2.3491989141913345,0.0848631631695614,0.0345986629223779,0.0248820535778777,0.0197170558985517,-0.0117816945438417,0.0053744457099391,-0.0063275891187626,-0.0170760562953829,-0.008494972749772817,0.004982527301331565
689981,2024,"Ryan, River",R,295,4,6,2.2788801890220776,1.9356184097591769,1.9329388230274904,0.3306054396038726,0.0321118806819293,0.0126563396590283,0.0125493996517521,0.0037111647222887,0.0049356524293962,0.012776052947705,-0.0051019210524215,0.004294835646333069,0.004784074856510627
690279,2026,"Adams, Mason",R,468,6,6,2.3559457238200334,2.279453295355542,2.284461720063508,0.0174214316392899,0.0170070544558817,0.0590709968252014,0.0117300545242597,-0.0068137871026984,0.0047483441500015,0.0025894441414218,-0.0164382708466804,-0.004728897098141213,0.004471561951035931
690544,2024,"Horn, Bailey",L,303,18,4,1.5483424367608951,1.5173634007737746,1.5110691795067206,0.019223765313139,0.0146028494275899,0.0117552706739816,0.0118462818557285,0.0087887052715088,0.0054898089924642,0.0128350651455788,0.005064621847586,0.009126051987995078,0.005283457569237262
690829,2024,"Joyce, Ben",R,541,31,4,1.6637719496415757,1.4949209767329634,1.470556651892656,0.0338685182125092,0.0161411778656438,0.1349824546961029,0.020117869860619,0.0331183410517745,0.0129270414473254,0.0353344204834653,0.0308572650833997,0.027066735633364848,0.01076665663286523
690829,2026,"Joyce, Ben",R,259,16,3,1.222141488958896,1.0634460063172304,1.064685609398426,0.0942219694319857,0.0202651376936389,0.0644735132096795,0.0177353507439912,-0.0016215010001496,0.006849448746144,0.0035174205492507,-0.0080451529369,0.00115431923303402,0.006088540006609114
690916,2024,"Fitts, Richard",R,314,4,4,1.8061168783642745,1.5851855564954926,1.5858816867164345,0.2006230495659054,0.0365175587004631,0.0203082723028758,0.0218403679507739,-0.0009545191675792,0.0043675331173625,-0.0081437682815915,0.0049224066954624,-0.0002675154310048961,0.004261453467263374
690916,2025,"Fitts, Richard",R,735,11,6,2.2173006566449023,1.8290495695686997,1.8271433717966008,0.2923228888148419,0.0277234277517218,0.0959281982613609,0.0172578741028807,0.0026041921235926,0.0097734952404801,-0.0023340940277463,0.0071207029452799,0.005788342285848349,0.008106946304606684
690925,2025,"Beeter, Clayton",R,465,26,2,1.0071024859764888,0.9536766504159212,0.9418698187130502,0.0046150249161719,0.0040407822898375,0.0488108106443955,0.0103580359568167,0.0152082458222578,0.0037671195119608,0.0121150113426149,0.0193192542274607,0.015056969068918055,0.003646313288728838
690925,2026,"Beeter, Clayton",R,796,50,2,1.0053422125949798,0.9517955625489604,0.9410801640856026,-0.0002218527065228,0.0006437938155253,0.0537685027525424,0.0084466190929425,0.0145305914426452,0.0051484411147163,0.0048008953391088,0.0242934947001186,0.014149130855837905,0.004800858118561189
690928,2025,"Dobbins, Hunter",R,931,13,6,2.166853640030791,1.9754339201907103,1.980653937932619,0.121050976442772,0.0404223695442716,0.0703687433973079,0.0185562862422054,-0.007189107274728,0.0056826816549006,-0.002586618451043,-0.0128888782020728,-0.004530896945198714,0.005291584592318536
690928,2026,"Dobbins, Hunter",R,932,11,6,2.486136575493386,2.2463698527066183,2.246238176861815,0.2029700856847908,0.0205011989710653,0.0367966371019769,0.0166103222302985,0.0001753169819381,0.0065813046350243,-0.008272944387492,0.0103825223588837,0.002426211247350917,0.005897878950570146
690953,2025,"Abel, Mick",R,720,10,6,2.244582270823611,2.006393655688919,2.003950651121521,0.2292470163565116,0.0459860994562711,0.0089415987781804,0.0126748299386136,0.0032215444844807,0.0061215901192242,0.011571218146635,-0.0062370702109284,0.004669693941101649,0.005640466004872559
690953,2026,"Abel, Mick",R,357,4,6,2.28950542363658,2.024687022714986,2.024051283319236,0.2288381973541057,0.0472703203905757,0.0359802035674881,0.0109363867189668,0.0008564489218218,0.0044452499289227,0.0042143864899243,-0.0028479425223546,0.001937951942944379,0.004215724002043681
690978,2026,"Fulton, Dax",L,479,16,5,2.15200041951158,2.1372558913891044,2.1406946765156856,0.0047500177171538,0.0091993353566636,0.0099945104053222,0.0163709528292089,-0.0046139441894465,0.0058806816948667,0.0026808137733166,-0.0116281345382571,-0.0019584563740464283,0.005377819503053769
690986,2024,"Harrison, Kyle",L,2078,24,6,1.4481412148569643,1.4148584157336568,1.4116626043172018,0.0147453207061674,0.0112228381378232,0.0185374784171401,0.0092505259296018,0.0043066771228229,0.003200746653685,-0.000573237976565,0.0094066414441992,0.004545355706465108,0.0031582829584256645
690986,2025,"Harrison, Kyle",L,587,11,5,1.6126011178826782,1.502186219388352,1.4930330019891171,0.0627857582507304,0.0158078004337262,0.0476291402435959,0.0191430413801617,0.0124373579012747,0.0040795578715221,0.0106346935311272,0.0140205674785347,0.012464725571092489,0.003927381328799078
690986,2026,"Harrison, Kyle",L,2106,28,5,1.4153500180170886,1.3533502716587134,1.34990407896315,0.0424400827766602,0.006297084137163,0.0195596635817153,0.0082170077208573,0.0045388879404977,0.0046241673823665,-0.005106378812941,0.0153754027790225,0.005302015856266493,0.004367400245602721
690990,2025,"Horton, Cade",R,1788,23,6,1.9346173041538783,1.5262205310324852,1.5270426331343407,0.3459893523226043,0.0264467248532528,0.0624074207987888,0.0116889202403077,-0.0011246507713218,0.0050913466406707,-0.0017815665331664,-0.0004806742593317,0.000402157026324566,0.00480435404264938
690997,2025,"McLean, Nolan",R,738,8,6,2.4532211573887057,2.2733027863975397,2.266428233605132,0.0734498730721052,0.0156639380237126,0.1064684979190605,0.0148995023452427,0.0092076587310293,0.0075505811537176,0.0236749696557914,-0.0052072344005271,0.009975119455750482,0.006698450779769283
690997,2026,"McLean, Nolan",R,2914,31,7,2.524828307495134,2.3224278645846694,2.308193556359219,0.0211330044311322,0.0067334187956707,0.1812674384793325,0.0119177689841788,0.019158787145017,0.0049553943781596,0.0235763982308401,0.0145875561248184,0.018237156771054065,0.004643186767249619
691172,2024,"Zulueta, Yosver",R,286,12,5,1.307713577884141,1.217190224134482,1.2153141976596216,0.0258255390941151,0.0114295098443522,0.0646978146555437,0.032909808286914,0.0024725510221662,0.0066572142526555,-0.002205194973315,0.009462286417713,0.0036141206476427816,0.0062986115360333505
691251,2025,"Lara, Andry",R,255,9,4,1.763425784049496,1.682036093491157,1.6850052697804736,0.0606996428762265,0.0302319251833114,0.0206900476821125,0.0170395440935236,-0.0042776268574908,0.0056668552910882,-0.0031987554341025,-0.006381426133098,-0.002017339933331459,0.0052787990432532185
691384,2026,"Perales, Luis",R,250,6,4,1.9526189206942268,1.8041124938265911,1.7958157269809878,0.0365824909251166,0.0108776299289637,0.1119239359425194,0.0230080508753948,0.0109167984810566,0.0034722772399741,0.0131413148440632,0.008644951982667,0.010960879590758171,0.0033595284966108294
691587,2025,"Pérez, Eury",R,1673,20,7,2.0119046284168514,1.823223056931235,1.8068916293892288,0.1070756348644813,0.0264701840778632,0.0816059366211352,0.0117604877553453,0.0212460950838076,0.0048845282996659,0.0170227351443027,0.025129064819233,0.02038803643421294,0.004629422734077571
691587,2026,"Pérez, Eury",R,2673,30,6,2.3616022067739,2.2045101064411954,2.185753745439304,0.0761536396184218,0.0126452365500761,0.0809384607142829,0.0106460011934863,0.0249307573138018,0.0068870218334152,0.0272992431379016,0.0226569185840374,0.02211060588680923,0.006114885059024679
691725,2026,"Painter, Andrew",R,2126,25,7,2.600818825446384,2.389309477091675,2.372970503310159,0.1613249899673057,0.0200053198635291,0.0501843583874034,0.0105994219457092,0.0220830631020363,0.0063431986062526,0.0190817378549099,0.0254443855823086,0.020139618409894127,0.005724683519885788
691769,2026,"Abner, Philip",L,313,13,5,1.7208823674956553,1.6087723608653002,1.6060897161330694,0.1056568338435571,0.0421473128683629,0.0064531727867977,0.0189821187961677,0.0036989770977454,0.0055637245337637,0.0050930825562001,0.0020206365458193,0.004878015602253203,0.005132220849149221
691799,2025,"Taylor, Grant",R,610,36,4,1.644534336420095,1.5038521958505895,1.4927595909076117,0.0817815761083475,0.0183570921668347,0.0589005644611578,0.0141279705549194,0.0149370618437452,0.0057545296839409,0.0220245684010742,0.008534482390696,0.014648298629138131,0.005349449398726409
691799,2026,"Taylor, Grant",R,1333,60,5,1.867283324736825,1.6884085455541344,1.6681602746088882,0.1512862184705142,0.0259564228027822,0.0275885607121759,0.0093200452436835,0.0270721616549784,0.007129632635488,0.0220131828773279,0.031458504677548,0.023616512725978728,0.006282804188778323
691946,2026,"Klassen, George",R,491,6,5,2.0622725930814076,2.011704258604732,2.006295850465509,0.033391179467251,0.0309085959176571,0.017177155009424,0.0102368875542752,0.0072754202639963,0.0071666742962028,-0.0016132143764934,0.0160191315136087,0.008251047209780957,0.006308108400241769
691951,2025,"Aldegheri, Sam",L,303,4,4,1.8267151947670373,1.6604101374163929,1.653641202569472,0.1096501331740294,0.0162338095701593,0.0566549241766142,0.0199004235426782,0.0089173359070309,0.0071438773035747,-0.0040456098373511,0.0208000361727145,0.009676648644411,0.006409598709302827
691951,2026,"Aldegheri, Sam",L,610,9,5,1.8928265315693835,1.778956777134577,1.7749155041144866,0.0986966784233503,0.0392077330092692,0.0151730760114565,0.0195068067310486,0.0053824815333082,0.0056534213625953,0.0103543165695335,-0.0028081137575832,0.006336055450370184,0.005202370486030377
692285,2025,"Guerrero, Luis",R,288,13,4,1.695973165469094,1.5503345239141104,1.546317160256498,0.0725251139882621,0.0229678563235739,0.0731135275667213,0.0165443621559146,0.0053564848768167,0.0051287010316427,0.0083636145233218,0.0024587053992754,0.006183913007911882,0.00483570307460957
693308,2026,"Frasso, Nick",R,390,20,4,1.6298205868899185,1.5735073386792424,1.5701081112804791,0.0211871145508986,0.0102798857573959,0.0351261336597776,0.0152529084147506,0.004555665585971,0.0049458427203932,0.0023255437085441,0.0071685695766876,0.00541325583940575,0.004635326347918895
693312,2024,"Nicolas, Kyle",R,950,51,3,1.4500418427598945,1.375890326091847,1.365347072478318,0.0337401599577583,0.0105086964168714,0.0404113567102892,0.0119927776011263,0.0142072211813513,0.0044111997586026,0.0187655817067778,0.0109654744970067,0.014165890270570705,0.004301985741665446
693312,2025,"Nicolas, Kyle",R,652,31,5,1.542985082331383,1.4786520358624202,1.4736013537904684,0.0312645993507661,0.0134941575658834,0.0330684471181971,0.0124552265350103,0.006789782909098,0.0063860760220319,0.0064194664221482,0.0072321519251827,0.007766337563284113,0.005845331717515595
693313,2025,"Seymour, Carson",R,621,16,5,2.0639709287187324,2.0146614115661756,2.007845377634985,0.0073741668799799,0.0178023271190044,0.0419353502725771,0.0106399663552987,0.0091027033790731,0.0069405757466045,0.0043378286762307,0.0132719687440602,0.009792845310141084,0.006261541278805026
693313,2026,"Seymour, Carson",R,530,25,6,2.1268496999508333,1.869247998431892,1.8515218314716215,0.1817457131954346,0.0425096868735965,0.0758559883235062,0.0276131614495856,0.0240894063819061,0.0084705105136688,0.0260684247487438,0.0223217394911385,0.02048397658215475,0.0071432287254053605
693433,2024,"Woo, Bryan",R,1716,22,5,1.961505370947677,1.8259801956951596,1.8108192678069104,0.0953767053122897,0.0195151783699826,0.0401484699402281,0.0094933913553929,0.0209301305359898,0.0067472789617288,0.0155560523197413,0.0257700878286051,0.02011746494846993,0.006374729060009053
693433,2025,"Woo, Bryan",R,2714,30,5,1.956438084417605,1.7904498116645913,1.7799574858276992,0.1161625278943721,0.0116712034898067,0.0498257448586415,0.0116439934970524,0.0143601474136792,0.0059557407635577,0.0182329503857105,0.0106141326341846,0.014136933815782167,0.005509934000953745
693433,2026,"Woo, Bryan",R,2667,30,6,2.110739465040838,1.91945196256383,1.9146428233417776,0.1518245922905871,0.0204053619005981,0.0394629101864209,0.010037907203322,0.0065572465773075,0.007310331454781,0.0036926874986733,0.0095597844178445,0.007729999497006411,0.006405410681516245
693645,2025,"Schlittler, Cam",R,1253,14,6,1.8129892723279,1.714372077476606,1.7192909410931336,0.1039249080003632,0.0190705582701978,-0.0053077131490695,0.0097471013565731,-0.0065082746689642,0.009896407450843,-0.00371856678091,-0.0093635526142162,-0.0003772823364460668,0.008176682778421292
693645,2026,"Schlittler, Cam",R,3040,33,5,1.8760574104352303,1.803023038979704,1.7899874006414258,0.0380212470594053,0.0106746724269225,0.035013124396121,0.0065139729890808,0.0173884776429863,0.0049365135026784,0.0250885387511435,0.0092933638947165,0.016687607811731942,0.004627643634010435
693686,2026,"Miles, Spencer",R,1502,49,5,1.86235438915226,1.7847898794371075,1.782135024770024,0.046484591892376,0.0086135617611227,0.0310799178227761,0.0087410567741183,0.003582741877771,0.0051563898919797,0.005834221540513,0.001227793480528,0.0046324224192352634,0.004807301271330308
693821,2024,"Elder, Bryce",R,864,10,5,1.838265700263692,1.718522181991046,1.6925555449934593,0.0841842047942717,0.029554231673805,0.0355593134783744,0.0228554052539963,0.035164850103315,0.0106244664221686,0.0242014601054657,0.0452063934947387,0.03015571170359961,0.009324458597693031
693821,2025,"Elder, Bryce",R,2514,28,4,1.772836156506359,1.6167700906204578,1.5955395822297789,0.0926853715411828,0.0128079021081346,0.0633806943447183,0.0079776253427678,0.0290705327310282,0.0062031084854886,0.0313217678010723,0.0270518632673937,0.026559508165534686,0.005704042163140768
693821,2026,"Elder, Bryce",R,2245,26,5,2.2730666444285466,2.0710024237049014,2.0775547874837836,0.1281950289046708,0.0173579824467889,0.0738691918189743,0.0116131786570105,-0.0091366811699319,0.0075434406002126,-0.0042867406626353,-0.0142084741019588,-0.004082915599928391,0.0065604873796743235
693855,2025,"Seymour, Ian",L,995,19,7,2.240261084435137,1.9950367592429712,1.979025105656784,0.1662820444241998,0.021355233522008,0.0789422807679666,0.0211230621001701,0.0211574971025977,0.0075117554564512,0.0177469655638786,0.0253449840510249,0.019394311020388116,0.006671298009365517
693855,2026,"Seymour, Ian",L,2123,47,7,2.27382200299424,2.137108911927638,2.110833850028031,0.0422606613295636,0.011329632082446,0.094452429737038,0.0119749055110517,0.0354396165265982,0.0078985617953821,0.0348336942370332,0.0360969017652123,0.029219649707260327,0.006790085323655993
694037,2024,"Palencia, Daniel",R,263,10,4,1.6634993859140013,1.5473598979879792,1.5427993177824184,0.0838791723347119,0.0323283302156907,0.0322603155913099,0.0152054758525825,0.0061826422374355,0.0050677412812172,0.0068122894212458,0.0054988318550179,0.006638896871637303,0.004904070137649325
694037,2025,"Palencia, Daniel",R,841,54,5,1.107423710599842,1.0628667237530198,1.0542488610976588,0.0390407270761656,0.0112383665875118,0.0055162597706565,0.0107685777845267,0.0115961959890538,0.0055593652464069,0.0239346589818834,0.0001336115420114,0.011751630736864645,0.005191587288436261
694037,2026,"Palencia, Daniel",R,477,32,4,1.3243129131627849,1.2972096213421695,1.2897224843090265,0.0605372868168525,0.0270929508133897,-0.0334339949962373,0.0112942308938906,0.010060181309322,0.0064714947424569,0.0181913285935615,0.001974714627803,0.010356564736012097,0.005818459340433196
694297,2024,"Pfaadt, Brandon",R,2792,32,6,2.1841696489676856,2.028433127776323,2.035332987032215,0.1310441605427234,0.0430512516243263,0.0246923606486391,0.0225005066872819,-0.0094805152767963,0.0106285616067341,-0.0226822752680318,0.0025301084746285,-0.00422936657952425,0.009327226592543985
694297,2025,"Pfaadt, Brandon",R,2918,33,6,2.5095467492070225,2.341274621277352,2.31230879983218,0.1274835535152519,0.0176359033036601,0.0407885744144184,0.0077028779132206,0.0392761463647828,0.0085215482382006,0.0401012883299626,0.0383773023988296,0.03249238116470698,0.007348668737738196
694297,2026,"Pfaadt, Brandon",R,2032,29,6,2.5427267830460085,2.2830052873878106,2.2806960844480746,0.1952667468673929,0.0220899424358822,0.0644547487908047,0.0121115700722754,0.0031898710901048,0.0070287937792539,0.0011788564392757,0.0056206020119028,0.005029298513180768,0.006213470868783963
694335,2025,"Svanson, Matt",R,964,39,4,1.5715818412383749,1.4281552064172516,1.4270021714489274,0.0986340663375246,0.016344148993411,0.0447925684835985,0.0106274307806105,0.0015226379581705,0.0045007229170316,-0.0030977148048397,0.0063500653548171,0.0025128177763682202,0.004298801649243768
694335,2026,"Svanson, Matt",R,788,41,4,1.607725914957735,1.5522160707333998,1.5363899710331426,0.0311266267641267,0.0083277191628212,0.0243832174602086,0.0083956144396297,0.0214646584574917,0.0061050371097084,0.0203604170124929,0.0228471002665404,0.0197472024600362,0.005547790791668925
694346,2026,"Gibson, Trey",R,711,9,6,2.4299425328205575,2.277902161397656,2.2741086477720205,0.0776582816177286,0.034569528679441,0.0743820898051723,0.0148517357940908,0.0051375013101471,0.0084063485523465,-0.011577029687547,0.0331940354848481,0.006985915487397081,0.00710462252559162
694350,2025,"Brzykcy, Zach",R,459,26,3,1.476723175379118,1.40021732045173,1.396183543156644,0.0686720052618393,0.0339539824473229,0.0078338496655492,0.009311315209984,0.0053051684196112,0.004577741521062,0.0112607187446462,-0.0024135382516512,0.005984231662604056,0.004365760652718086
694360,2026,"Way, Beck",R,389,19,5,2.031422870423472,1.8965647996367576,1.8913227278607736,0.049235944331374,0.0253295554145493,0.0856221264553405,0.0243299242091183,0.0071801616931604,0.0048951857148044,0.0109457631811911,0.0030240533841487,0.0077088862895399075,0.004593546272137906
694361,2025,"Klein, Will",R,305,14,4,1.599500939038948,1.5704997500779467,1.5672707785819773,0.0334230366993656,0.0246909750632013,-0.0044218477383642,0.0168735695000118,0.0041907927926414,0.0059791742911815,0.0065030473968282,0.0019368303213333,0.00544139300107671,0.005528473579189058
694361,2026,"Klein, Will",R,762,36,4,1.6493617109045369,1.437111181212842,1.426657565032281,0.1785958803885168,0.024444207728309,0.0336546493031782,0.0113293894302426,0.0139016675909029,0.0054356562046198,0.0169705075103446,0.0103598109921489,0.01357284296182015,0.005031182456904485
694363,2024,"Shuster, Jared",L,1290,39,4,1.7813190419643,1.5745051602836757,1.5774746995186166,0.1936927951082181,0.0226023593536425,0.0131210865724061,0.0072156952071654,-0.0039573405093737,0.0056452078445984,0.0013640500615396,-0.0101339545648983,-0.002612150665874176,0.005421546983198833
694363,2025,"Shuster, Jared",L,280,12,5,1.8422524129561992,1.6625254850086872,1.6610531121402057,0.1481230169601618,0.0437112671323618,0.0316039109873501,0.0136907790864327,0.002061322015874,0.004184063107467,0.0021076936823374,0.0020241411301511,0.002886055712748503,0.004020358838093898
694462,2025,"Waldrep, Hurston",R,862,10,6,2.3748486633207992,2.252508762453172,2.215536596813412,0.0016296958869029,0.0245027044008288,0.1207102049807241,0.0178486284597893,0.049952988685694,0.0105421733394789,0.0496571862135565,0.0502222220735077,0.03712621671474932,0.008529746683342861
694477,2025,"Patrick, Chad",R,2010,27,6,2.094607667458284,1.987446016869492,1.972235635338405,0.0682787273004904,0.0123867301326368,0.0388829232883016,0.0098578135895309,0.0203007084179841,0.0066897430886195,0.0141417086461924,0.0265089801879502,0.01898850253242862,0.006075505555733199
694477,2026,"Patrick, Chad",R,1730,57,5,1.8622549383213376,1.785747566024105,1.7738367968019355,0.0280943661090849,0.0088733941039324,0.048413006188148,0.0107566903618738,0.0159857492275812,0.0058114730364025,0.0165518667734024,0.015371081147895,0.015282951126145115,0.005324737357684247
694680,2026,"Martin, Trevor",R,265,8,5,1.990872789639792,1.7544297873560666,1.740566364890426,0.1536757384913298,0.0328791984507371,0.0827672637923953,0.0186668752033817,0.0192345913790299,0.0069169825110393,0.0205812664119933,0.0177547287054438,0.017609011669772207,0.006135827241811952
694738,2024,"Roupp, Landen",R,906,23,5,1.7158292966639996,1.6250300887691038,1.6044720589183492,0.0511347497163439,0.0107842341345386,0.0396644581785518,0.0193003461874253,0.0270327649416304,0.0077743118887778,0.0239227560410776,0.031548365053465,0.025150115028593982,0.007219174673811115
694738,2025,"Roupp, Landen",R,1851,22,5,1.81695281235551,1.7442008976601968,1.7421245720218284,0.0169228608242214,0.0160314893640656,0.0558290538710917,0.0129151705899521,0.0027991833624326,0.0050311351435752,0.0097134171275213,-0.004562136194985,0.0038730710878199966,0.004753663356910081
694738,2026,"Roupp, Landen",R,2712,29,5,2.1409387078875004,1.9835236427673937,1.979449000065019,0.0342586109167094,0.0077606720249658,0.1231564542033972,0.0090430001486414,0.0053825772083974,0.004225483142449,0.0090388022781806,0.0016362085224953,0.005953902777984561,0.004026885341172588
694753,2026,"Curtis, Khristian",R,349,6,5,2.0788807424702007,2.0030622116339067,2.002232299061683,0.0503448930430515,0.0144578448019598,0.0254736377932423,0.0213624925390971,0.0011054942278853,0.0053940589848121,0.0115094978032228,-0.0094585709409189,0.00259047694215574,0.004998143085735456
694795,2026,"Ekness, Josh",R,549,30,4,1.6658843918471538,1.6403102196935713,1.635004590021957,0.0128925916979937,0.0073284200034894,0.0126815804555888,0.0128539924988864,0.006985109567665,0.0057503065957258,0.0038478336034055,0.0101985330067851,0.00771377496043291,0.005277569368849493
694813,2024,"Stone, Gavin",R,2153,25,7,2.431841260470435,2.159656273990911,2.1531304698842497,0.1551838954769011,0.0272982592974121,0.1170010910026231,0.0115685215610711,0.0089320128681766,0.0068295299498541,0.0060232535226175,0.0122653796488991,0.00941810532769869,0.006443957596044117
694819,2025,"Misiorowski, Jacob",R,1164,15,4,1.6260295591033176,1.528609123174178,1.5268639781989637,0.0593635218418995,0.0141733044722986,0.0380569140872401,0.00979502502816,0.0022798526948932,0.0039281142020462,-7.385408344890896e-05,0.0048260354948287,0.0029985329531440064,0.003791714413728585
694819,2026,"Misiorowski, Jacob",R,2647,30,6,1.6015620261801229,1.540225797162547,1.5130610215399405,0.0195140896822134,0.0130478886542145,0.0418221393353619,0.0099000032696425,0.0363157379156768,0.0067264743382328,0.033883837445683,0.0387086500013821,0.03127769897371535,0.006001676901918381
694918,2025,"Tidwell, Blade",R,309,4,6,2.1512490138412756,2.0708710067055085,2.064873189845967,0.0784762355078808,0.0156120816678301,0.001901771627886,0.0054707897596681,0.0080230537212051,0.0049833457117306,0.006524109104727,0.0094835638603376,0.008527941511852244,0.004713291250143609
694918,2026,"Tidwell, Blade",R,959,17,6,2.205584770178598,2.100777495837258,2.093691793790018,0.0392848515114366,0.0112498548243832,0.0655224228299035,0.0122783446899062,0.0093986006408062,0.0064066881930008,0.0174331339012704,0.0012521658028983,0.009814923981949395,0.005771222887166359
694973,2024,"Skenes, Paul",R,2125,23,6,2.2114473221815167,2.037350820581521,2.032827216215497,0.0748036372283246,0.0127468985223015,0.099292864371671,0.011966379104896,0.0059705958247213,0.0058854428304896,0.0147863854349582,-0.0030221732507148,0.006590404839480356,0.0056332802577026475
694973,2025,"Skenes, Paul",R,2997,32,7,2.4819023962094833,2.2548112590422473,2.2522239125934704,0.1513901205007179,0.0168436303045723,0.0757010166665176,0.0114004963383339,0.0034250341461944,0.0049169606548857,0.0071371100176804,-0.0002414148050099,0.004391267998961272,0.004657006299572048
694973,2026,"Skenes, Paul",R,2890,32,7,2.3677702437819725,2.23261240927469,2.209199273602528,0.0862447144668222,0.0133611611253943,0.048913120040459,0.0133929086344879,0.0310955708145906,0.0079414075653108,0.0375222937984387,0.0249122404054238,0.025968551807731804,0.006817247644190215
695034,2026,"Morris, Kade",R,322,6,6,2.401548415702298,2.280208699571901,2.2778226654302625,0.1158215999415059,0.0293038703910869,0.0055181161888911,0.0256108531315253,0.0032974377408049,0.0034886342925964,0.0039269709986245,0.0022601386228067,0.003832993822835062,0.00337433663778514
695076,2024,"Lowder, Rhett",R,498,6,4,1.993636652986963,1.8296693709744276,1.8193133118129128,0.0654814456099341,0.0298062227282794,0.0984858364026009,0.0153318231700782,0.0140144496261804,0.0040236177082466,0.0160467221457639,0.0118918538835042,0.013987686089207202,0.003940219664271431
695076,2026,"Lowder, Rhett",R,2296,29,6,2.1252392259493043,1.9990753407399593,1.9976073375030656,0.0622680015415509,0.0155215569640827,0.0638958836677938,0.0103451265670016,0.0019908655829346,0.0052820293519575,0.0061899869572742,-0.0026632041843906,0.0033023755771920647,0.004908623723060439
695239,2026,"Ahlstrom, Robby",L,648,42,5,2.1283162870607764,1.7866894913317564,1.7868820097206943,0.291298168999044,0.0274892948397981,0.0503286267299761,0.0111227127093749,-0.0002566911852506,0.0071716970084932,0.0042875463175531,-0.0040779818126084,0.0024184274009909877,0.006311532764020281
695243,2024,"Miller, Mason",R,1024,55,4,1.0806324578992876,0.9972938409584444,0.9777189391222684,0.0388349433380015,0.0125842115146232,0.0445036736028418,0.0095478947692647,0.0257643952188228,0.0055389731855769,0.0263142697522823,0.0251125776538792,0.0248343340342679,0.005327240066259268
695243,2025,"Miller, Mason",R,972,60,3,1.1358754871943526,1.0843829590882372,1.0718634980599226,0.0207841626877348,0.0063983607610315,0.0307083654183805,0.0091974100322739,0.0164667335852796,0.0052182489588452,0.0236618008431594,0.0087678100768481,0.016048329422586827,0.004910544957710183
695243,2026,"Miller, Mason",R,1149,66,4,1.1329136266291913,1.0864271096951332,1.0809228867219938,0.0113034860761783,0.0059382299834215,0.0351830308578799,0.0100604140971802,0.0072113480001565,0.0043937435817958,0.0061898802044477,0.0081806074418624,0.00764435206981308,0.004171714552132741
695380,2026,"Hoppe, Alex",R,733,42,4,1.6459044119572617,1.4586104075268445,1.4406359886356712,0.153787200474344,0.0303181631257275,0.0335068039560729,0.0099734143350322,0.0242638104000549,0.0095862790422055,0.0332198100234364,0.0148684598517528,0.01993273171878296,0.007775013410183564
695418,2025,"Lord, Brad",R,2127,48,5,1.823120394836518,1.695930814432013,1.6843281742256844,0.1030477764502793,0.0206988121909426,0.0241418039542254,0.0069114257755058,0.0156195036195324,0.0099368307104692,0.0182705256190594,0.0127373489225566,0.014723315302835724,0.008199438232053139
695418,2026,"Lord, Brad",R,1467,40,5,2.10342590569599,1.9566437082965649,1.9538394485314547,0.0970815546400019,0.0158960324015061,0.0497006427594232,0.0083173691729125,0.0036995045642235,0.0062463935364852,0.0086114322013704,-0.000904357924949,0.005129980486762911,0.005653222818155229
695445,2025,"Lee, Chase",R,600,32,4,1.7889405896717585,1.6109857176365854,1.6050703367387158,0.0869829733572127,0.0166740927179922,0.0909718986779604,0.013620516290657,0.0078349415865824,0.0045692558787626,0.0119932837772232,0.0032317534871753,0.008283620608939318,0.0043583982446699825
695505,2025,"Burns, Chase",R,764,13,5,1.41491950885145,1.3453488695865978,1.3424523347795432,0.0664654570152325,0.0159956456755448,0.0031051822496195,0.0202272337166895,0.0038486132045042,0.009226215588175,0.0107007701721174,-0.003626467123801,0.006427783563547331,0.007786336636572709
695505,2026,"Burns, Chase",R,2569,29,5,1.274561052454905,1.206586181603044,1.2040345368834475,0.0397735997940236,0.0070108802837237,0.0282012710578372,0.006292150269126,0.0033806989606206,0.0034180673019323,0.0089836671964363,-0.00219344742213,0.0038909736315933885,0.0033103565171041017
695534,2026,"Petty, Chase",R,477,16,5,2.233851222010757,2.074606067504292,2.074764510004535,0.1026351249429959,0.022357618315386,0.0566100295634685,0.0189903924391328,-0.0002236008065556,0.0045168021421084,0.0021207754954401,-0.0035799381022186,0.0010011814121206313,0.0042766064437576
695549,2025,"Jobe, Jackson",R,877,10,6,2.2088796409149296,2.001791292005403,1.999456426015546,0.1576383194783064,0.0180934649198187,0.0494500294312202,0.0119195226841121,0.0031072495798248,0.0053368171819783,0.0039586829520927,0.0022787590229774,0.0042628956631655356,0.0050089642156939005
695549,2026,"Jobe, Jackson",R,771,9,6,2.3123033968869913,2.1822107735415917,2.180377519875514,0.0219687952559728,0.0139792519932825,0.1081238280894264,0.0156027897413735,0.0024496335815346,0.0031159432397825,0.0062683146399063,-0.0021415287596374,0.002926684862314689,0.0030336934534821725
695611,2026,"Jump, Gage",L,1756,20,6,2.1401842668801496,1.8867353170333756,1.8733492236043008,0.1387205797018896,0.0175965020822404,0.1147283701448841,0.013512286048048,0.0178345827476898,0.005828201414127,0.0166577894383781,0.0191080478612419,0.016830225166345424,0.005337595807142646
695684,2026,"Rodríguez, Elmer",R,497,6,6,2.101528707623637,1.8781483477807708,1.8605512848371824,0.1842347681809974,0.0539115327910041,0.0391455916618682,0.0209984150593021,0.023510054524095,0.0082066486771863,0.0278625722318889,0.0198470445719912,0.02022462363231979,0.006982837878327952
696062,2026,"Dotel, Wilber",R,706,22,6,1.9679618972497157,1.930017738599556,1.9258494165415552,0.0267896340449942,0.0241833097320705,0.0111545246051654,0.0147830016977056,0.0056054007103776,0.0060252181555227,0.0179890712983741,-0.0045853282109944,0.006628438238779921,0.005487689776192567
696070,2026,"Rojas, Kendry",L,521,12,4,1.857913217430489,1.775738809899392,1.7741431069885776,0.0660603438107964,0.0246338078545094,0.0161140637203005,0.0197113016732143,0.0021262435205483,0.0046541661604947,0.0041374093345878,-4.5387650994262794e-05,0.003161736495969141,0.004392647544120813
696131,2024,"Black, Mason",R,663,9,6,2.192234376903488,2.1548704466591464,2.1586874378080148,0.0268477560222706,0.0159715143104834,0.0105161742220706,0.0167722194126111,-0.0051228039103237,0.0074057314860149,0.0005650443316429,-0.0115985791814807,-0.002782998025111994,0.006921172272474293
696131,2026,"Black, Mason",R,556,17,7,2.620302484368689,2.3792339536920197,2.3715276124499085,0.1155958140413337,0.0220952563142832,0.1254727166353351,0.0251484209216029,0.0103495790594541,0.0073291533817073,0.0118156636065561,0.008137124197464,0.01064271718860482,0.006418061078377103
696136,2024,"Wicks, Jordan",L,852,11,6,2.1138256727529137,1.8710292452897783,1.8705466140543052,0.1929566182636326,0.0296525766219638,0.0498398091995024,0.0086856990159246,0.0006435083139641,0.0036465028557053,0.0021810186379531,-0.0013277995657216,0.001075223760629131,0.0035840806269520713
696146,2026,"Smith, Hagen",L,469,18,4,1.630369339201937,1.592126703321476,1.5934776350903956,0.0083880625488986,0.0085401686147521,0.0298545733315621,0.011913380813645,-0.0017648662942153,0.0046203088711007,-0.0048872796590902,0.0024873676961076,-0.00032326347419141775,0.00436414902231913
696147,2025,"Bachman, Sam",R,334,23,4,1.436081122600795,1.283809497508969,1.2785532268379851,0.1316772025140317,0.020625588950701,0.0205944225777941,0.0125413735924023,0.0073149766837864,0.0057811859249775,0.0065811295122774,0.0078667011995924,0.008067514962447387,0.005370843121854561
696147,2026,"Bachman, Sam",R,830,44,5,1.6412874748594666,1.483826775744321,1.4833421614090774,0.1569379266537144,0.0212075984507093,0.0005227724614305,0.0122411955357308,0.0006583140724266,0.0061343091555022,-0.0029919731883247,0.0038917475410552,0.0025808877037311276,0.005569729130819941
696149,2025,"Chandler, Bubba",R,461,7,4,1.6645727653975295,1.5022481121306837,1.5034718231426745,0.1534742260520786,0.0230710727635297,0.008850427214767,0.0113394471709095,-0.0016739785653643,0.0087575085049982,0.0016994037678153,-0.0065384936690076,0.0021918306300792063,0.007498386533547414
696149,2026,"Chandler, Bubba",R,2685,31,6,2.0761508474390356,2.024958672378391,2.0102147622829114,0.0441531052395256,0.0105071050203962,0.0070390698211182,0.0076748817038376,0.0196756454305987,0.0088233763880757,0.0123675733243544,0.0274175641920756,0.01720748061135662,0.00735105736675522
696270,2025,"Johnson, Ryan",R,274,14,6,2.109709794336321,2.0087535388697377,2.0057389198434445,0.0543519192079971,0.0386793689361088,0.0466043362585862,0.021253298462357,0.0040891366990318,0.0070300524619057,-0.0040203511458123,0.0126951237996829,0.00574641657345315,0.0063270050645124675
696270,2026,"Johnson, Ryan",R,1722,22,5,1.9645042951644367,1.8641670764108136,1.8526287315916448,0.0591899043287135,0.0102689861581905,0.0411473144249096,0.0067102727563401,0.0154743222574829,0.0073111012716865,0.0173775866055095,0.013529096175799,0.014575939062022984,0.006405928528254146
696519,2026,"Natera Jr., Samy",L,580,28,3,0.787310820133075,0.7457346466374394,0.7418909251694626,0.0062903436316576,0.0047210860940575,0.0352858298639779,0.0140695101600324,0.0049762465433627,0.0042166241560245,0.0088966403569862,0.001227048966142,0.005582553389164289,0.004019215471059496
696522,2026,"Juenger, Hayden",R,292,15,4,2.0089505200110387,1.775244646327327,1.7607443654175905,0.1639860487444733,0.0270926319932874,0.0697198249392378,0.0143101169298637,0.0200667394580243,0.0061171302974024,0.0152446960128614,0.0293759622202138,0.01858800777938827,0.0055568608733975716
699008,2026,"Kelly, Antwone",R,293,8,5,1.9957551191720433,1.8933116094906743,1.888548619959212,0.0422861445362395,0.0321118926331523,0.0601573651451289,0.0168363868619664,0.0065828110033899,0.0080972159101857,0.0008943033594277,0.0124901074028891,0.007942686447106962,0.006915051762880988
699134,2026,"Rodriguez, Bradgley",R,1183,68,4,1.783174890166702,1.6737081373756226,1.6682857683406782,0.0736656325332074,0.0106173176877274,0.0358011202578721,0.0101821842854358,0.0072728600548065,0.0059578418771126,0.0108193124892418,0.0043162541791131,0.007997968929154272,0.005436639667475739
699823,2026,"Davis, Tyler",R,488,31,3,1.214362983727691,1.1159678427820927,1.1135951166233342,0.072742385285464,0.0161035477637637,0.0256527556601341,0.0145588942958804,0.0032074525359396,0.0047127508212532,0.0087077343765237,-0.0010256075080391,0.004145497968495753,0.004441799305300531
700187,2024,"Taylor, Troy",R,328,21,4,1.2283529037066891,1.248591972339177,1.24603217241926,-0.0195442052238314,0.0384056094454965,-0.0006948634086564,0.0167434454933978,0.0033992484766508,0.0030187545005346,0.0047365203087657,0.0021560035702314,0.003633513825115309,0.0029830519537344816
700241,2024,"McGreevy, Michael",R,311,4,6,2.425124221564535,2.1824364014566653,2.188546480187463,0.2356484737757013,0.0371005507438634,0.0070393463321687,0.0148548114602511,-0.0084454866012354,0.0052817547301142,-0.0078799830693157,-0.009293741899115,-0.00694829237210285,0.005097222173230534
700241,2025,"McGreevy, Michael",R,1465,17,7,2.5118022851366986,2.0495181253317525,2.0462903290556103,0.3834783273165024,0.039457597512224,0.0788058324884437,0.0145039912754042,0.0044401141263363,0.0076161065235,-0.0044387259089434,0.013993953696462,0.006247315885958398,0.006744074006213908
700241,2026,"McGreevy, Michael",R,2774,31,7,2.667014289367305,2.2513947088848214,2.2373432667241016,0.3478930242200284,0.0182753910462221,0.0677265562624553,0.0122833123564645,0.0188121141669099,0.0057118902187216,0.0087774167579317,0.0291018478736724,0.017688868844187227,0.005247823233289426
700249,2024,"Povich, Cade",L,1389,16,7,2.4593012061842847,2.250289116548632,2.2276278454374827,0.1711951553506096,0.0389222431572058,0.0378169342850431,0.0122930699678662,0.0303534287110766,0.0108810214767467,0.0480251244850272,0.0110784540866668,0.02630436577406768,0.009496449504424772
700249,2025,"Povich, Cade",L,1971,22,7,2.4051910730323884,2.2149746565947663,2.2152671168849305,0.1782781349860576,0.0303875213605743,0.0119382814515651,0.0390826650484943,-0.0003889603454221,0.0092611416528387,0.0039673922899866,-0.0045837528830939,0.0034301416987087777,0.007807295539292449
700249,2026,"Povich, Cade",L,611,8,5,2.049169757870885,1.7944326909944432,1.791601052409663,0.2496523210173722,0.0445303144460617,0.0050847458590699,0.0196858902077663,0.0038362110317089,0.0068136427934156,0.0146731528730455,-0.009642572353038,0.005453320633679777,0.006063349207927792
700270,2024,"Díaz, Yilber",R,469,7,4,1.4388027845865363,1.3751888035276358,1.3696082182496203,0.0197070818539624,0.0346788369255493,0.0439068992049381,0.015416953451999,0.0074779842725405,0.0036881976749902,0.0054830398321319,0.0100766618988622,0.007682146329594181,0.00362364752689107
700363,2025,"Smith-Shawver, AJ",R,711,9,4,1.672981626830434,1.5246524785492557,1.4994477921110676,0.0118379589173008,0.0083776500363186,0.1364911893638775,0.013434873734222,0.0345289635020265,0.0084835612103182,0.0303623967368825,0.0396832939399416,0.028998954887795393,0.007324265364958535
700363,2026,"Smith-Shawver, AJ",R,573,9,6,2.065381230834086,1.9933289581748104,1.9844440157602552,0.0432838638468,0.0195535610211424,0.0287684088124761,0.0198699704793651,0.0118950280456544,0.0076832917084923,0.0171414543074646,0.0065496126090931,0.011822830496957157,0.006651860295765211
700669,2025,"Graceffo, Gordon",R,756,26,6,1.9499951610754829,1.851302183627072,1.8445700100103593,0.0451136974346591,0.0205968998709645,0.053579280013751,0.0130729541160304,0.0090560911997068,0.0051661102928442,0.0044347853301441,0.0137771374837205,0.00947829995187416,0.004867022051077227
700669,2026,"Graceffo, Gordon",R,1222,62,6,2.3596462683203394,2.1498039252232743,2.1037011871886726,0.1451268608084774,0.0163023423034566,0.0647154822885876,0.0107010293582038,0.0627366880604496,0.0069550548534106,0.0643781516564734,0.0612749215317799,0.05174586098752592,0.006162355834398264
700712,2026,"Ureña, Walbert",R,2480,29,4,1.9119693065619032,1.7807947728554594,1.7749122003777795,0.0665772870013734,0.0107289354866246,0.0645972467050702,0.0130136105973744,0.0078688132387516,0.006900020296297,0.0035013150056261,0.0120518342497809,0.008662344103049746,0.006123977954619651
701487,2025,"Ohl, Pierson",R,539,14,4,1.671130686085485,1.626727308571714,1.6253266789113288,0.0358398394385605,0.0124209529126938,0.0085635380752106,0.0094262668947827,0.0018594566180972,0.0039715704720134,-0.0004057280601865,0.0051344224180256,0.0026222950294809595,0.0038307547642189937
701519,2025,"Adams, Travis",R,663,18,6,2.4290607482065463,2.2532800463163385,2.2486914081151124,0.1277314255543474,0.0374585142940908,0.0480492763358599,0.0152691159837853,0.0060362443004224,0.0062141499822812,0.0115539679421951,0.0004745547332173,0.007085684002675658,0.005712623774913336
701519,2026,"Adams, Travis",R,950,40,5,2.217862026664968,2.1022103258714915,2.095275657045159,0.079936123490198,0.014627593503777,0.0357155773032777,0.0136011003577224,0.0093711740896381,0.0047143259738157,0.0097905255377575,0.0089025614774322,0.009620996664849009,0.004443118022491493
701542,2024,"Warren, Will",R,458,6,5,2.1536005629598263,1.9645623245104955,1.966351145728244,0.143022201889333,0.0335294256010593,0.0460160365599978,0.0193582201024071,-0.0023678616119329,0.0023989676569575,0.000112408498638,-0.00588880449617,-0.0021322346914524008,0.0023809321650084306
701542,2025,"Warren, Will",R,2802,33,5,2.0718859562658833,1.7846927606602312,1.7833651162782398,0.1999978129873064,0.0218315135215636,0.0871953826183456,0.0095805000092396,0.001779932803033,0.0049437045569455,-0.0083950054615492,0.0125563452507433,0.002926616986822001,0.004679709643245721
701542,2026,"Warren, Will",R,2642,32,6,2.1657705110434544,1.9899725388200529,1.9755270432804937,0.1050933396853819,0.0106464085063332,0.0707046325380199,0.0098763204423075,0.0194223914582774,0.0050312104705867,0.0175303432877367,0.0215847322246098,0.01844286822137001,0.004705381663922271
701552,2025,"Granillo, Andre",R,361,14,4,1.2537991632629484,1.1807260709261085,1.1905837877050154,0.0857310563209098,0.0214253248271901,-0.01265796398407,0.0146519312702705,-0.0131801324340199,0.0085157086712892,-0.0031413979704924,-0.0223645065176728,-0.0065245761245945125,0.00734492275689098
701581,2024,"Festa, David",R,1099,14,3,1.5739025520626946,1.517730373427073,1.5200703179322936,0.0445329448569899,0.0104321226367388,0.0116392337786315,0.0058316147571297,-0.0031284659504103,0.0026647288264596,-0.0057633718390434,-0.0002521946368642,-0.002824747251839319,0.00264007562339419
701581,2025,"Festa, David",R,882,11,4,1.9419981484624769,1.8553291787787431,1.843737635285752,0.0421484160977218,0.0160342607378162,0.0445205535860113,0.0127269752414559,0.0156805849092304,0.0060802282915266,0.0131695257060556,0.0188740922582158,0.015252232575423198,0.00560806072661038
701656,2025,"Henderson, Logan",R,410,5,4,1.509506022447216,1.4393359103354195,1.4384028245223357,0.0717588884718533,0.0074796255519584,-0.0015887763600574,0.004858257838609,0.0012301131297892,0.0035479589158692,-0.0005224216948344,0.0040195643923154,0.0018830687399686678,0.0034464885252382094
701656,2026,"Henderson, Logan",R,1505,18,4,1.6210676556929016,1.5464216865024634,1.5544842755343258,0.0338955751126763,0.0085451260710079,0.0407503940777619,0.0089638112341764,-0.0107192548524319,0.0057904426492858,-0.0120601160851418,-0.009406523575653,-0.007157823550650946,0.005308546820650157
701719,2026,"Samaniego, Tyler",L,314,20,5,2.060583733935244,1.9066979527917651,1.8920851337033011,0.0883381663874922,0.0342797803519785,0.0655476147559864,0.0175028696843155,0.0204840410436498,0.0087031318172284,0.0155662754005342,0.0240399638932871,0.01782004683952859,0.007281085399113405
702021,2026,"Dion, Will",L,792,27,5,1.9928830961261044,1.8656293688150256,1.8567651318894611,0.0738789145462467,0.0192568642934726,0.0533748127648317,0.0160055617838689,0.0118991112627917,0.0067628974804635,0.00755427505258,0.0165805192921044,0.011838991075265337,0.006027506221736112
702056,2026,"Yesavage, Trey",R,1619,20,3,1.532698838019433,1.381090614396202,1.3734707359420817,0.1098725482964829,0.0167418196100872,0.041735675326748,0.0085455757993014,0.0101368802113569,0.006515176503748,-0.0025831725184205,0.0248641753045213,0.010421641679236978,0.005850145295240645
702070,2025,"Cameron, Noah",L,2164,24,5,2.2995323927995712,2.154170976464629,2.146359253789587,0.0633944513406641,0.012090901611797,0.0819669649942783,0.0151430810083352,0.0105258828572796,0.0052037724422084,0.0171482166035087,0.0040180092004914,0.01078616476884213,0.0048984755632335356
702070,2026,"Cameron, Noah",L,2892,31,6,2.472952762561593,2.2751758918936704,2.262619271044286,0.0829042906687581,0.0117667902733392,0.1148725799991643,0.0112290224293311,0.0169294860123169,0.0055306217480169,0.0184496245351701,0.0153734951658116,0.016143905051888438,0.005106203627968553
702193,2026,"Morris, Andrew",R,1295,64,6,2.119717778171014,1.989199119329435,1.9766525869275924,0.0753056743770391,0.0139535489852129,0.0552129844645395,0.0183096680251643,0.0166132509819899,0.0078380844196365,0.0065567704539843,0.0254343864931196,0.01532143477036681,0.006751548546596057
702273,2026,"Schultz, Noah",L,1262,19,6,2.40927388316696,2.26084115990194,2.24209454626372,0.0457636436182317,0.0135610756574895,0.1026690796467893,0.0148063251905538,0.0252489075895757,0.0064846080759143,0.0240248365903365,0.0266434542302615,0.022626013103781883,0.005827984456179603
702275,2026,"Ritchie, JR",R,1278,17,6,2.456870503229191,2.270129339458836,2.2716207331896556,0.0923852062281594,0.0258202747131401,0.0943559575421954,0.0119392362763401,-0.0020021020882216,0.0074925410648804,0.0130649436191421,-0.0194607423523099,0.00127961379010667,0.006526922598672003
702352,2024,"Bivens, Spencer",R,768,27,6,2.0044663607286344,1.846445528888119,1.8437205700055832,0.0900529350957122,0.0209076473845157,0.0679678967448034,0.0136273529895736,0.0036974707098712,0.0083403337178105,-0.0046667788211419,0.0112731714635498,0.005198096882029296,0.007665531907436859
702352,2025,"Bivens, Spencer",R,1294,54,5,2.111137781363664,1.9555056318866515,1.954236888305865,0.0751217532507269,0.0125800851528393,0.0805103962262849,0.0137734682283864,0.0017263451036143,0.0055708423921836,-0.0065669379069236,0.0127637291102862,0.0031495672329648443,0.00520093029436028
702474,2026,"Paredes, Mike",R,551,9,4,1.948159109796585,1.888811840189566,1.890549523311945,0.038731269383508,0.0148294656977499,0.0206160002235114,0.0167823152207547,-0.0024117466005817,0.0051358814321757,-0.0005297583411935,-0.0053191771807905,-0.0005905518128948625,0.004790669501116344
702674,2025,"Dana, Caden",R,562,7,4,1.8003416378440429,1.6999481901063105,1.690512723548128,0.0683192142456087,0.0384068418363098,0.0320742334921236,0.0184554621112888,0.0126255528707105,0.0045166889544502,0.0180063823477218,0.0059853803246116,0.012641939616085299,0.004312707246433507
702752,2026,"Pintaro, Jonathan",R,523,22,5,1.8576133150706136,1.7303137099984855,1.7175677681937953,0.0352326091990518,0.0164700969109039,0.0920669958730762,0.0140212205458641,0.0170054274588087,0.0060576627872084,0.0211719753041578,0.0139129230580385,0.016076905467945456,0.005512168830109355
702885,2026,"Perdomo, Cesar",L,375,5,3,1.5572371540941845,1.4561732002168628,1.458365113825846,0.0894128981791597,0.0109539181495865,0.0116510556981623,0.0172071990145541,-0.0030443244569212,0.0025350271391925,-0.0054687473048938,-0.0001468434922711,-0.0025300683772370974,0.002490139789691092
703615,2026,"Cabrera, Jose",R,463,8,6,2.531858924260867,2.2792503129130264,2.2794216087377026,0.0955773435380999,0.0254258654664985,0.1570312678097399,0.0420732062683703,-0.0002374549904942,0.0043046246758664,0.0043108232223,-0.0053038914806954,0.0008869436065094844,0.004095206931153535
703725,2026,"Gastelum, Luis",R,599,34,4,1.8533248369575488,1.701591516820749,1.691717473095628,0.0870430682800379,0.0182375114033735,0.0646902518567616,0.0165796685914008,0.0132316603833277,0.006048088268827,0.0179327835875748,0.0089524328512566,0.012952925275234867,0.005504952004187651
800048,2025,"Messick, Parker",L,625,7,5,2.215032754190673,2.0885150369942256,2.074258319767883,0.0892394943280702,0.0202138788017487,0.037278222868377,0.0085305715555099,0.0193705397097042,0.0048746030385087,0.0128001329594722,0.0274010368488766,0.018705709804396196,0.004620970156520137
800048,2026,"Messick, Parker",L,2948,32,6,2.2040587678712233,1.990197109926404,1.9871057375067496,0.0883635864842145,0.013360704036979,0.1254980714606049,0.014155473570283,0.0041405569709862,0.0078248631088143,0.0057163254732969,0.0026361598662047,0.0060622354549569575,0.00674309306440083
800049,2024,"Mazur, Adam",R,584,8,6,2.0115457331020883,1.9101114526090237,1.915210278637169,0.0973061371666129,0.0274748139124296,0.0041281433264519,0.0235595899787306,-0.0069899399071294,0.0053520665421586,-0.0103475840788148,-0.0035363630448244,-0.005557862148150693,0.005160331968311801
800049,2025,"Mazur, Adam",R,489,6,6,2.4844437126723755,2.4392063263250394,2.443732338396704,0.0827538294441555,0.0328746169845452,-0.0375164430968189,0.0167286525131188,-0.0063234854372684,0.0076278230552927,0.0090423918220609,-0.0249959438789851,-0.002182595029736426,0.006752205131028458
800311,2025,"Fuentes, Didier",R,293,4,4,1.545947876339295,1.463765586594085,1.460979703578481,0.0598748121372332,0.0160576111029546,0.0223074776079768,0.0119692171518583,0.0036603754420268,0.0011590676975048,0.0033864454243254,0.0041051088825302,0.00371835802705448,0.001155389734793532
800311,2026,"Fuentes, Didier",R,1231,58,4,1.1669051155042331,1.086618563552426,1.075431161458725,0.0599470145858621,0.0096867573552164,0.0203395373659452,0.0073985398521546,0.014760655924272,0.0055520480019886,0.0133133455656914,0.016186410596661,0.014292096622424795,0.00512305153661094
800600,2026,"Kent, Jackson",L,677,8,5,2.3046239888250604,2.155668912724425,2.153416455331117,0.0940043211277548,0.0142999086354931,0.0549507549728806,0.0119038043300646,0.0030077192411629,0.0064944851297476,8.502956788078721e-05,0.0060360483002264,0.004665079015235319,0.005835151508216644
801139,2025,"Tolle, Payton",L,304,7,5,1.7252771289844533,1.5241664094698697,1.5270322485360106,0.1031333842409055,0.0224855520893971,0.0979773352736781,0.0329077238833545,-0.0037878916352474,0.0118942086207638,-0.0053744918763909,-0.0022819659826365,0.0028805948556780633,0.009199854457152495
801139,2026,"Tolle, Payton",L,2282,26,5,1.9423576125573536,1.8397809179866051,1.8348915640161472,0.023761158385507,0.0103371030519565,0.0788155361852419,0.010168880749766,0.0066453280289368,0.005536041117379,0.0063531872181875,0.006935734036772,0.007378813296801548,0.0051104677246131885
801403,2025,"Dollander, Chase",R,1778,21,5,1.9872173017985952,1.861691014048868,1.8539579389878629,0.0615669560343068,0.013855108851455,0.0639593317154203,0.0128082525643383,0.0102991816168295,0.0062784353639987,0.0040268063853616,0.0169690334858402,0.010695106520645687,0.005762446553676915
801403,2026,"Dollander, Chase",R,743,10,6,2.306000527841879,2.214060251728429,2.2097379394401573,0.0126422309407575,0.0171683890123992,0.0792980451726924,0.0118351233063052,0.0058073743764658,0.002820607670968,0.0040951267755943,0.0082848299759569,0.006057293516169228,0.0027591628246696636
802408,2026,"Mautz, Brycen",L,302,8,5,1.9986132638249912,1.7821845887175571,1.7905305279408346,0.2055251373156106,0.0480901914255737,0.0109035377918229,0.0117271719281099,-0.0111034081296462,0.0022608016168377,-0.0104941402235594,-0.0117073315804165,-0.010464820638393848,0.002228789239816941
804267,2026,"Thornton, Zac",L,1257,15,7,2.4816921631176108,2.441750780867,2.4334238910103188,0.0188867671913297,0.0072127032535732,0.0210546150592812,0.0148574921438199,0.0113894456472776,0.0059764812852753,0.0104218546571609,0.0124946195054529,0.011425996591830733,0.005450791597333612
804636,2025,"Tong, Jonah",R,371,5,4,1.5178045370136684,1.4941510906952562,1.4959964769670333,0.0246034641313908,0.0088827821584666,-0.0009500178129786,0.0072978919616703,-0.0024192166319055,0.0075176223476616,0.0101675463591261,-0.0160240266295647,0.000802209748679986,0.006675406735924759
804636,2026,"Tong, Jonah",R,539,7,4,1.8160162363219128,1.813964677934756,1.8066049462743563,-0.001690474108416,0.0140131108352996,0.0037420324955725,0.006621930051687,0.0097948033702604,0.007303369516446,0.0182627085602211,0.0006755208579951,0.010215018339670178,0.006400725742135589
805074,2026,"Marte, Yunior",R,381,5,3,1.4672271483640822,1.418340405174985,1.4108351111986202,0.0137216300805598,0.0065479807837116,0.0351651131085372,0.014764157009005,0.0102860323920685,0.006480231546375,0.0031857956913933,0.0205004079965487,0.010539687073687486,0.005824806716310586
805123,2025,"Blubaugh, AJ",R,507,11,5,1.7055345309132033,1.6455856811091567,1.6517626740066071,0.057044931229684,0.03099183890753,0.0029039185743625,0.012499528030927,-0.0081982602068253,0.0122744542859039,-0.0185309079349899,0.0111463208782346,0.0005617158360266637,0.009372455809237012
805123,2026,"Blubaugh, AJ",R,1640,64,5,1.7045412230054175,1.6343540777335823,1.6270856795547155,0.0426528040081392,0.0109752033343544,0.0275343412636959,0.0096651558704285,0.0096208014635522,0.0052353869859215,-3.756282970939525e-05,0.0198077329569426,0.009887544647761183,0.004871122925979605
805299,2025,"Garcia, Brandyn",L,277,14,4,1.597933503064453,1.4713359654125917,1.470234733147587,0.0771602522908275,0.0258125116026743,0.0494372853610336,0.0154272963045109,0.0014456935422105,0.0081449396359939,0.0064805372376811,-0.0035416516278309,0.004167492508029981,0.007103024379459204
805299,2026,"Garcia, Brandyn",L,705,57,3,1.504418539253527,1.257744797148068,1.254177788650917,0.1229235459007421,0.0281869202001759,0.1237501962047169,0.0164909438486281,0.0049020292212311,0.0049045602761723,0.0064804701847374,0.0030493675818615,0.005705561335795658,0.004601289796172167
805326,2026,"Schweitzer, Tyler",L,566,18,6,2.049450548585116,1.9325431487675648,1.9393745484630147,0.1019428769604289,0.0124151510606085,0.0149645228571223,0.0162198400558983,-0.0094077183153879,0.0045820495810898,-0.0083883681104792,-0.0106408032406807,-0.007175532795419853,0.004331863855660768
805345,2026,"Harris, Trent",R,368,22,6,2.06283813531937,2.0095894294316397,2.0087810175994445,0.0047777503645108,0.0294934430898303,0.0484709555232194,0.0224102271405411,0.0010857501979849,0.0055971053278012,0.004272954960968,-0.0020097364423224,0.0026704520652156474,0.005158386550683277
805427,2026,"Sommers, Drew",L,642,43,4,1.709390646083888,1.5257908249500216,1.519900288560698,0.0775629988746466,0.0135149788516279,0.1060368222592194,0.0164305047310691,0.0079783214387042,0.0074773051084761,0.0124035854005668,0.003735919624026,0.008850605358003893,0.006516843374969653
805673,2024,"Matthews, Zebby",R,717,9,5,2.0348000147037273,1.9466974507211088,1.9480091842986051,0.057306029613426,0.0218758131072374,0.0307965343691922,0.0171692663020687,-0.0017416906945645,0.0050473268284592,-0.0084095839267951,0.006977861993737,-0.000789073479261956,0.004885563350082564
805673,2025,"Matthews, Zebby",R,1353,16,6,2.199810247027335,2.0202559862315805,2.0134186606500193,0.0634625050289617,0.017424852294578,0.1160917557667927,0.0164384191184461,0.009260161673525,0.0078186780196891,-0.0018237218412025,0.0192673250753934,0.01005880676216483,0.006883515633929579
805673,2026,"Matthews, Zebby",R,2117,23,6,2.3447944997126164,2.1667931236405535,2.1574693258141493,0.0949951827685424,0.0147703648285393,0.083006193303521,0.0110339051674415,0.012564277529279,0.0064225985902483,0.0098406920833044,0.0153122428961256,0.012383024638389568,0.0057828448281457305
806185,2024,"Birdsong, Hayden",R,1388,16,4,1.8811994527902771,1.786462342770398,1.777420261773094,0.0301464415997381,0.0100067663088933,0.0645906684201413,0.0141370179119728,0.0117184018900629,0.0056721169445711,0.0101751398746491,0.0131912596164524,0.011847189318935322,0.005445369495343672
806185,2025,"Birdsong, Hayden",R,1194,21,5,1.953901176075642,1.8880881847389284,1.881773684968423,0.0298510909275474,0.0078191256627779,0.0359619004091658,0.0131674480268968,0.0084146347388209,0.0073639927840045,0.0097244889908593,0.007069218832881,0.009314640727845477,0.006567145204642159
806188,2025,"Gibson, Cade",L,908,44,6,2.473360545698017,2.236605960385205,2.2234814307230706,0.1648918001453169,0.0269021835457552,0.0718627851674957,0.0157722841765407,0.0175509174274192,0.0069879866672533,0.0206600941058259,0.0148120858935319,0.01665903732114045,0.00629628742020859
806188,2026,"Gibson, Cade",L,877,47,6,2.421600951522594,2.33300399318952,2.3275887002230777,0.0735659313331812,0.0142657172850801,0.0150310269998929,0.0086340154615109,0.0072507052390384,0.005883974184276,0.0066869359458481,0.007782689319853,0.007964503606992506,0.0053803371818217935
806960,2025,"Morales, Luis",R,821,10,5,1.7820086771686725,1.6857007895818874,1.6797916295252553,0.0663843765247087,0.0354700665666557,0.0299235110620759,0.0159187943319202,0.0078122711859821,0.0068743801777367,0.0179438963704289,-0.0012968964110433,0.00872813650356722,0.006212806318454781
806960,2026,"Morales, Luis",R,346,5,5,2.0805806679510512,2.0604648444567206,2.0552768132027155,-0.0131000750581731,0.0265879017342229,0.0332158985525036,0.0171731851700243,0.0070119484917415,0.0029391932026523,0.0031607862275317,0.0113086997782566,0.007226164840649619,0.002869861101582212
807739,2026,"Anderson, Kade",L,541,7,5,2.017995341610394,1.894269877951528,1.8854674801647409,0.0628541001247753,0.031484176344121,0.0608713635340906,0.0123699338065959,0.0120559422851953,0.0031844763693424,0.0113526768328258,0.012870654175372,0.01203155824976591,0.003096832195338193
807743,2026,"Sullivan, Sean",L,412,5,5,2.0786483069922994,1.976429454384444,1.976418240506008,0.0740211027492696,0.0233824887066468,0.0281977498585854,0.0143706732667071,1.5503751394882787e-05,0.0049540873283443,-0.000263349765785,0.0004408735233643,0.0014294208910597492,0.004642111474058294
808825,2026,"Sears, Andrew",L,364,6,4,1.824887873279584,1.7352951412030193,1.7310096287567225,0.095159611929685,0.0239336857290845,-0.0055668798531199,0.0084991293900287,0.0057350240090146,0.0054080702547476,0.0030407215419353,0.0092513170592705,0.006569052081756191,0.005009283903464608
808963,2025,"Sasaki, Roki",R,621,10,4,1.5082905853414157,1.387309814594377,1.3839926039753052,0.0041346839468287,0.0187261403940683,0.1168460868002098,0.0165070748566023,0.004478234335747,0.0057633771328268,-0.0056721133573929,0.0148968731573401,0.005613116718703059,0.005356554654573969
808963,2026,"Sasaki, Roki",R,2100,26,3,1.5381747518553692,1.470146544168627,1.458784766048584,0.0114491547275308,0.0044304585367089,0.0565790529592116,0.0092081423219037,0.0151394251599556,0.0052797063634783,0.0208845052265643,0.0088121769799305,0.014657974326993934,0.004906759220762571
808967,2024,"Yamamoto, Yoshinobu",R,1469,18,7,2.091840565358314,1.966179789422676,1.966505639444312,0.0421770269218866,0.0158834259077672,0.0834837490137507,0.0147376203570323,-0.0004351578925298,0.0054066793043353,0.0051076612046693,-0.006162396109414,0.0005541762169150623,0.005209230242186587
808967,2025,"Yamamoto, Yoshinobu",R,2789,30,7,2.266029961368218,2.0732262412579208,2.0586283785235135,0.0775856044276999,0.007729811436199,0.1152181156825974,0.0149477036620587,0.0193689054073555,0.0057135939103179,0.0264624048707541,0.0119861564512747,0.018489092478785246,0.005316516551980813
808967,2026,"Yamamoto, Yoshinobu",R,2734,28,6,2.442071721407649,2.30849236820702,2.2953081095009855,0.0875435751917285,0.0080020753773323,0.0460357780089009,0.0086312228886773,0.0177915909685573,0.0057301431494947,0.0185846424792205,0.0169417770798302,0.016822231092593995,0.00526196833004834
813349,2025,"Early, Connelly",L,323,4,6,2.5087177773184663,2.2875349284934146,2.2908290131805265,0.1511753489912668,0.0838134387673814,0.0700074998337854,0.0162831076931787,-0.0043606121062998,0.0061627509709505,0.0045134441351685,-0.0128087136481777,-0.0017378198555915107,0.005672615506033803
813349,2026,"Early, Connelly",L,1562,18,6,2.385346585901901,2.1011612021257435,2.10660980633924,0.1671006450739536,0.0219731920169362,0.1170847387022035,0.0165449438527264,-0.0073241994677123,0.0064514067425842,0.0015667211846072,-0.0165582784609986,-0.0037145371802329522,0.005803846514112871
814305,2026,"Tur, Yunior",R,294,8,4,1.660537072861247,1.537694730186557,1.532429257560024,0.0057747751501721,0.0185261762008473,0.1170675675245181,0.0163439025936344,0.007166893297225,0.0030997101541846,0.0034362000198257,0.0105674367270669,0.00739591403547672,0.00301870612973017
814490,2026,"Pecko, Ethan",R,572,8,6,2.520090972452734,2.323628207863426,2.3255563377874675,0.170230961126444,0.0250554468487442,0.0262318034628633,0.0161308354884777,-0.0025589102472198,0.0059059518625928,0.0013852709833229,-0.0069888280825093,-0.00022317113628367823,0.005397125184323836
815081,2026,"Manfredi, Mark",L,298,14,5,1.5723807319822205,1.5511014385834352,1.5588432909757493,0.052888839791683,0.0148796478435192,-0.031609546392898,0.0104609538030414,-0.0103456144076662,0.004957314037781,-0.0059509751617793,-0.0151963011224658,-0.007664772423459691,0.0046447658584650485
815083,2025,"Farris, Mitch",L,405,5,3,1.5121778364175298,1.4407266382143062,1.4313162439859477,0.0063457214476701,0.0104480679015023,0.0651054767555534,0.0100134924981734,0.0127892941694131,0.005170713659321,0.0130297935715742,0.0124374892588138,0.012791757362702353,0.004870870707923264
815083,2026,"Farris, Mitch",L,961,33,4,1.849061876450674,1.6993223290078376,1.6948214373253765,0.0539239389724132,0.0161374310096092,0.095815608470423,0.0207250269744802,0.0060834836945778,0.0050408325358631,0.0104775394032838,0.0014219637253419,0.006778029086329696,0.004713249932960235
820862,2025,"Fermin, José",R,645,40,4,1.2309574359076112,1.2462547177768522,1.2185533988405146,0.0034660799393325,0.0044302885637466,-0.0187633618085732,0.0060890415357772,0.0361687261415743,0.0094961211867895,0.033148099177584,0.0389542848593398,0.02916765530994479,0.007946530486143586
820862,2026,"Fermin, José",R,981,53,4,1.4627852119593248,1.3952754140608643,1.3844735643444397,0.0654702866798129,0.0128529807454403,0.0020395112186471,0.0081453173307456,0.0142427615212542,0.0055062043851343,0.0287961343672515,0.0023870870564662,0.013856640797818306,0.005086968486481718
829272,2025,"Ogasawara, Shinnosuke",L,674,23,6,2.0359534213633528,1.7514925425983898,1.7519881199403091,0.2529560442057432,0.0265762381850915,0.0315048345592198,0.0136695547254889,-0.000668038256908,0.0070283145160762,0.0008537127914261,-0.0023703360397904,0.0018921305099572332,0.006325738038055392
837227,2026,"Imai, Tatsuya",R,1451,23,6,1.6523707003921468,1.6387057618349128,1.5914145167705478,0.0009912151916536,0.0203715846241961,0.0126737233655804,0.0173385082607754,0.0616528271234438,0.0229596066928541,0.0529263875394388,0.0697884140272818,0.024168711532587803,0.011502912977060667
