pitcher,season,name,throws,n,games,m,H,bits_sit,bits_seq,hand,hand_se,count,count_se,tell,tell_se,tell_h0,tell_h1
434378,2024,"Verlander, Justin",R,1580,17,5,1.8000706914366533,1.7728095064316751,1.748067115342236,0.006391108417455712,0.012361051149461332,0.020870076587522216,0.008928396745573825,0.03307358538182236,0.006929964549897858,0.027340782022041096,0.039419522790778094
434378,2025,"Verlander, Justin",R,2608,29,6,2.0415106258639986,1.9680832450186103,1.931818036608092,0.05056162945086286,0.011793186236227425,0.02286575139452502,0.00855571836529743,0.048602088147292506,0.006383947365798036,0.04012690412904406,0.057899218891448674
445276,2024,"Jansen, Kenley",R,801,54,4,0.8610843738532085,0.8273613303700528,0.8297087734235015,0.014891936818188182,0.007380753965150677,0.018831106664967748,0.012898780819071655,-0.0032252176429031338,0.003709256416531996,-0.007680301407933671,0.00046174823160489693
445276,2025,"Jansen, Kenley",R,869,62,4,0.9767306956778928,0.8897995804649412,0.8861075665793683,0.011709010827188348,0.006066924229302157,0.07522210438576311,0.014808884843137958,0.0050445912996271505,0.004568494200883137,0.0044870954378228205,0.005693106893970965
445276,2026,"Jansen, Kenley",R,725,50,3,0.8369945921500284,0.7412240124462577,0.7366945578258197,0.00966797241404914,0.004582838895687157,0.0861026072897214,0.01274513574479825,0.0060143857139518244,0.002729961794664779,0.008736355423472016,0.003484781354927761
445926,2024,"Chavez, Jesse",R,1044,46,5,1.768718739531426,1.5185100306359447,1.5103047947160988,0.0829990681836611,0.012615389573899231,0.1672096407118202,0.01924737454304578,0.01096833073024214,0.005130051047421209,0.005243219820863113,0.017594909379495757
450203,2024,"Morton, Charlie",R,2791,30,5,2.020390294741859,1.9034550895454594,1.8939897007847155,0.04285305054740434,0.008527280662784608,0.07408215464899459,0.01129189630260994,0.01265831338343886,0.0041317431214502745,0.013717101608357783,0.011606603971867059
450203,2025,"Morton, Charlie",R,2548,33,5,2.106912462771259,1.9607413675126226,1.9542497102837324,0.0659021128549213,0.01876524207908145,0.08026898240371526,0.010488051223467895,0.008733232639499442,0.005452907993132138,5.222091233477927e-05,0.017506399480540582
453286,2024,"Scherzer, Max",R,669,9,5,2.0584865607433183,1.9222642833098067,1.9062470766676802,0.08538890992458034,0.015285797122179439,0.05083336750893118,0.012912720510115603,0.021823851819923915,0.004186386509408751,0.01635886107188847,0.028956562749284737
453286,2025,"Scherzer, Max",R,1390,17,5,1.8699700150457201,1.7753500355369651,1.7568868360785277,0.0486402321709378,0.009633789145240332,0.045979747337817505,0.0078802000172819,0.02489218937655493,0.004834040951471646,0.021969080944623295,0.028300435552441605
453286,2026,"Scherzer, Max",R,1461,18,5,2.0102791624627163,1.858375820602797,1.828568472737469,0.10642927357711321,0.018950966458400657,0.04547406828280601,0.0082548544290534,0.03973406499201163,0.007085979532564872,0.030400102290451567,0.04945042467575851
455119,2024,"Martin, Chris",R,657,45,5,1.8221386942241378,1.6162356617511797,1.6137757870016136,0.11014705401211825,0.02197814427086576,0.09575597846083944,0.01573461597575948,0.0033881293720439015,0.006370024832212068,0.000992175758641475,0.00577405807493
455119,2025,"Martin, Chris",R,638,49,5,2.0221426051898854,1.8769024687204658,1.8545178702249954,0.06908225884292282,0.017434444361700517,0.07615787762649646,0.015875424587041075,0.030712631914216176,0.007002322352305025,0.02400599311810796,0.03673491981276232
458677,2024,"Wilson, Justin",L,816,60,4,1.5765658372196687,1.4550042788623216,1.4510799932336087,0.04822654452720593,0.011469968861428644,0.07333501383014093,0.012641373677081602,0.005266804396430453,0.003991371550327195,0.0018145272190351837,0.007880956478735542
458677,2025,"Wilson, Justin",L,816,61,4,1.6770622282139012,1.5600349850343587,1.5475001352644024,0.03759211548065396,0.010614240173823519,0.07943512769888893,0.013834410577777732,0.016795463731172817,0.006233614540132681,0.018144464294815792,0.015624398824697473
458681,2024,"Lynn, Lance",R,2039,23,6,2.0219931324917515,1.9038796495382821,1.740808673257476,0.04671272388253062,0.00838106297321672,0.07140075907093923,0.006685678229552467,0.21760583811293413,0.014982045314793935,0.2495039259010047,0.18007333025973446
471911,2024,"Carrasco, Carlos",R,1693,21,6,2.3617067682111035,2.2564623220252806,2.2484883210717754,0.05377269550562345,0.013199673589315718,0.051471750680199276,0.015577544463564954,0.010852076860356939,0.006357375227708964,0.009725854592559913,0.01197829912815397
471911,2025,"Carrasco, Carlos",R,779,11,6,2.31537395490238,2.0878911159294296,2.0790226260520193,0.1397782103068932,0.020186085558328307,0.08770462866605735,0.018310406561296805,0.012184397909175445,0.009318523887491804,0.0012223752160120203,0.023824072914279876
472610,2024,"García, Luis",R,897,60,6,1.9643861538364724,1.650166282180648,1.6289037324390792,0.2303951855379223,0.02483800956837621,0.08382468611790216,0.01750991008391556,0.029661752905423576,0.008811098506125459,0.02746059787798413,0.031828939491081565
472610,2025,"García, Luis",R,896,58,4,1.6550196315986436,1.2780238869446308,1.2825373425768618,0.27928641538880056,0.019357077953606847,0.09770932926521222,0.011327657218900736,-0.006072156526244524,0.005182708899408471,-0.0060850477368522265,-0.006056712600665001
472610,2026,"García, Luis",R,265,15,4,1.6371783298413083,1.3593251123921473,1.35587690065179,0.18898829657169436,0.02832664618187685,0.08886492087746665,0.0243195511825628,0.004784168121438353,0.007366476136230867,-0.0009232626308161638,0.012703228290191493
476594,2026,"Stock, Robert",R,560,8,6,2.294601544499115,2.0098310278082185,1.9956796564699557,0.05987745499072724,0.010541712980473825,0.22489306170016904,0.03455003760580782,0.019234873663658583,0.003443077015145767,0.021946499221210287,0.017110180044970887
477132,2024,"Kershaw, Clayton",L,504,7,6,1.7938711517738397,1.6935596643510868,1.6861126239805442,0.04436825231567153,0.012704223831192086,0.05594323510708127,0.029184683894745322,0.01017156733537528,0.01111865394409173,0.0026742602046933577,0.01746841170855234
477132,2025,"Kershaw, Clayton",L,1768,23,5,1.7755133228028337,1.5941189196281522,1.5818541632365255,0.025096922559479644,0.005603461897501617,0.15629748061520168,0.012640253246713388,0.016616160383445315,0.006466414064532189,0.017965170745422775,0.014815871063167708
489446,2024,"Yates, Kirby",R,1026,61,3,1.015413508724758,1.00085372733756,0.9933696892726945,-0.0013204492739112598,0.00425796244358081,0.015880230661109135,0.007024878565631452,0.009683005112928323,0.0032505070357332242,0.007677133981300257,0.011704110708847231
489446,2025,"Yates, Kirby",R,762,50,2,0.9877137429654016,0.9747278871521231,0.9760513070029089,0.0011099413021684998,0.0003590281537682642,0.011875914511109927,0.007112767342119053,-0.0017297528752979238,0.0013694083597651857,7.83994523779808e-05,-0.0037409947760098892
489446,2026,"Yates, Kirby",R,726,46,3,1.035804653189561,1.0096280321466473,0.9974826746963491,-0.001045156173019164,0.0011454525643078168,0.027221777215933017,0.009560780969064072,0.016090382315540983,0.0055073659354153036,0.01871558307426166,0.013445949316829683
493603,2024,"Ottavino, Adam",R,1003,60,7,2.1440559411229683,1.931954625300953,1.9258397525065587,0.07585389703181829,0.015499543558311282,0.13624741879019694,0.01976721540887845,0.008091315847991458,0.004950392509189882,0.018274936347150238,-0.0005523425269042858
500779,2024,"Quintana, Jose",L,2819,31,5,2.1922761833136133,1.8874422150417907,1.8833763241478614,0.22201436522710224,0.01974406132232973,0.08281960304472062,0.01139160073546374,0.005452781365359523,0.007001417978309336,0.008239988434859345,0.002595759860592842
500779,2025,"Quintana, Jose",L,2174,24,5,2.0703393217544983,1.7605116550345536,1.7669386592048717,0.271361839045041,0.021189346681949755,0.038465827674903426,0.0077953707107100674,-0.008640882539438002,0.0031315823721779295,-0.0009102626353370439,-0.016793887012632146
500779,2026,"Quintana, Jose",L,816,11,5,2.3011296410253284,2.1289203963458365,2.1144371382527765,0.1045331521332486,0.02948862206912645,0.06767609254624327,0.01227453227313276,0.01959923483239943,0.007121919902060072,0.02625699894969542,0.012648077720103965
502043,2024,"Gibson, Kyle",R,2764,30,6,2.4805818526196366,2.2658386929146728,2.2578803813561823,0.12520063100511483,0.01916114464952797,0.08954252869984945,0.010625031777504802,0.010772170983186759,0.006829984885679008,0.004308754729114545,0.017350549186442066
502043,2025,"Gibson, Kyle",R,280,4,7,2.603279455316738,2.3561888667792243,2.3552243886843196,0.18525545211739525,0.0390974466873641,0.061835136420118175,0.02764983460808273,0.0013046080510790304,0.004485564533075817,0.0013490009347099882,0.0012580174999415894
502085,2024,"Robertson, David",R,1211,68,5,1.3842818438669988,1.3365392289266242,1.3277928749497425,0.011810526940644288,0.005835801482498503,0.03593208799973026,0.012900485104032109,0.011537946259263262,0.005243961249549994,0.010233015414622158,0.012895074337690009
502085,2025,"Robertson, David",R,304,20,5,1.6742564517680514,1.602704380674089,1.60214330140868,0.047638176067429684,0.015765517722286137,0.023913895026532694,0.014511569136202206,0.0007514013069793165,0.006739603150125466,0.011497803617919017,-0.007412532231564022
502624,2024,"Anderson, Chase",R,1016,29,6,2.1652654861217053,1.9171282909591374,1.9154472138322671,0.1656304802662667,0.028333683494898967,0.08250671489630106,0.01748485935254575,0.002244381551774226,0.006204221738361149,0.0052863100785212535,-0.0006953633293714833
506433,2024,"Darvish, Yu",R,1260,16,8,2.804586667604532,2.7549139409699444,2.74228195636753,0.02918499659068976,0.011916291586340125,0.02048773004389814,0.016409154601512665,0.017151185990346714,0.007971407222796977,0.010562548136198007,0.024119656625444123
506433,2025,"Darvish, Yu",R,1156,15,8,2.8427765171594213,2.7387182706577544,2.721644593162379,0.011073816121583544,0.00845143190357743,0.09298443038008285,0.017980251649648896,0.023030538138453092,0.00818642869568661,0.029653214826999827,0.015708168335391588
518397,2024,"Alexander, Scott",L,566,45,3,1.2895345153406566,0.9569598080490348,0.9545287400509217,0.20467481911108337,0.021471202121650174,0.1278998881805385,0.012723936113561105,0.0033397681721650625,0.003845578249171118,0.0019677866640330052,0.004548866030929843
518397,2025,"Alexander, Scott",L,313,21,3,1.2907764476658887,0.9049821241616206,0.8970868994887735,0.293759795110236,0.03465783464019267,0.09203452839403202,0.010918483840184514,0.010651747080177312,0.005103659977814174,0.0209107181338905,0.0005681430530233209
518489,2024,"Brasier, Ryan",R,374,29,4,1.8745293616632146,1.503659163066154,1.4976538397971575,0.2619984844796741,0.02406381347456009,0.1088717141173864,0.01893295982596171,0.008507541297745235,0.004817770985750122,0.01266192177679337,0.003745202699812008
518489,2025,"Brasier, Ryan",R,404,28,4,1.8857310306924782,1.5702541835085801,1.5705039669100564,0.2499046214211612,0.025179414466373683,0.0655722257627368,0.01339320887509129,-0.00033749998058978803,0.0040118261574622095,-0.002517754556089151,0.0017994382788400513
518585,2024,"Cruz, Fernando",R,1138,69,5,1.6135238151513318,1.3290261302094513,1.3257967601111988,-0.010891260407584182,0.007098441551109228,0.2953889453494648,0.016844592732002277,0.004313407478651768,0.006321516458088037,-0.001381304503356025,0.010310007806693708
518585,2025,"Cruz, Fernando",R,792,49,4,1.5507397956546718,1.192461306362477,1.172704521145307,0.10080725062909215,0.014297898763818524,0.25747123866310273,0.02313696570959927,0.02647609795600413,0.006488040605046691,0.03655469404704158,0.017705167813487358
518585,2026,"Cruz, Fernando",R,944,61,4,1.5724741176333317,1.3372255061191223,1.3242617253138778,0.015646688934046468,0.00851068658369827,0.219601922580163,0.017835044775562497,0.01721210841090145,0.007672842453351847,0.024072460367035167,0.009683934582931694
518617,2024,"Diekman, Jake",L,627,43,4,1.7640459279287917,1.6291270801506799,1.6138193034684658,0.10045389010733931,0.01441105051486641,0.03446495767077245,0.012977501690133404,0.01991281323599219,0.008306973209649899,0.029769835693001852,0.011908614549097122
518876,2024,"Kelly, Merrill",R,1142,13,6,2.502307393989569,2.327933255903609,2.333024805548468,0.13231875267917537,0.019692904033624423,0.04205538540678427,0.020034308531779826,-0.006922082969558361,0.005021099387345938,-0.014213856042933704,0.002295818840180279
518876,2025,"Kelly, Merrill",R,2833,32,6,2.4475773661039573,2.2882873783904025,2.290049086756942,0.104761225257224,0.012713328513224615,0.054528762456331065,0.01078320905395505,-0.0023971756976013748,0.004961338441456258,-0.0021097645598922533,-0.002667964176226576
518876,2026,"Kelly, Merrill",R,2616,29,6,2.440029759434439,2.232090622588835,2.2228169688623933,0.1304663981169583,0.013882678513479357,0.07747273872864521,0.009251615578522797,0.0127148208324802,0.006043029533171203,0.0032706495868466707,0.02254281935868493
518886,2024,"Kimbrel, Craig",R,963,57,4,1.18232679175767,1.1018705648540086,1.1004049308010329,0.01952748960051398,0.007213356485614655,0.06092873730314755,0.01540166051626136,0.0019360844897332913,0.010165810663243981,-0.012649244055894506,0.017386644389762736
518886,2026,"Kimbrel, Craig",R,776,46,5,1.5792406576852052,1.4675291433018998,1.4695194534538156,0.08411624508197027,0.018397720046740493,0.027595269301335053,0.014282946604875025,-0.0026628977204942264,0.00446654049199274,-0.007868496466136,0.0032316773297177835
519008,2024,"McFarland, T.J.",L,836,79,4,1.4256081003075416,1.3311369813388945,1.32772742608198,0.06660598582083971,0.012943752325981817,0.027865133147807634,0.010660174254749579,0.004703610882475683,0.004341128268589846,0.008062243766647605,0.001580296225857208
519008,2025,"McFarland, T.J.",L,272,27,4,1.467623270276222,1.3708674966537515,1.3795886561727528,0.0699500574728898,0.015125643214882599,0.026805716149580633,0.012804071928785665,-0.011980582773577752,0.005834196846663561,-0.013865567665145625,-0.008889207551406443
519043,2024,"Moore, Matt",L,854,51,4,1.5551095726603348,1.3475522448057045,1.353988053741889,0.14255189461356685,0.03736920012102329,0.06500543324106352,0.013274704321363937,-0.00854771513452835,0.008244797206584263,0.0012204014085702955,-0.01999885175768791
519141,2025,"Pomeranz, Drew",L,800,57,2,0.7865215577176181,0.6895472068434932,0.6832123665896168,0.01353418618363311,0.006185054487941021,0.08344016469049183,0.010223633596562988,0.008474702680771152,0.004374547452498838,0.009572709307705367,0.007276877269570188
519141,2026,"Pomeranz, Drew",L,478,31,2,0.8507379757731148,0.7494589367858647,0.7460893972509154,0.030068614527044648,0.010936575676517577,0.0712104244602055,0.013126278337801115,0.004641613538057079,0.0022732574698528453,0.008037043139356144,0.0010238641414348601
519151,2024,"Pressly, Ryan",R,969,59,5,2.0219244688961258,1.9570445061254016,1.9448807539028354,0.06290827903459456,0.014679502301244998,0.0019716837361296916,0.010510020820988852,0.016279939093462335,0.004956949080462204,0.017911759619431165,0.014905555902379176
519151,2025,"Pressly, Ryan",R,661,44,5,2.11014775743387,2.020593573027402,2.012643392215676,0.06318024263916917,0.012157205894373609,0.026373941767298802,0.015096139588582852,0.010970917571087535,0.006382487517114623,0.00960924193631957,0.012745023806770792
519242,2024,"Sale, Chris",L,2815,29,4,1.7375398069650008,1.6838907531075538,1.6361825865963673,0.025841551762343783,0.006375532879753895,0.027807502095103374,0.007358283643105264,0.06361842194646629,0.005907181390463986,0.07531526207637107,0.050867708101886955
519242,2025,"Sale, Chris",L,2031,21,4,1.4965275912424507,1.4084559601994977,1.3769611951126168,0.058915387246964705,0.01546890411191475,0.029156243795988697,0.005896140094883609,0.04219384425557662,0.006332681973667356,0.04217654705551419,0.04221306872026993
519242,2026,"Sale, Chris",L,2574,27,4,1.6981064182747092,1.457170418838549,1.4445785687130925,0.18046420254137133,0.020638482871009754,0.06047179689478892,0.011482620793337657,0.01685461374047037,0.00609221718182209,0.023995782689291454,0.009601162261007445
519293,2024,"Smith, Will",L,673,45,4,1.8161736453376578,1.4755449023633374,1.4589966127536402,0.2015120583211294,0.02518068718371779,0.13911668465319119,0.02199778835933332,0.02277504889023742,0.008638841254645823,0.021616368115467216,0.024101433461355945
519326,2024,"Strickland, Hunter",R,1157,72,6,2.3148807739489716,2.1446873525167702,2.08346937138693,0.12473827458113118,0.01782320526102273,0.04545514685107,0.013761627165771843,0.082073237737225,0.010968102329138387,0.08246249834309106,0.08166266047913293
519326,2025,"Strickland, Hunter",R,332,19,5,2.139769471210661,1.8605802510773046,1.8547590159677863,0.20631978882985566,0.03218476373497733,0.07286943130350088,0.025816852323953154,0.007953292413004383,0.005151719956034535,0.002379367182015408,0.014260628858597172
523260,2024,"Kelly, Joe",R,552,35,5,2.23243696510839,2.0166473154753626,1.926274500552447,0.16777781749402962,0.043955669171150034,0.04801183213899764,0.020953173806908268,0.1216726678962178,0.011060510350479206,0.12390895769097704,0.11925475050391474
527048,2024,"Pérez, Martín",L,2204,26,6,2.117564934595696,2.0486019403606672,2.0485953679797304,0.028303636240170394,0.005802354387434499,0.040659357994858245,0.010295396712458072,8.980488273467877e-06,0.005272023028062135,-0.0013469566844907781,0.0013300649307708275
527048,2025,"Pérez, Martín",L,902,11,5,2.0435639626066804,1.9983436417722036,2.0000346037593513,0.027819453593815324,0.01207809903817899,0.017400867240661144,0.012720468724105703,-0.002269713857748756,0.007544103048973694,0.008243014356694259,-0.01586808926141396
527048,2026,"Pérez, Martín",L,2244,30,5,2.011529430266055,1.8489152194525382,1.8465046787057358,0.044834897881548645,0.010253141914117308,0.11777931293196787,0.00832280997792176,0.0032823139780495717,0.006438063168162784,0.0080131642660662,-0.0015530213470030016
541640,2024,"Ramírez, Erasmo",R,302,13,5,1.8760219247246868,1.6654113631800156,1.6625179805669987,0.09726264762909773,0.034453705745234736,0.11334791391557357,0.019030555266463158,0.004026735249452459,0.004167160384623966,0.004018980789948857,0.004035317855116639
542585,2024,"Cisnero, José",R,313,15,5,2.0121726780001348,1.7547625308631218,1.7268423993968225,0.1811796075586304,0.0419126064705714,0.07623053957838252,0.014070091135865145,0.03656485836381496,0.007656597387194967,0.03188523938077549,0.04365817555915902
542881,2024,"Anderson, Tyler",L,2914,31,6,1.785525635656099,1.5430212276472577,1.5424679686499019,0.19852957226498272,0.018844913128354422,0.043974835743858,0.00961662418922268,0.0007502078726369649,0.006106334805102084,0.016130437426404253,-0.015198579930037358
542881,2025,"Anderson, Tyler",L,2339,26,6,1.8989895245524129,1.651018568248409,1.6452546748688759,0.1980930395639547,0.014139158634270952,0.04987791674004892,0.01078720983448054,0.007739234566434027,0.0040658693469612615,0.004717930876362253,0.0107605382565058
542888,2024,"Armstrong, Shawn",R,1109,57,4,1.875392660492089,1.798110842757137,1.7927217094753278,0.025656653187469822,0.008954085668376476,0.051625164547482054,0.013645407964043552,0.007351228548002952,0.00662455201777125,0.012050352680010139,0.001227724013376017
542888,2025,"Armstrong, Shawn",R,1118,71,4,2.0002192211737944,1.9121362589222142,1.8878049961227306,0.03884874607655837,0.01049172833853963,0.04923421617502197,0.011203261117100316,0.032616728788755954,0.006134567490842546,0.024358903838254984,0.04201794488624936
542888,2026,"Armstrong, Shawn",R,628,41,4,1.9771014162746743,1.9133680393458479,1.8982009908837698,0.04466753558135709,0.016963844808645965,0.01906584134746955,0.011680759523095878,0.020094739312626727,0.008260609557403263,0.02160975481449328,0.018760082799077614
543037,2024,"Cole, Gerrit",R,1534,17,6,2.0758207600629848,2.0732002124256574,2.0662188072555168,0.026613066812590583,0.007056031811365981,-0.023992519175263273,0.011768137539655613,0.009353253738861103,0.0050023732750899075,0.015694284965921856,0.002517368895169477
543037,2026,"Cole, Gerrit",R,1923,22,6,1.9579997340982191,1.8827425462714216,1.8837808571085768,0.04380525148140785,0.008495973078745495,0.03145193634538976,0.008538717351939892,-0.0014160792481203257,0.005292787035342003,-0.0020620141963434767,-0.0008211854810919181
543056,2024,"Coulombe, Danny",L,466,33,5,2.2418750143596964,2.0671813270464865,2.0526109513928334,0.013732201905425883,0.010272295527498409,0.1609614854077841,0.026900189936642022,0.018913078146524806,0.007146622977943526,0.015259160525811015,0.022628578648486584
543056,2025,"Coulombe, Danny",L,719,55,6,2.072321253527222,1.9073209921838086,1.9008272221984683,0.07193965166609012,0.019317425083789558,0.09306060967732353,0.018004839777458228,0.00861442918719484,0.005019498097581449,0.017361054960730572,0.0016634683075637995
543056,2026,"Coulombe, Danny",L,385,29,5,2.0923654483335294,1.9689071048905085,1.957296562015676,0.03536349648596778,0.014899278451534758,0.08809484695705279,0.019006417608962274,0.015467332203496926,0.005838465843769648,0.00965513821644691,0.024135518063493937
543101,2025,"DeSclafani, Anthony",R,634,13,6,2.3701227427555187,2.20807490387852,2.2024826960924253,0.09459929316366311,0.020523474182470174,0.06744854571333513,0.018751076836083264,0.00762464459437457,0.005632582454852954,0.014211886504656183,-0.0005143994966945378
543135,2024,"Eovaldi, Nathan",R,2622,29,6,2.0686971290458107,2.011015723028903,1.9791203271308848,0.006763178701240188,0.026107924750543052,0.05091822731566777,0.015004086331729385,0.043444014568625317,0.008668579554001457,0.054658745973228,0.0316188762252449
543135,2025,"Eovaldi, Nathan",R,1919,22,6,2.2368790652066664,2.098345958832863,2.071875070255511,0.06797321597739084,0.005930731948913364,0.07055989039641232,0.0113830930795566,0.03567249661512513,0.0052316772751953705,0.03739639391070438,0.03397264251753165
543135,2026,"Eovaldi, Nathan",R,2220,27,6,2.1878275389948567,2.0358238734160903,2.0193059727750975,0.08561302508814518,0.014093201102888225,0.06639064049062088,0.011304356865822705,0.022832963526154906,0.008442334905143104,0.022236235469841648,0.023468041714621957
543243,2024,"Gray, Sonny",R,2483,28,6,2.5031468906295666,1.9765636551990888,1.969443237537308,0.1809588780402694,0.01943219749106697,0.3456243573902078,0.021956489180973003,0.009773353816585093,0.006932918463278997,0.004727155689202034,0.014995516108140119
543243,2025,"Gray, Sonny",R,2718,32,7,2.6131546299638146,2.0994642673315993,2.087335861815595,0.19508434979905778,0.015642161083594182,0.3186060128331576,0.01664268257210687,0.016801736081804027,0.006821101648626712,0.02124341670463681,0.012580814933267117
543243,2026,"Gray, Sonny",R,2474,29,6,2.503675218713795,2.0752841234093884,2.0713225837212206,0.13652381478920855,0.015902243070320097,0.291867280515198,0.018122222740210654,0.0054814592777001955,0.0058696153864740384,-0.006441883217700089,0.017141011009927903
543294,2024,"Hendricks, Kyle",R,2135,29,4,1.829908060009744,1.7177101607290113,1.7150353356375645,0.043157669372155004,0.015214288137168661,0.06904022990857786,0.012970897543883675,0.003651375684295533,0.006091500430405859,0.002547818023775781,0.004821815627271028
543294,2025,"Hendricks, Kyle",R,2571,31,4,1.7727566484373283,1.684008017055374,1.6714233071032374,0.00034367311093941425,0.0021732552023339623,0.08840495827101469,0.007982585703315314,0.0172285885446983,0.007584386873960756,0.02721611339480495,0.006093848002349671
543339,2024,"Hudson, Daniel",R,999,65,4,1.427622133569648,1.2514847136070737,1.24347092680237,0.10774750981731152,0.016510689269231993,0.06838991014526238,0.011880003929508701,0.010731599219704355,0.0056826503039779505,0.009483095623398958,0.012106711631409734
543351,2024,"Jackson, Jay",R,453,20,4,1.6118838795596573,1.473199737108756,1.4581503222790666,0.1288488999549022,0.029012123226628463,0.009835242495999439,0.01010818849662017,0.020110279993655295,0.004906766306980272,0.01845400082416771,0.022030297884398867
543518,2024,"McGough, Scott",R,577,26,4,1.6302743401409028,1.4739497836986937,1.4680045213437805,0.11603625006263303,0.030697958997310072,0.040288306379576144,0.0132941049980111,0.008033762011205899,0.00563940853326951,-0.0062663266876848275,0.018555371988845007
543518,2025,"McGough, Scott",R,297,13,4,1.7751636195830225,1.719553507852565,1.72718397884661,0.03806043104498711,0.02487244917024431,0.017549680685470363,0.016990095455215366,-0.010208332816357435,0.0036691270666009967,-0.01096566741886854,-0.009157836432229128
543859,2024,"Tonkin, Michael",R,1419,57,4,1.8280036425533837,1.6589252275566595,1.6193946107882167,0.017099136836695873,0.009018078348563259,0.15197927816002815,0.02144564564513852,0.05193883814298226,0.007881288127456912,0.044165374398569615,0.06024840283528542
543859,2025,"Tonkin, Michael",R,397,21,4,1.5969610484866559,1.523796926308137,1.513469920281737,0.05075472592913459,0.02411431280743661,0.022409396249384154,0.011177716092042017,0.013992564479456971,0.006111196212186532,0.016197484035959248,0.011890541168924802
544150,2024,"Suárez, Albert",R,2233,32,5,1.8064986679739077,1.6474180575705428,1.60737257785624,0.10587369413448448,0.016590554427249625,0.0532069162688799,0.008975715748778174,0.05361004568467566,0.008476969166967161,0.059452101461468225,0.04642462948862061
544150,2026,"Suárez, Albert",R,970,28,5,1.72222234274423,1.332898955571065,1.3088724976822848,0.33243101176562523,0.014973725062510863,0.05689237540753995,0.011696242191634412,0.0329641642887088,0.010035537626250288,0.03771156586413125,0.026448435280830337
547001,2024,"Poteet, Cody",R,384,5,5,2.286462625297377,2.1895573333377114,2.1880024853004154,0.10455579790246199,0.07315680558955046,-0.00765050594279626,0.016205904396491968,0.002073130716394694,0.004189507000616803,0.00516284770601411,-0.001899362555973127
547179,2024,"Lorenzen, Michael",R,2092,26,7,2.6342054182115984,2.36942203501017,2.3376216352928005,0.1833353746393636,0.021439340100176965,0.08144800856206498,0.009348181253757967,0.04280980451012679,0.006653185538532899,0.04097277617039745,0.044987884524742595
547179,2025,"Lorenzen, Michael",R,2318,27,7,2.7497630112448466,2.5544057974839736,2.5546808804755394,0.10855285896858123,0.01679258474581083,0.08680435479229134,0.01301675272532702,-0.0003726723404144485,0.004704181554100834,-0.006083161080443406,0.0053311452679088685
547179,2026,"Lorenzen, Michael",R,2399,32,7,2.7153868228647964,2.5310043264912823,2.51992611023862,0.09245917267484914,0.015154204723042918,0.0919233236986645,0.01166070656687392,0.014930697073110661,0.0062978198584002325,0.01804639570892513,0.0115901168128253
547184,2024,"Kelly, Michael",R,470,28,5,1.4757092267845555,1.3907024565982264,1.3782941910387365,0.030260457730058008,0.017582216818151704,0.054746312456271026,0.017413661054654788,0.01700257962962148,0.005935175130202358,0.02671847488571821,0.005218138931904148
547184,2025,"Kelly, Michael",R,658,42,5,1.7263580102240828,1.6091572143508501,1.591436528962161,0.028929280132962937,0.00984383662993904,0.0882715157402698,0.016604557532104217,0.02365154358165773,0.006510537066177491,0.034019605595272576,0.012984813114975789
547973,2024,"Chapman, Aroldis",L,1128,68,4,1.9293260461031092,1.6767908910186942,1.6123992407752095,0.05546150176075085,0.0170373218676009,0.19707365332366408,0.020402723279544947,0.08426192746479233,0.008646936690736667,0.10099216888403825,0.06673690022990525
547973,2025,"Chapman, Aroldis",L,917,67,4,1.8341223779249107,1.594055314520127,1.563016852902426,0.05110161554061332,0.01277522475374168,0.1889654478641704,0.018084131891470855,0.04130953454779691,0.007744835402415683,0.04902215234918626,0.03396834593231015
547973,2026,"Chapman, Aroldis",L,841,53,4,1.8843736594852694,1.6749240450098548,1.6426210490684507,0.055475444105226666,0.01581083993709873,0.15397417037018815,0.019585448640692733,0.043259266857835266,0.011689277622589016,0.024338390403115622,0.05928636220771543
548384,2025,"Raley, Brooks",L,388,30,4,1.8982485680420342,1.7269840587846212,1.7171921735469329,0.04132831950614978,0.014793730594454754,0.12993618975126292,0.01668007513507862,0.013146198865824056,0.005375443057364753,0.008937183040924241,0.017751716181475304
548384,2026,"Raley, Brooks",L,842,61,4,1.916960130376822,1.7085267259252799,1.7043115470613128,0.07222840244134791,0.013524999910442558,0.1362050020101941,0.01987601081308566,0.005733732800420502,0.005811083547983242,0.010111766507059158,0.0010482117765931757
548389,2024,"Stripling, Ross",R,1358,22,6,2.5004274842062273,2.3063802928529946,2.2903258276632776,0.09504320502925453,0.01846130909540685,0.09900398632397814,0.01656949855741672,0.022269625870924646,0.005977521329488292,0.022566968375670095,0.022019791097200557
552640,2024,"Kittredge, Andrew",R,1028,74,5,1.4968008533018693,1.395115859815107,1.3963248416362648,0.019460482079525547,0.030541553423995237,0.08222451140723688,0.016448072489156373,-0.0016727231657477902,0.005809741066121802,-0.003265991834338801,-4.9147756178147567e-05
552640,2025,"Kittredge, Andrew",R,768,54,4,1.4344527233307038,1.2370358230289042,1.2335409688982928,0.06569231019768161,0.015323605933921928,0.1317245901041179,0.014771313879913147,0.00478439923762815,0.0056633961112406055,-0.006144707060729621,0.014568903187171427
552640,2026,"Kittredge, Andrew",R,711,55,3,1.4139062857589166,1.209318696295627,1.205469203818793,0.10070836795626105,0.012753730202210704,0.1038792215070285,0.013383871552983357,0.00549596215066049,0.00387425332321417,0.0011071836954286548,0.010252002401309215
554340,2024,"García, Yimi",R,619,39,6,2.342792633856252,1.8639051694693642,1.8577827581900082,0.33938061375472894,0.032510041546818226,0.13950685063215895,0.019891822622786718,0.008097804662225108,0.005721748130442569,-0.00012084172506960542,0.017604165230017618
554340,2025,"García, Yimi",R,359,22,6,2.127121812669805,1.8962334290809257,1.8715306922112676,0.1407291158360102,0.042535491246023766,0.09015926775286862,0.019663876707725684,0.03284549087484214,0.005695097406767932,0.03418266077709835,0.03156645879442317
554430,2024,"Wheeler, Zack",R,3134,32,6,2.298839141348499,2.0190824586889495,2.0246186769974317,0.22454716029573651,0.019720512330432146,0.05520952236381335,0.007624913391055907,-0.007398937389672698,0.0046041487210064,0.0027921308407254323,-0.017494842843725853
554430,2025,"Wheeler, Zack",R,2394,24,6,2.3192174607430625,1.9561093142054946,1.9620371535242151,0.2941485267033045,0.019040459490691223,0.06895961983426364,0.010077557306216586,-0.00785783351551317,0.003624831631202319,-0.003270097134139086,-0.01247615480609642
554430,2026,"Wheeler, Zack",R,2649,28,6,2.414620037819313,2.0571156310961993,2.06366517476559,0.28052192547469096,0.01701926233466076,0.07698248124842273,0.010310939985229145,-0.008657555479150128,0.004663922511365041,-0.004550092998251411,-0.013142321402970643
570632,2024,"Ureña, José",R,1759,33,4,1.733797011879963,1.6126921803841934,1.6046429380892713,0.08905830880756851,0.01247347318435916,0.03204652268820131,0.008078806576399073,0.010916435772372972,0.0030147866584348897,0.006789714210074091,0.015492735130889779
570632,2025,"Ureña, José",R,934,19,5,2.053864137522524,1.9402517623417896,1.9332339429220053,0.0703530958998245,0.01586073282156105,0.04325927928090986,0.015772560911556013,0.009499483098664626,0.005423239286349804,0.008202639953163173,0.011288232264873526
571510,2024,"Boyd, Matthew",L,669,8,5,2.123468171805086,1.985406955450518,1.9687177368337783,0.09806567822211905,0.03391946732828979,0.03999553813244904,0.018158133954148142,0.022196992553874566,0.006682792351111557,0.03444744712437205,0.011709518530422848
571510,2025,"Boyd, Matthew",L,2746,31,5,1.9248075900289843,1.6991501041742332,1.6697456965640491,0.13880385038838033,0.011513290459567971,0.08685363546637062,0.007446868675043336,0.03985414772831535,0.00588830773802271,0.04058635837622199,0.03908183629441791
571510,2026,"Boyd, Matthew",L,1957,22,5,1.9050817591724265,1.702891493895357,1.6903009360387604,0.12611735582058595,0.015813350188891045,0.07607290945648354,0.008016420748901729,0.017170537787707385,0.005528096571616123,0.018388457560605483,0.0160106141944711
571578,2024,"Corbin, Patrick",L,2888,32,7,2.0374778776850246,1.9509526629331495,1.9278435186471843,0.0583487582201059,0.009392257194222379,0.028176456531769308,0.0067417077456959065,0.031495615242032905,0.0072195463822557725,0.03411697260225741,0.02896423025873633
571578,2025,"Corbin, Patrick",L,2588,31,6,2.056570647058859,1.966425931894802,1.9379100059422412,0.04700702015546547,0.010189723565112076,0.04313769500859151,0.008227271113939711,0.038397094883052964,0.007031821755133224,0.03484522601742071,0.04191951820368516
571578,2026,"Corbin, Patrick",L,1412,19,6,2.3386804330215547,2.158312269986587,2.1626041070969553,0.10161395888449104,0.017231672836122834,0.07875420415047633,0.012118243826172576,-0.005777000953136175,0.003984637989963367,-0.010887841519841969,-0.00016529801089321472
571656,2024,"Farmer, Buck",R,1168,61,4,1.96989341704451,1.6712472455657859,1.6533734477291344,0.15118923643233093,0.0219716483536756,0.14745693504639343,0.014634427030704961,0.023886265301154192,0.009158538091402426,0.03969968556771918,0.002941894841714405
571670,2024,"Floro, Dylan",R,1018,66,4,1.7442116404411416,1.5509266927385459,1.5411688038435063,0.1378577735070316,0.017804970787614727,0.055427174195564324,0.011755071076924513,0.013441855067862224,0.006548324324984925,0.029329479145322874,-0.0007755316065833348
571760,2024,"Heaney, Andrew",L,2731,32,7,1.7183603987379563,1.6564410982609237,1.6532890147678934,0.034079810664055334,0.0077251571472810405,0.027839489812976948,0.008505555502032322,0.004223915613084615,0.005214261407626252,-0.0023119150141617355,0.010373821003293563
571760,2025,"Heaney, Andrew",L,2082,27,5,2.1062470769907047,1.9993316556057823,1.9935222809837925,0.06598545781489079,0.010068252017041994,0.040929963570031334,0.008929993487104626,0.007833625623693802,0.006662436367406931,0.011229657943072926,0.004402217967654473
571882,2024,"Law, Derek",R,1368,75,6,2.1727497350429688,1.9643509245413018,1.9202222540857072,0.07896966630480957,0.010125461400035661,0.12942914419685725,0.012462060340078171,0.06018745880683275,0.01071915664380306,0.06695998114208315,0.05331974037450051
571927,2024,"Matz, Steven",L,754,12,5,1.5237919812752445,1.4702518586381572,1.4731964647454123,0.02882310782741147,0.010145221793176801,0.024717014809675968,0.014959351094963692,-0.003929615937824122,0.005242813471007685,-0.0010644225519218329,-0.006845973491331806
571927,2025,"Matz, Steven",L,1159,53,4,1.4794351038462068,1.3688334154446204,1.358169895854419,0.059454588607798745,0.013331429165291777,0.05114709979378759,0.010677991600656729,0.014540022594168653,0.005418438931112516,0.015080119568279626,0.013984457448961422
571927,2026,"Matz, Steven",L,1345,36,5,1.7224958851713283,1.5908411616665001,1.57455252216913,0.02584121538533075,0.006579838827594126,0.1058135081194976,0.014258376126732782,0.021842692047819263,0.007095024690537823,0.01176128368790278,0.0328272265733116
571945,2024,"Mikolas, Miles",R,2703,32,6,2.3637305359761225,2.2248848350019146,2.2176138257924682,0.07618220866367856,0.00983439433446939,0.0626634923105298,0.011320131809049555,0.009916013064143126,0.004559614976167376,0.013998156935853347,0.005792468138967288
571945,2025,"Mikolas, Miles",R,2480,31,6,2.388053892434113,2.185511106756938,2.143344205205247,0.09847431286984129,0.011070166123391859,0.10406847280733322,0.011160536156575146,0.05774374149541371,0.00829283983816056,0.043774108241476914,0.07272033916010334
571945,2026,"Mikolas, Miles",R,1826,25,6,2.414228289957737,2.2779146759382187,2.255915818531844,0.08243888423253988,0.015080030344671272,0.05387472978697827,0.0112833578473538,0.0302940525068185,0.008203665234984957,0.025735526120160317,0.035469191158338666
571946,2024,"Miller, Shelby",R,850,51,3,1.3681576069583359,1.3085325366267773,1.3020249120697143,0.03582886236632186,0.013907999450718592,0.023796207965237126,0.011312741536105416,0.008850369397605452,0.006301052016086772,0.013054026739607856,0.004945119829881
571946,2025,"Miller, Shelby",R,705,48,5,1.3293159997950734,1.2046520725667942,1.2035416420878644,0.08788828563592337,0.015134229109004364,0.03677564159235545,0.012441479045176741,0.0015025978649627855,0.0062679389636252835,0.01368379240037598,-0.009144993041891198
571948,2024,"Milner, Hoby",L,1043,61,4,1.9294114973090573,1.7752681520365157,1.756631386740822,0.09048965790337742,0.012171124400246968,0.0636536873691643,0.012532010522098576,0.025049157478618748,0.006644398772773359,0.032093283504424606,0.01747766372895577
571948,2025,"Milner, Hoby",L,1157,73,4,1.9018279660233846,1.7051900580545083,1.6707177467199892,0.12119273986917668,0.016976045394544524,0.07544516809969964,0.011992557786067998,0.04600284223072521,0.007015813474898741,0.041036818045084376,0.05248773019654875
571948,2026,"Milner, Hoby",L,674,44,4,1.9174866987212014,1.74887184592646,1.7373331367236045,0.10473312243331807,0.01705815373137271,0.06388173036142339,0.015003903733371604,0.015616646591816753,0.005691634182819815,0.009652380577233425,0.01996559056078376
572020,2024,"Paxton, James",L,1708,21,5,1.66330176378979,1.5336374896807003,1.5269780721097868,0.07837363164851287,0.0183528221814863,0.05129064246057694,0.01044174483421285,0.008949083565004002,0.009236805015044446,-0.0033698577266328728,0.021404468826643187
572143,2024,"Smith, Burch",R,896,50,6,1.847874185687278,1.8353051451585127,1.8269280569422024,-0.018600172221103144,0.025238210893951722,0.031169212749868478,0.013977170475502877,0.011459345102005978,0.005412418860854115,0.009745270667733001,0.013402335014471764
572143,2026,"Smith, Burch",R,287,13,5,1.8894365692088833,1.7834859208464822,1.780618021767941,0.0677273424643281,0.012627588842444533,0.038223305898072844,0.017461282938379574,0.003846201100660502,0.004808285667424557,0.006884699337850566,-0.00034017424835691826
572955,2024,"Johnson, Pierce",R,916,58,3,1.0379497029187015,1.0172037210748073,1.0003009147012214,0.013013104049697716,0.007025315687878844,0.007732877794196685,0.007005404677158843,0.022735639703677517,0.007019160834044895,0.028535426727109542,0.016493795742483906
572955,2025,"Johnson, Pierce",R,968,65,3,1.0456773156318944,1.0472940126209633,1.0369651796043817,0.003226102849163449,0.002980045117109428,-0.004842799838232171,0.005662211355387138,0.013733942802267508,0.005289222945859332,0.01752363630265347,0.010046951022759215
572955,2026,"Johnson, Pierce",R,840,56,3,0.9918661362750768,0.985378708378681,0.9834111352095541,0.0020223986295225776,0.003014858551108764,0.004465029266872959,0.007815069591023096,0.002627601688500122,0.0023548821439470526,0.00517732798369059,0.0002120715141091527
572971,2024,"Keuchel, Dallas",L,308,4,4,1.4978043077047298,1.417422018280406,1.41311131374736,0.05220724783457701,0.02133687023596677,0.028175041589746576,0.01385688508473275,0.00579780347676078,0.00609291976995987,0.0045017031895465045,0.007301768904377343
573009,2024,"Mantiply, Joe",L,867,75,4,1.7526978727860762,1.321532940268427,1.3287001962907685,0.3210060429699838,0.02379187641470537,0.11015888954766563,0.014904746585378702,-0.009847877926101246,0.0067012405156071046,-0.011027238324986104,-0.008634388126605568
573009,2026,"Mantiply, Joe",L,399,25,3,1.5256655114070397,1.208783610749,1.195902826667314,0.19512612953054012,0.040901656070181605,0.12175577112749962,0.01805866421463949,0.01790743152819779,0.00596334488350531,0.02230518093155963,0.012955891459227426
573124,2024,"Rogers, Taylor",L,1082,64,2,1.0014306063498928,0.9984113670265403,0.9981560464180876,0.0010358260851686082,0.0016664323051250468,0.0019834132381837694,0.004074968653652825,0.0003316409343887931,0.0013768849759937083,-0.000354922882412834,0.001010011865548396
573124,2025,"Rogers, Taylor",L,894,57,2,1.0033836982895317,0.9901286952522682,0.9837463592501806,0.004859425151706497,0.0034387620216651954,0.008395577885557034,0.00442924576981701,0.00846559107695311,0.003679200355624314,0.00774669335635693,0.009330147812833482
573124,2026,"Rogers, Taylor",L,1076,65,4,1.4850785067199865,1.4435504182710588,1.4430970801318577,0.014319569135915719,0.012519313333121448,0.027208519313011995,0.011134213980564406,0.0006067062658962257,0.006615849421692827,-0.0011728003383116611,0.002725628298699621
573186,2024,"Stroman, Marcus",R,2657,30,7,2.4461751946570565,2.2471200333126355,2.2505385017952695,0.10462261443749005,0.01862447460313358,0.09443254690693076,0.011798257552888282,-0.004580368511527009,0.0043136993050979094,-0.009594300641349307,0.0003782444072340636
573186,2025,"Stroman, Marcus",R,704,9,7,2.458969438700536,2.2406394395233575,2.2381992202097583,0.11589336291475781,0.02747221353407813,0.10243663626242117,0.018632580186344373,0.0032474752301957254,0.004807455110833694,0.00831689448839866,-0.0025402827892910245
573204,2024,"Thielbar, Caleb",L,887,59,4,1.6181432943414962,1.2784505859750515,1.2832685998605171,0.3120918910412277,0.024931184401873994,0.027600817325217044,0.012409605757334324,-0.006350042074900343,0.007195828352432181,-0.01045965025399841,-0.002579974172707813
573204,2025,"Thielbar, Caleb",L,839,67,4,1.8717258281439844,1.61017021571351,1.6044696718098237,0.21570236580580193,0.01831028391765193,0.045853246624672266,0.01290937249221117,0.00773908792102381,0.006099146006895418,0.006755250193413052,0.008735744381241877
573204,2026,"Thielbar, Caleb",L,848,58,4,1.9149008823081783,1.684752992720477,1.6817915693600958,0.2021351089435211,0.019524339561072954,0.02801278064418043,0.009767905785174395,0.003936186535428198,0.005231801292231821,0.005079397536214973,0.0027341608207745787
579328,2024,"Kikuchi, Yusei",L,2923,32,4,1.8107722698220072,1.680399611776806,1.6779695901806757,0.044956141408963056,0.005912930242843868,0.08541651663623809,0.009396749070071026,0.0032537577304117965,0.0032760755138077674,0.0024427221926278256,0.004047881375748779
579328,2025,"Kikuchi, Yusei",L,3094,33,6,1.9498213190963467,1.777453379432105,1.755648431849871,0.036304124276409715,0.012307755247887582,0.136063815387832,0.015420040379805135,0.02902947840767282,0.009065168287982064,0.025871267526822506,0.03253159609950502
579328,2026,"Kikuchi, Yusei",L,1202,14,5,2.086833819533287,1.9758258785227876,1.9455810931608282,0.018366129828127468,0.007646396931731697,0.09264181118237179,0.010226037374186257,0.04048355457135271,0.012652389938476444,0.03872946047540572,0.04208089983319378
592094,2024,"Adam, Jason",R,1109,74,6,2.056612358238136,1.9661188541497963,1.9723000652704379,0.07673464809843868,0.023743561595154117,0.013758855989900889,0.013625753472014794,-0.008288951792976333,0.005130485102897056,-0.0183688015413784,0.00015572232957384192
592094,2025,"Adam, Jason",R,1087,65,5,1.8775750040043264,1.7707421662535252,1.7706808476844718,0.05497499916191973,0.012741761078022265,0.0518578385888815,0.013298030957454705,8.1483232959822e-05,0.004958244799369895,0.0035408947505568738,-0.0034984053026629975
592094,2026,"Adam, Jason",R,583,38,4,1.8168947918496745,1.7654878562781708,1.7651018962941565,0.021458133227719604,0.011669175358110165,0.02994880234378406,0.014114126595142152,0.0005102373484815862,0.004459531900362375,-0.0009894491793788062,0.0017547904836354392
592155,2024,"Booser, Cam",L,695,43,3,1.5597365288486271,1.3150804583393028,1.2945045545274592,0.06528778211783746,0.021787224235379783,0.17936828839148677,0.025579375673118215,0.027875737133004445,0.010715987965285627,0.04209554201102064,0.011951906050597875
592155,2025,"Booser, Cam",L,571,39,4,1.6588750623815747,1.5299265920581377,1.5326346389496504,0.12926823946891047,0.022895418561296906,-0.00031976914547332,0.015168989255870244,-0.0036212992390019607,0.005362086469376725,-0.005933816714405828,-0.0017848883026518338
592155,2026,"Booser, Cam",L,573,42,4,1.4791917969423487,1.2971542109638579,1.2975800821823267,0.12478027807566153,0.023406452408102834,0.057257307902829215,0.013701500883428435,-0.0005810100194826174,0.0044284579649833955,-0.0022456698673093477,0.0007168603703483927
592288,2024,"Emanuel, Kent",L,302,12,4,1.4029386073762196,1.2457570370612672,1.2391290989435155,0.1238221176093935,0.029657481821190445,0.03335945270555885,0.014351592204983252,0.009098351416186173,0.0029472674609197108,0.006447047668292969,0.010865887248114974
592332,2024,"Gausman, Kevin",R,2868,31,4,1.575261366610285,1.4107569061310263,1.401580455169763,0.08086599639892075,0.011819193755225466,0.08363846408033772,0.01305750513761956,0.012361700966135996,0.004901033634151282,0.020064510609713673,0.00307043627688789
592332,2025,"Gausman, Kevin",R,3030,32,4,1.3312792439650305,1.2658243464183347,1.247479096544403,0.020625590547828046,0.006532719866186756,0.04482930699886765,0.005367253541368657,0.024639231878552,0.004276733190996787,0.024758520231764433,0.024516292936672394
592332,2026,"Gausman, Kevin",R,3003,32,5,1.4574703488621548,1.3778980471484226,1.3743500943386482,0.048442664366457305,0.008861686699675587,0.031129637347274797,0.005805575577098586,0.0047353343501121544,0.004591692809725364,0.007464350048187763,0.0020591693081612474
592351,2024,"Gray, Jon",R,1620,23,4,1.5222203754633703,1.441558488857826,1.4202891574819536,0.0665883896366919,0.011473607310863361,0.014073496968852692,0.006541019661797753,0.029150860261347274,0.006943679607604205,0.02439041251914058,0.03361475552125256
592426,2024,"Jackson, Luke",R,917,52,4,1.5076775548133865,1.5052178419228894,1.5006798231808447,0.009374646227717628,0.008689922392690022,-0.006914933337220598,0.007840592685225469,0.006110665472033691,0.006161099965080721,0.008003943291490189,0.0042229397869451
592426,2025,"Jackson, Luke",R,782,52,6,1.5824398029428273,1.5557033623728715,1.551737912244196,0.008264692981323776,0.02062843642841023,0.01847174758863211,0.018814125645493392,0.005478766785555038,0.0061161977287135915,0.0032958828283044094,0.007109192457328657
592454,2024,"Kahnle, Tommy",R,750,50,4,1.1495091860412312,1.1168799623037704,1.1172297835542258,0.037088334642237784,0.013455418823293121,-0.00445911090477676,0.009088000014913179,-0.0004586817095134121,0.004053472094645646,0.0010547156990964323,-0.0021514447369214594
592454,2025,"Kahnle, Tommy",R,1035,66,3,0.6249837534690372,0.6114629914488847,0.6078066142385137,-0.0008632160563196901,0.0050552987629611836,0.01438397807647228,0.007911049600363604,0.00492753959991416,0.0036620641548957395,0.00551117750063547,0.004223149030078095
592662,2024,"Ray, Robbie",L,568,7,3,1.43795689910347,1.413704650433779,1.4066375232874921,0.009496768727276115,0.010880400814182161,0.014755479942414542,0.008014961951173755,0.009164676299294489,0.003249738880181192,0.005494199571614894,0.012639394268164498
592662,2025,"Ray, Robbie",L,3069,32,6,1.7780944054154249,1.714185379681057,1.6843266288629553,0.055452523584119645,0.013553584773419086,0.008456502150247614,0.007607780031900728,0.03961803124113972,0.008611834921495578,0.042150071664774504,0.03702617883899388
592662,2026,"Ray, Robbie",L,2854,31,5,2.2523625757457646,2.0625766378569623,2.0317620783037973,0.13376470987891312,0.019605126073511968,0.05602122800988941,0.011145316360060671,0.0409426224230598,0.011544004308891182,0.04764559826983266,0.033543745068198856
592767,2024,"Smyly, Drew",L,1016,50,4,1.2142844073438765,1.1640834891554994,1.1282015903302018,0.001777243979365718,0.008724719926782832,0.04842367420901112,0.012913799988274972,0.04784253176706349,0.008936186310819523,0.037891878737050064,0.05805782982447088
592773,2024,"Stanek, Ryne",R,977,63,4,1.505383629232788,1.3753463022314474,1.3559240033215016,0.023379506199039557,0.009017313254326784,0.10665782080230125,0.01427681570160494,0.025712176199209905,0.00666979032652966,0.02751592015387686,0.023506392929346098
592773,2025,"Stanek, Ryne",R,1063,65,4,1.6326840188716618,1.4851209707130992,1.4620120691877987,0.03911543206528159,0.012822829884431468,0.10844761609328109,0.015295596620784106,0.03040193356608236,0.0071900898286705334,0.019858533877259114,0.04063674594694005
592773,2026,"Stanek, Ryne",R,1079,70,5,1.7480344449220144,1.5686720831041732,1.5695965460215835,0.09181361063443245,0.017740493122753886,0.08754875118340916,0.014769692498744163,-0.0012284427190715065,0.005557556566395576,-0.009809136362808965,0.006394406052806885
592779,2024,"Stewart, Brock",R,268,16,5,1.9200017052782583,1.7791736666021694,1.7746742579491828,0.08927508004957783,0.026889020418920002,0.051552958626510846,0.015771471445895493,0.006029207595002073,0.005375934606297588,0.011096109564488962,0.0021281414769015483
592779,2025,"Stewart, Brock",R,610,43,5,1.9133841977782096,1.6123913057982284,1.5991395888717748,0.2475193368594724,0.02691489763168067,0.05347355512050867,0.0166158435885247,0.017923608259726567,0.006944669833212302,0.01918303223757284,0.016601213082987985
592779,2026,"Stewart, Brock",R,382,28,5,2.173426745943685,1.6309993457322927,1.6195699341748004,0.4823853394248357,0.02834531797569975,0.06004206078655675,0.016518520959015993,0.015648871738214984,0.007545630146135729,0.010008825111372426,0.02202083281281573
592791,2024,"Taillon, Jameson",R,2483,28,6,2.395831369983143,1.9666514829675645,1.9554491287415674,0.2857306210588754,0.02361825963002436,0.14344926595670285,0.014124285279330758,0.015384649083601298,0.00777633962704088,0.027962857390146943,0.0033242868395136544
592791,2025,"Taillon, Jameson",R,1979,23,6,2.3786672177912833,1.9027613187162005,1.8850873023564592,0.37349047778206856,0.023187705455923635,0.10241542129301415,0.014462271585265288,0.023973186001321534,0.008843445662787837,0.02802625116280278,0.019835915884961867
592791,2026,"Taillon, Jameson",R,1443,18,7,2.579969432076869,2.143116819029235,2.1408769989991514,0.3474471225674549,0.029850419651481847,0.08940549048017934,0.019572708960350925,0.0030121717645957592,0.010216808634419714,0.0012837999762781648,0.004668002401213897
592836,2024,"Walker, Taijuan",R,1435,19,7,2.601530069896498,2.478974494795208,2.473688649917624,0.08988030749973305,0.029178388852355013,0.0326752676015574,0.022576040348980496,0.007210254181875459,0.006021472645694815,0.012979938086112005,0.0011711686945617198
592836,2025,"Walker, Taijuan",R,2061,34,6,2.4119411852558104,2.190340693499699,2.19120831196376,0.134384236341999,0.015902203480448927,0.08721625541411267,0.011042999997751598,-0.0011764221410720751,0.004594685949766892,0.0016905645218646486,-0.003811733114074514
592836,2026,"Walker, Taijuan",R,424,5,6,2.5594459616404643,2.3580378024536923,2.3597446716496164,0.14690382234040555,0.021931908540058418,0.054504336846366463,0.005674510309035293,-0.0023497160359479494,0.0033934983720635085,-0.005987654228228981,0.002631460873483003
592866,2024,"Williams, Trevor",R,1064,13,5,2.2162324208418416,2.12602135221412,2.106700156741633,0.03559844870342359,0.016962724957383768,0.05461261992429832,0.007961734737050032,0.025601185532660244,0.0068618884776150664,0.029221389302504924,0.02089180870885084
592866,2025,"Williams, Trevor",R,1448,17,5,2.0422329716477443,1.9206476219883535,1.8991957822536125,0.050940044750206935,0.009147266146256864,0.07064530490918382,0.01446633221262974,0.028895129242702454,0.009050305962692984,0.03209265097356619,0.02537910437067844
592866,2026,"Williams, Trevor",R,514,15,5,2.0972650899611263,1.9996737467311019,1.9941695644473147,0.06400330367608739,0.026184105930335606,0.03358803955393668,0.011785222703935717,0.007180582979356625,0.006292747322970074,0.01737477833762867,-0.004103900652527398
593334,2024,"Germán, Domingo",R,373,7,4,1.7528224273816355,1.6372334951721386,1.642895775758301,0.08813524014805531,0.012142779809708315,0.027453692061441333,0.011106018270533743,-0.007736376038968901,0.0021536105871446634,-0.006623826596375061,-0.009335665862697545
593423,2024,"Montas, Frankie",R,2633,30,6,2.3448778168481827,2.170243776300168,2.159365850846308,0.07501052383122214,0.012871606386540356,0.0996235167167932,0.010991900351963324,0.014531495545415173,0.005684830524501846,0.010831012143881798,0.018066778795094378
593423,2025,"Montas, Frankie",R,708,9,6,2.545918072992513,2.4097406752991293,2.4165851670466734,0.04966900904165012,0.02476126044636549,0.08650838865173303,0.0331367830808387,-0.00914320784388892,0.005077534030339885,-0.009054405670264287,-0.009244952844438598
593576,2024,"Neris, Héctor",R,1008,62,4,1.4983039432856993,1.4332161593380106,1.410050774082704,0.04803448254712925,0.015281237170282468,0.017053301400559315,0.010645420958826679,0.0312175245151728,0.007614164110104093,0.03721694842831877,0.024751478742115484
593576,2025,"Neris, Héctor",R,548,35,5,1.7525237933490985,1.6731538916099251,1.6578925043308863,0.08039549017764341,0.01780113424352466,-0.001025588438469975,0.010586109818671245,0.019771253496248517,0.00653048014745085,0.01598441317560743,0.02288886772574182
593958,2024,"Rodriguez, Eduardo",L,866,10,5,2.0588076233108907,1.8272894628942382,1.824146928765562,0.1907615034274872,0.04163521040984562,0.04075665698916511,0.011197555402317304,0.0042389946346315524,0.008935764752829652,0.0101033050052129,-0.0022811925537121833
593958,2025,"Rodriguez, Eduardo",L,2588,29,6,2.1068372473203225,1.9210550681495453,1.9042413957844442,0.15183936270564818,0.020320699491596036,0.033942816465129276,0.008562715125400274,0.022974542809335283,0.008029243521389678,0.036474918755688944,0.008651510657327851
593958,2026,"Rodriguez, Eduardo",L,3066,32,5,2.092013768477196,1.942202244718559,1.9312136824146193,0.08869387788228145,0.013435082411428528,0.06111764587635524,0.010429188194968039,0.014796193247202152,0.006199012231810995,0.011465565791801916,0.018089005718392604
593974,2024,"Peralta, Wandy",L,613,46,4,1.688093464623158,1.6167020787756037,1.618656440344255,0.060411761622902,0.01893238912410487,0.010979624224652478,0.015496365969485703,-0.0026622747590738173,0.005871367970473527,0.0008830859737271609,-0.006083780095095724
593974,2025,"Peralta, Wandy",L,1138,71,4,1.6475549356977304,1.4089038790278203,1.4030143739012182,0.16465088453188895,0.020871328007430412,0.07400017213802142,0.013178099899411128,0.008104300887633668,0.005380726727816024,0.013904907267747377,0.0005051824734623498
593974,2026,"Peralta, Wandy",L,1224,65,4,1.7884742764869133,1.5615418326540056,1.5485567183030036,0.0837968697866051,0.015301574082073189,0.14313557404630278,0.0148164642516065,0.017620598631514904,0.007255811196983542,0.01412867652269672,0.02071803581590593
594027,2026,"Guerrero, Tyron",R,607,40,3,0.7149345200309994,0.5803481665712905,0.5800951404772932,0.08769806912003103,0.012209285141931096,0.046888284339677934,0.009149268619898218,0.00034748153632665693,0.003584948474936257,0.0037068200240878736,-0.0032970838041690063
594580,2024,"Moll, Sam",L,624,48,4,1.8664738213888046,1.6151930532797714,1.6012717325842059,0.11458876549468841,0.01652152268971968,0.13669200261434464,0.014259674663235347,0.018326801928339433,0.006755308505068427,0.022746947687788736,0.014750195435960614
594580,2025,"Moll, Sam",L,332,23,4,1.8580752627237316,1.560221903200204,1.5467575677737284,0.1938824534862342,0.03198335189966079,0.10397090603729327,0.020504827397259662,0.01788063744635983,0.005475712828182659,0.026623265517596063,0.007942436305552815
594580,2026,"Moll, Sam",L,1073,65,4,1.8518041511608423,1.416883694817101,1.3952643711189665,0.18690451077230053,0.014443232204395796,0.24801594557144077,0.023648830651290795,0.02839355486915341,0.005903137988189385,0.027430779611989514,0.02938746464955892
594798,2025,"deGrom, Jacob",R,2614,30,4,1.6235195042380997,1.4978847028494768,1.4872825067895905,0.0745163169254453,0.01232094208661219,0.05111848446317746,0.009430075869985422,0.014263582347165557,0.005256084382866087,0.009962296154941996,0.01864982117728126
594798,2026,"deGrom, Jacob",R,2735,31,5,1.877133415514653,1.6985079132244825,1.6879639651701726,0.0923459823132727,0.013494773833224975,0.0862795199768979,0.011601004496473874,0.013958227458149562,0.005745193145168008,0.010306989031636316,0.017926644172218502
594835,2024,"Gonzales, Marco",L,546,7,5,2.2229151417727233,2.2062271209331463,2.2090380265926557,0.006298159969804825,0.011037484279270916,0.010389860869771478,0.008299247394498385,-0.003885454405295603,0.006985245565924796,-0.006155302886716425,2.8077459223056814e-05
594902,2024,"Lively, Ben",R,2406,29,7,2.3264175283478017,2.185139572036886,2.1811680809431375,0.10230183400238574,0.016156694679241565,0.038976122308530634,0.010993008108893743,0.005392442196138601,0.006715663797603782,0.018131695041213067,-0.009431132848252085
594902,2025,"Lively, Ben",R,719,9,7,2.6075275493001175,2.406705625735948,2.4012903793474507,0.16308028004703654,0.02449347834459479,0.037741643517132724,0.020329898931315735,0.00721030028394421,0.004965372505931854,0.0059344314312730585,0.008604854611282445
595014,2024,"Treinen, Blake",R,737,50,4,1.8482670859847659,1.5008160226696312,1.500862911153986,0.25912556554948946,0.03008436121967845,0.08832549776564522,0.013647754489442474,-6.271653896429019e-05,0.00577622521381568,-0.0097252684652949,0.009221586023702133
595014,2025,"Treinen, Blake",R,511,32,4,1.761783946247946,1.5420663503542342,1.530603689002407,0.12064417237958892,0.022222148650439824,0.09907342351412281,0.019190698041562895,0.01521407779424322,0.005440681567922636,0.020995108005036758,0.009218935353420287
595014,2026,"Treinen, Blake",R,494,36,5,1.8315551271248531,1.7152694755823052,1.7054201175700596,0.09162167038964944,0.030494440105857567,0.024663981152898275,0.015221282735172611,0.013330363994655725,0.004975252523637621,0.012586458519902099,0.01397889697264606
595345,2024,"Okert, Steven",L,616,44,4,1.559764527721006,1.3679755877464896,1.3515443874258948,0.1761261304906232,0.02555011272668713,0.015662809483892946,0.01079012805769497,0.022051458382323755,0.005823109489347645,0.02354592298191519,0.020757470741214118
595345,2025,"Okert, Steven",L,1051,68,4,1.050949592726932,1.0263864343588764,1.0200214796795497,0.013784476132641006,0.008681345832272013,0.010778682235414365,0.006788743769594673,0.008631699829641841,0.005402142473669962,0.009628942348393984,0.0076573531850447265
595345,2026,"Okert, Steven",L,1050,68,4,1.1549277538074991,1.0950692386058405,1.0813318533697136,0.05537694189019205,0.01512632462438804,0.004481573311466478,0.0079870039373566,0.01830489149483923,0.0055767511976244815,0.0065493791947381415,0.02908792832485896
595881,2024,"Beede, Tyler",R,265,13,4,1.8511090483087433,1.8520454996671605,1.8539643763711977,0.014674315889253055,0.011874099488670182,-0.015610767247670129,0.020766900371630446,-0.002581230084110817,0.004548739958926579,0.005659543991560023,-0.015701409862481495
595928,2025,"Curtiss, John",R,545,30,4,1.598328012142346,1.5615381713957819,1.5598341566487952,0.03904953065899015,0.01584301530180619,-0.002259689912426023,0.012527062286066598,0.0022987327651179962,0.0037621661051475794,0.0015825457960238095,0.002993958164385036
596001,2024,"Junis, Jakob",R,943,24,5,1.7134723782722912,1.5894099632162662,1.5819589704992192,0.0398404765517382,0.016900064887068515,0.08422193850428668,0.01627630599819976,0.010183023379964188,0.006959701960084888,0.015682881551349892,0.0049019095676676875
596001,2025,"Junis, Jakob",R,1032,57,4,1.8112374435125,1.6293070377557035,1.6241178068230673,0.14319631705059482,0.02170328717329838,0.03873408870620161,0.010073997395123244,0.007065021533615443,0.00658572438060141,0.01608454475518709,-0.0031199456997323136
596001,2026,"Junis, Jakob",R,845,53,4,1.8998470083890782,1.741562885193971,1.7364682145479549,0.08712836338517325,0.014504577660126292,0.07115575980993369,0.013282426556358121,0.007022833109109322,0.004808995934914855,0.010344974083414863,0.0034181971539954843
596133,2024,"Weaver, Luke",R,1374,62,6,1.6437628551156307,1.571511972599535,1.5720210965672812,0.017099119426298635,0.012575508230308978,0.05515176308979683,0.011721725406295312,-0.0006706963870406149,0.005523685883345111,0.005130705786293319,-0.006116250471675628
596133,2025,"Weaver, Luke",R,1049,64,4,1.3945472125789047,1.2878215816661243,1.2878748959453739,0.04934756401058345,0.01565602398897342,0.05737806690219676,0.012318560768484017,-7.10631244378383e-05,0.0062721554147794865,-0.010156426858226876,0.010195319958419212
596133,2026,"Weaver, Luke",R,903,60,5,1.4616194937206568,1.3750464198505217,1.3731105954797747,0.06947751008177422,0.01684049586604156,0.017095563788361173,0.011107668368981919,0.002624698808985602,0.004888872312430705,0.005281555349392018,0.00015266707139006863
596271,2025,"Lawrence, Casey",R,276,6,7,2.4408073389384874,2.46456994941703,2.4753126085882555,0.025798721999613115,0.1415490000696905,-0.04956133247815614,0.039461689840783985,-0.015127418016622542,0.012907839116073686,-0.007628889954202909,-0.020869534100457394
596295,2024,"Gomber, Austin",L,2621,30,5,1.9204817622189443,1.7631699532470075,1.7673804455585873,0.09449089450510367,0.017628140365821474,0.06282091446683297,0.008795025450375584,-0.005735810992021828,0.0033082393719126328,-0.008683725291364483,-0.002713423068274728
596295,2025,"Gomber, Austin",L,999,12,7,2.360630524328888,2.2375772458212735,2.2187374727143556,0.11217596072919865,0.024208451250252026,0.010877317778415517,0.01406507437197688,0.025888491518309933,0.005817866547024441,0.03246495276960525,0.019034932180583632
600917,2024,"Leclerc, José",R,1204,64,6,2.1218744008096415,1.9284194454322003,1.9187358080594321,0.14157708317717005,0.017751835595260876,0.0518778722002711,0.010881810014479095,0.012742185133128584,0.0067623097332409595,0.012941771190060784,0.012543034853613265
600986,2024,"Vieira, Thyago",R,737,28,4,1.637405072932581,1.6185475326141077,1.5787771599190548,-0.013951274990087114,0.006663483157247387,0.0328088153085609,0.01241557198646417,0.052340651207596144,0.01682821828174597,0.04577885216342171,0.05933828930267515
601713,2024,"Pivetta, Nick",R,2386,27,6,1.8711424653651747,1.6136352088310724,1.6197839470636335,0.19886168451000424,0.021431106349677587,0.05864557202409798,0.011552866540535283,-0.008191451380731744,0.005561517701541421,-0.0015232881449327945,-0.01471962002925978
601713,2025,"Pivetta, Nick",R,2851,31,7,1.9371342346803517,1.6957539524752523,1.69263316995031,0.2131629530354529,0.020070628049629623,0.028217329169646442,0.00678339156016371,0.004177160083854261,0.004747231647063843,0.01006825484622503,-0.0022337371575492245
601713,2026,"Pivetta, Nick",R,578,8,6,1.8338798403368664,1.6462728886755693,1.6393468428327418,0.14392830197808495,0.02290174812387297,0.04367864968321165,0.01279407193432451,0.009160765439712585,0.007262993120481445,0.00218807310960071,0.016101618992061393
605121,2024,"Anderson, Justin",R,945,56,4,1.7347386414059967,1.5199444448722312,1.5103794837768838,0.18484756850397457,0.02456545094829591,0.02994662802979092,0.01036853251251191,0.012857593506548023,0.005557565822699072,0.018135040292624825,0.007565111259542231
605130,2024,"Barlow, Scott",R,1022,63,5,2.0566916596223224,2.0644209264867652,2.0553760603067133,-0.045213833804227666,0.07691609515508893,0.0374845669397844,0.0278573462912252,0.011820784189275466,0.007613412824892501,-0.0004205913757770278,0.02538198461309373
605130,2025,"Barlow, Scott",R,1272,75,6,2.300599537320528,2.161745025638982,2.1555168873866672,0.07086143054760727,0.01721176876947439,0.06799308113393895,0.01288826033691481,0.00815879696904655,0.005230722448696837,0.009198696464149688,0.007116753351273093
605130,2026,"Barlow, Scott",R,581,36,5,2.032518906914498,1.9093179238525564,1.8978332734827488,0.035127281553517097,0.017665453912056615,0.08807370150842472,0.01700313624572706,0.015553803880788145,0.006947081339457275,0.005695360661428996,0.026947984486077617
605135,2024,"Bassitt, Chris",R,2959,31,8,2.482082949799536,2.3431164891945286,2.345375415393354,0.07875936839859148,0.012790630229994786,0.06020709220641626,0.008789259909624538,-0.0030410203013305362,0.004414059454944915,-0.011775358210274159,0.006404636793379325
605135,2025,"Bassitt, Chris",R,2829,32,8,2.447839504415308,2.28156887695029,2.27606962676959,0.1002217757096477,0.01160227290583586,0.06604885175537009,0.009541075546590793,0.007436605526386767,0.00630585208051173,0.015090861701407084,-0.0004103037566205067
605135,2026,"Bassitt, Chris",R,1731,20,7,2.3787649970729214,2.2158290475667584,2.2171382842947827,0.12277178842914259,0.016823164297686957,0.04016416107701991,0.011805309116363365,-0.0017858855604492112,0.003365783973662699,0.0026274209274043834,-0.006376575749583098
605154,2024,"Brebbia, John",R,994,59,2,1.00336024029694,0.9951083955752557,0.9824159738763059,0.005362800645409634,0.004515034137635288,0.002889044076274616,0.004749204824885969,0.016799290504335786,0.005030368703705366,0.024078673035450446,0.009018573088158134
605154,2025,"Brebbia, John",R,459,22,4,1.3648085797224478,1.3579873140833876,1.3637612895105733,0.012740565226316338,0.012611157287398546,-0.005919299587256165,0.010571829042350185,-0.007704228840343547,0.004978604568205942,-0.013167425393681095,-0.002549687459510948
605155,2024,"Brewer, Colten",R,391,16,6,1.843749430960784,1.784241754565937,1.787761413215537,0.0022926658653422104,0.017152014892102822,0.05721501052950478,0.019373823633771825,-0.004649278824302527,0.004741758686731066,-0.0013008728324565661,-0.008697351739817793
605156,2024,"Brooks, Aaron",R,403,5,5,2.0500752421772654,1.9542488916190217,1.9527290881014785,0.04889119477828992,0.02758657902435274,0.04693515577995422,0.024044184568168554,0.0021566225970772596,0.007262849055717611,-0.006687421761953118,0.01496523856532815
605177,2024,"Chafin, Andrew",L,967,62,3,1.459452233929234,1.3501963246211723,1.3475484568696536,-0.001423302692492508,0.0006656345412740793,0.11067921200055406,0.013265707229502254,0.0035414773384764985,0.003400889027501551,0.004119116411640754,0.0029525436465632207
605177,2025,"Chafin, Andrew",L,614,42,4,1.5820763147825363,1.2632387250988637,1.2409581741670033,0.1480323051029903,0.028304092944602607,0.17080528458068225,0.022732394953251862,0.02910693249396238,0.010951568736634752,0.02993330609770206,0.028505381120651877
605182,2024,"Clevinger, Mike",R,303,4,6,2.400808779193556,2.4519982341802,2.4510838898131713,0.011703113748901817,0.13667963395647764,-0.06289256873554513,0.04159871796184627,0.0012258687752629337,0.008655993398573638,0.009138810445209207,-0.0046175343040820065
605242,2026,"Fulmer, Michael",R,264,15,6,2.1691413761335805,1.9964539046006065,1.9941963309428627,0.08215909756672304,0.053400184139059795,0.09052837396625107,0.024698257807584906,0.0029215659100215717,0.006418118464893091,-0.0031322526363133,0.010005821655732593
605280,2024,"Holmes, Clay",R,1085,67,4,1.4581928925973306,1.3706093127612609,1.3525069296365062,0.0054847279487848346,0.010472580998075867,0.08209885188728502,0.013216640003974938,0.024129097899703755,0.007878789553450222,0.0290679160653763,0.018347388100423086
605280,2025,"Holmes, Clay",R,2764,33,6,2.2841121308590733,2.0808179625291694,2.0683592241989857,0.06600556718240211,0.015887814762588957,0.13728860114750205,0.012696539132979523,0.01676531292338275,0.006935491875541177,0.01030241853726993,0.0243053563738477
605280,2026,"Holmes, Clay",R,1613,18,6,2.047255032450886,1.7844782981476344,1.7902151334228726,0.07555363844401336,0.03104095386716203,0.18722309585923805,0.016722089676779434,-0.00775001281319841,0.004063700218168427,-0.0010389128278508672,-0.01426177319502078
605288,2024,"Houser, Adrian",R,1131,23,5,2.085786990487893,2.006055530399176,1.9997219945388383,0.04927445505705756,0.01571683380874531,0.030457005031658824,0.012259420070652298,0.008735645192734119,0.006025000078616209,0.013909141848564647,0.0038563758348655213
605288,2025,"Houser, Adrian",R,1892,21,5,2.0836480248073923,1.921408463638562,1.9099692227263572,0.0784055634385505,0.014738644378523815,0.0838339977302802,0.01872883333483122,0.01578631933325427,0.004424105885560893,0.019172458956825195,0.012019304220437309
605288,2026,"Houser, Adrian",R,1731,26,5,2.024055621447479,1.8791633131416503,1.885518110752326,0.0764116612914212,0.017143336972597775,0.06848064701440734,0.012485048019918033,-0.008730281479428172,0.005408407039735688,-0.007265372118636619,-0.010362328149840238
605347,2024,"López, Jorge",R,802,52,5,2.2103730682481673,1.8953527355708468,1.873602464364121,0.26082356129416867,0.04682473124117007,0.05419677138315146,0.013901437566786285,0.0298183205261442,0.009430710230146438,0.02016334498941935,0.039775014048391705
605347,2025,"López, Jorge",R,386,26,5,2.2642037761797886,1.596348200100316,1.5899843546865653,0.6260449918174827,0.03755434903954236,0.0418105842619894,0.016280613265816507,0.008773015463242459,0.010009765846018457,0.003449251629247697,0.01365920966704587
605397,2024,"Musgrove, Joe",R,1582,19,7,2.468423709635464,2.308269939915195,2.3011967705907996,0.11708622913224714,0.015960945184347226,0.043067540588022195,0.011951548905891654,0.009580268725336683,0.005414210887796785,0.013130354310510278,0.005893879679650319
605400,2024,"Nola, Aaron",R,3189,33,5,2.156011271572535,2.065949559892171,2.061343396638565,0.04980296756668787,0.007985163006855091,0.040258744113676255,0.006727127926855447,0.006211016750844926,0.003994976495432266,0.008303109826698447,0.003924525645819173
605400,2025,"Nola, Aaron",R,1568,17,5,2.1897714139764677,2.1115940759571648,2.1202473036977514,0.04419178269511652,0.011484852102638221,0.03398555532418657,0.01047100771884713,-0.011686702064805791,0.0033738765001375868,-0.013221290918056362,-0.00980815364099906
605400,2026,"Nola, Aaron",R,2946,33,6,2.23483547735461,2.1368623196801835,2.1313370133269323,0.053598078248296085,0.00905374272287703,0.04437507942613077,0.00911121697388338,0.007392167355440041,0.004318603191096521,0.004148125919875445,0.010520453521225343
605447,2025,"Romano, Jordan",R,701,49,2,0.9537128193227343,0.9409829407757148,0.9420975687230904,0.003171558488220498,0.001851220763862388,0.009558320058799148,0.006481949396903289,-0.0015171926040976982,0.002089387594236049,-0.004675643407657511,0.001416499528047746
605447,2026,"Romano, Jordan",R,643,38,4,1.1327791542719778,1.1495153246732137,1.1482139920517351,-0.0048668988603582175,0.009296067148258523,-0.011869271540877534,0.009135801420088829,0.0017041891560298605,0.006672608539661643,-0.0030819244646842817,0.007697808506740686
605452,2024,"Ross, Joe",R,1197,25,5,1.8948487580372904,1.783629675944742,1.7786050276777998,0.07143436243934512,0.014173717782191082,0.039784719653203245,0.012716669429068688,0.006873718829177026,0.005036903837202434,0.013472281455035684,0.0015430618318407966
605452,2025,"Ross, Joe",R,862,37,5,2.066998102743613,1.8716494382366404,1.8692174949542066,0.12912568002146727,0.02361411424522654,0.06622298448550551,0.017722825247415582,0.0033065222546649234,0.005394344462976029,0.010776451752863006,-0.00465004760172196
605463,2024,"Scott, Tayler",R,1203,62,4,1.7249011308033468,1.560201237878162,1.5504057173787607,0.09254137883839951,0.017062359489820555,0.07215851408678538,0.011499155773641434,0.012794800391726261,0.00572867191205729,0.011104195102355684,0.014417062063015905
605463,2025,"Scott, Tayler",R,536,24,5,1.8619935405521864,1.7705179607978105,1.7517932159165537,0.017054807894454634,0.013676037416490172,0.07442077185992131,0.015990460152755914,0.024966326508342455,0.008803311838356377,0.02054919198892666,0.02884679982446475
605483,2024,"Snell, Blake",L,1773,20,5,1.8111005589228801,1.6432904300280877,1.626766770119749,0.08738865370441577,0.018909942741832803,0.08042147519037626,0.010577918767047074,0.021652955667024496,0.006705902359251515,0.008509995412502297,0.03376912215166216
605483,2025,"Snell, Blake",L,1028,11,4,1.8572825249253322,1.6672561502906595,1.6627637646487519,0.14589300017471687,0.034444792616436015,0.04413337445995559,0.010278364246900717,0.00598208865269612,0.004698953431376065,0.007728773440958314,0.0038539439681467775
605483,2026,"Snell, Blake",L,741,9,4,1.7839633176850027,1.5952490268859651,1.5869494351067077,0.12156941366083121,0.029194123005938023,0.06714487713820631,0.00795703492711096,0.010865719979558366,0.008391640432255322,0.012489631276292957,0.00838635541043681
605488,2024,"Springs, Jeffrey",L,565,7,5,1.821509733230896,1.6417404303330083,1.6394519143935584,0.09684705353523328,0.03066860932484759,0.08292224936265434,0.015369166266882615,0.003056764789099931,0.006066556055716512,0.0084292041376059,-0.004126275665808602
605488,2025,"Springs, Jeffrey",L,2847,32,5,1.985314502324597,1.7973620839369966,1.7884465174880784,0.10991892521493175,0.013771893824726369,0.07803349317266858,0.01140704239883039,0.011899961406503125,0.006074417590388243,0.017063336183606122,0.006986960703678687
605488,2026,"Springs, Jeffrey",L,2464,29,5,1.941294233272579,1.7766228714124694,1.7701063164968491,0.08618239019737287,0.014683744359185591,0.078488971662737,0.01173331491563828,0.008769410874979393,0.0063032714224523995,0.0029367528821633146,0.014882610583333605
605513,2024,"Turnbull, Spencer",R,916,17,6,2.214940729665248,2.104600273078304,2.1035786751504344,0.08554473877325765,0.023030118669853824,0.024795717813686037,0.013560666899339983,0.0013483915013380301,0.005266298117482301,0.0030980564596721502,-0.0007445621513527819
605540,2025,"Woodruff, Brandon",R,964,12,6,2.183448215763745,2.00565629339871,1.999427432367885,0.05813548163269589,0.01712498485290316,0.11965644073233901,0.015608165543686851,0.008493100472015389,0.0055675056628503436,0.007562776839295954,0.009374729479330778
605540,2026,"Woodruff, Brandon",R,639,9,6,2.0760133628523123,1.855102564420807,1.8522333740370136,0.15902081971030899,0.025976923037406865,0.06188997872119671,0.018211160770638505,0.00395132037768118,0.007068265981963996,-0.004189917538535722,0.013713089063950737
606149,2024,"Gallegos, Giovanny",R,401,21,4,1.369678028397915,1.266004363064253,1.2536423684366071,0.09784571798045541,0.02583533042725527,0.0058279473532063765,0.010796774664180522,0.016147100474547437,0.006798344070610637,0.011050234334586864,0.02356813757433002
606160,2024,"Montero, Rafael",R,683,41,4,1.7949606844728125,1.6728796702754496,1.667259737024079,0.11420942630463221,0.024776625534034154,0.007871587892730902,0.01167798684444504,0.0074100664298960535,0.007753272858857509,0.011944295987713878,0.0013644270194722921
606160,2025,"Montero, Rafael",R,1088,59,4,1.5432064102645295,1.410470743816532,1.3977780008159568,0.11220287087067697,0.015643932058315654,0.02053279557732043,0.00777165853582424,0.016518785149073987,0.007596327243879467,0.018878955776279866,0.014279648913006876
606303,2024,"Payamps, Joel",R,899,68,5,2.2214896433227627,2.0645185752881634,2.011232065992925,0.0949272841982464,0.01400139791392633,0.062043783836352874,0.01157271567465848,0.07182094731097349,0.009584361244893739,0.05296348661117559,0.09131082285131338
606303,2025,"Payamps, Joel",R,449,30,5,1.5823599440766363,1.5546245534321077,1.5429998235118392,0.0037222975917468627,0.01666397385845061,0.02401309305278189,0.012382407941750528,0.01572139678976071,0.006085831793828138,0.01698066323780496,0.014658016233634457
606930,2024,"Barnes, Jacob",R,1117,63,3,1.1910620446159175,1.183848555500339,1.174856578321063,-0.003332483385243095,0.004333270435734489,0.010545972500821543,0.006299767639298087,0.011942970879014756,0.005036190845253341,0.0166035282042067,0.005776100827172381
606965,2024,"Devenski, Chris",R,533,19,5,1.9582126206484929,1.881116281435829,1.8763164692329677,0.08035071912579997,0.05791369060160083,-0.003254379913136167,0.03467463353654716,0.006224573975973412,0.006498254170644474,0.005630986579364407,0.006901634600230554
606965,2025,"Devenski, Chris",R,262,13,6,2.1057647726108715,2.004178710016942,2.003624806242593,0.0361386732950333,0.03466100686437722,0.06544738929889601,0.0247884600898924,0.0007366639029417621,0.005068181685064867,0.005665154004766696,-0.0034943983542853035
606996,2025,"Hart, Kyle",L,691,20,6,2.406432744482478,2.284767064447482,2.2801163473416275,0.07827636731634631,0.011580990701234008,0.043389312718649486,0.020916748137127808,0.006276651406534569,0.005514040769503403,-0.0017665998682371918,0.01583230890391299
606996,2026,"Hart, Kyle",L,1071,46,5,2.205439704071315,1.9262541633321943,1.9271323009764822,0.13886050483989035,0.022215705428560523,0.1403250358992307,0.018426132884962684,-0.001171214716105141,0.006413940540740388,0.0003197569551243943,-0.0026584775025803756
607067,2024,"Rea, Colin",R,2650,32,6,2.3926945326269435,2.246917848303487,2.239882701989228,0.0492900983002716,0.007824721100459753,0.09648658602318476,0.01314449643887372,0.00963469650273274,0.004789672667267332,0.005641247607858873,0.01316541860258228
607067,2025,"Rea, Colin",R,2533,32,7,2.4919228902558763,2.153226613855691,2.1553777700048156,0.25898967299658193,0.021979570198421942,0.07970660340360353,0.011578925245662943,-0.0029169585255532267,0.005934954993903995,0.010756219781895825,-0.014887853589906207
607067,2026,"Rea, Colin",R,2226,34,7,2.4118163108714006,2.0593425498049664,2.054168576082435,0.24984479377633137,0.01870245687540041,0.10262896729010257,0.019580641537517776,0.007027007630478799,0.007999591862914865,0.006259193596737718,0.007764513215519579
607074,2024,"Rodón, Carlos",L,3102,32,6,1.867683580836613,1.7285282903710812,1.7257234897314335,0.051357960252654745,0.009047119462960074,0.08779733021287686,0.011741243913841043,0.0036835273430091352,0.0057861986639235466,0.0033821352743543245,0.00397885620156527
607074,2025,"Rodón, Carlos",L,3212,33,6,1.9928634123321594,1.7327136094727773,1.7288143830224816,0.15540812265166248,0.014446716980658266,0.10474168020771936,0.010185154629636506,0.00517319923930216,0.005367833587998278,0.004045539099090805,0.006386932923663434
607074,2026,"Rodón, Carlos",L,1438,16,5,1.9033878037311505,1.7226072693640386,1.7180151958835772,0.09248714509190059,0.01589054780462487,0.08829338927521119,0.009553831897707428,0.006019509266092825,0.004466627276368261,0.004164756483275897,0.007960771040645612
607179,2024,"Weems, Jordan",R,733,41,4,1.1705082446557877,1.1220309462545086,1.1062795355731057,0.03973492425132826,0.009601178652150454,0.008742374149950676,0.010219589091130656,0.021500528918935922,0.0060193543498922785,0.010984043515847535,0.03677104196999577
607192,2024,"Glasnow, Tyler",R,2011,22,4,1.7954141210639434,1.6384240800406036,1.6305736311676826,0.037446654838789235,0.011990634355305067,0.11954338618455057,0.011154704826751613,0.01062399238455143,0.004416839936797916,0.015200724448087266,0.0060840704984703045
607192,2025,"Glasnow, Tyler",R,1480,18,4,1.963318792533708,1.8135128326518795,1.8057628200554714,0.017348577547952524,0.012267518495043152,0.1324573823338761,0.013606190992666896,0.010305497432780301,0.004605587625310497,0.004998467362921064,0.01571847547136631
607192,2026,"Glasnow, Tyler",R,1149,13,4,1.9750888800767759,1.8532659310085495,1.826285396099925,0.02677812554779572,0.007389590692406336,0.09504482352043069,0.01793506119349051,0.03596361323666995,0.007624282909801552,0.03496836621054602,0.036982222869040925
607200,2024,"Fedde, Erick",R,2891,31,5,1.9974273886845852,1.7442614116370605,1.7416258404058482,0.20826145379226496,0.02149686917617456,0.04490452325526011,0.008069570470085018,0.0035209965015867302,0.006981118864790679,0.0005336957797615373,0.0068528734552549065
607200,2025,"Fedde, Erick",R,2369,32,5,1.977941190613582,1.8367172633281172,1.8359292447581264,0.10037360512379427,0.010487158349871961,0.04085032216167057,0.010167857150314664,0.0010704220139382506,0.003911871327343162,0.0030657428851503486,-0.001067083242395849
607200,2026,"Fedde, Erick",R,2413,33,5,1.9432615705836487,1.8039571713295166,1.7983648802157945,0.07171626344117245,0.010886445606266061,0.06758813581295921,0.010111107911574808,0.007467735726293274,0.005100591987575366,0.015649314145194118,-0.001581585858248566
607259,2024,"Martinez, Nick",R,2125,42,6,2.489961273485048,2.2626488105375944,2.259601764880586,0.11855037138811259,0.013435988692525717,0.10876209155934131,0.012872516880399856,0.004163969145429495,0.007271749744561241,0.012749827585317071,-0.003571700378038899
607259,2025,"Martinez, Nick",R,2577,40,6,2.5383692796044484,2.374776874129835,2.3665372334233976,0.11140677333132419,0.01808345328184266,0.052185632143288814,0.008511815064160351,0.01121688013760701,0.00672323811096491,0.0032105260158528945,0.018306171785255825
607259,2026,"Martinez, Nick",R,2522,31,6,2.260630421268625,2.167476003236529,2.1046607261283996,0.01160223586339689,0.00427004162722335,0.08155218216869882,0.009003774796849913,0.08801118270372364,0.008862596077229784,0.09005926494065418,0.08581697722319162
607455,2024,"Banda, Anthony",L,774,48,4,1.9308248956984855,1.5895994537752185,1.5650967220813952,0.2726789041542771,0.04263761227066206,0.06854653776899018,0.010104445165722023,0.03333060515117614,0.008805427891383898,0.04667971849031314,0.018856841237679608
607455,2025,"Banda, Anthony",L,1065,71,4,1.6745603918694913,1.501270114680402,1.4823330149580705,0.0808154415249461,0.01662593881336776,0.0924748356641431,0.01507970866316508,0.02521001400535396,0.006371508104642865,0.0351433857585,0.016619615589463094
607455,2026,"Banda, Anthony",L,608,39,4,1.8126202564179645,1.6849748307966592,1.6569011943136942,0.07726730212237792,0.019161178156179834,0.050378123498927625,0.013733824435097068,0.037846498850648565,0.008796343897765638,0.04195474768340113,0.03386382967653909
607481,2024,"Bummer, Aaron",L,974,56,6,1.815228531236315,1.694015663022033,1.669177820686921,0.008067805593774634,0.00715655941107603,0.11314506262050716,0.015964125147907682,0.033139806074519794,0.013976009430547913,0.032895513983199245,0.03334699050639924
607481,2025,"Bummer, Aaron",L,932,42,5,1.902109178990443,1.6834668481276482,1.6195073558493402,0.1435897884495844,0.02635349457624513,0.07505254241321027,0.015201972119947931,0.08540149971831379,0.009782261129489654,0.07421579624816774,0.09608588314497987
607481,2026,"Bummer, Aaron",L,328,21,5,2.1493973562260575,1.955426259721023,1.9479787169223732,0.16453964196749266,0.057158338629861034,0.02943145453754212,0.018582405911809662,0.0101783084914882,0.005802567164657298,0.00338100481824245,0.017324191840285007
607536,2024,"Freeland, Kyle",L,1769,21,5,2.28660565930261,2.170549959351663,2.158393953206652,0.026156017526553596,0.006774058120089253,0.08989968242439372,0.011686442825811195,0.016852644882855893,0.00580397213120343,0.009788308353141545,0.024350656353005033
607536,2025,"Freeland, Kyle",L,2482,31,6,2.3389448826415706,2.1620888493899186,2.137214289578238,0.05697755402741946,0.01234482170166729,0.11987847922423238,0.013860565000617086,0.034782342226812056,0.006672749153164843,0.030267258585512477,0.03962972758470261
607536,2026,"Freeland, Kyle",L,2187,26,6,2.5091291317379394,2.385053131399123,2.3847325310104233,0.05980439395284155,0.009593782784136877,0.06427160638597484,0.00774549240155417,0.0004457425620382698,0.0042292924038346705,0.005776979223791903,-0.005113975670933378
607625,2024,"Lugo, Seth",R,3112,33,8,2.8008903528294717,2.5461027056111507,2.535358144141801,0.1947126833454027,0.018429500745592655,0.06007496387291847,0.008119231285600303,0.014704078844597868,0.006244867664095925,0.016926412838075406,0.012340580259883105
607625,2025,"Lugo, Seth",R,2380,26,8,2.7315846597897213,2.6088179438765238,2.6133685874148775,0.07260749108804634,0.01026363491212404,0.05015922482515148,0.008954034874655516,-0.006136278538970372,0.005044511903693569,-0.002363101307442961,-0.010319681729958943
607625,2026,"Lugo, Seth",R,2858,32,7,2.7592444468448187,2.6047434686369093,2.595781709857619,0.06217357832063022,0.007630441101718082,0.09232739988727902,0.008089674805762271,0.012161779008172321,0.0039203255719061185,0.01978438177690937,0.004524684599190525
607644,2024,"Means, John",L,320,4,4,1.9188785529196135,1.7966026195148685,1.7959549093818254,0.0846319448960789,0.013753288501040755,0.03764398850866611,0.014339903657022045,0.0008636135107242856,0.003502872591265339,0.002383486377832117,-0.00102557425867143
608032,2024,"Estévez, Carlos",R,821,54,4,1.3379052647024843,1.1934143879444856,1.1913753044488915,0.14301771632498989,0.028452896658769836,0.0014731604330085945,0.00880599743796751,0.0027354371730111764,0.006273973543423767,0.007982384466939177,-0.0028295069266094327
608032,2025,"Estévez, Carlos",R,1043,67,3,1.4304862387096187,1.3145319127064892,1.3136853195187732,0.09572695474346107,0.01391551882962293,0.020227371259668277,0.007756614773545475,0.0011349571912440172,0.005354859589675915,0.010599579547055975,-0.0076720735368688425
608331,2024,"Fried, Max",L,2761,29,7,2.5262686993331376,2.422865670799716,2.3754071218202135,0.048937106538480143,0.008577116265619456,0.054465921994941546,0.010902179782482134,0.06404352577341439,0.009469326265079745,0.0656967112892662,0.06248758646437741
608331,2025,"Fried, Max",L,3109,32,7,2.58218114173624,2.358807431827953,2.358944133626482,0.10266609724554682,0.012406104736770923,0.12070761266273995,0.012462682116745172,-0.00018414466708197534,0.005247062583506718,-0.005594774035909285,0.005217115646561215
608331,2026,"Fried, Max",L,1696,20,7,2.6035091660757455,2.368953476897932,2.36001335572173,0.1653946999683628,0.023117769921720002,0.06916098920945035,0.012854067140970918,0.012024143945153765,0.006902987715595614,0.008433437633382673,0.015575205234555148
608334,2024,"Fulmer, Carson",R,1472,37,6,2.359694027415098,2.2184995385075497,2.1904074005771745,0.09764151276890401,0.02003044515357311,0.043552976138644166,0.012155809824686574,0.03772958670940916,0.009908971648670302,0.023922852809869447,0.05033154452696459
608334,2025,"Fulmer, Carson",R,460,13,5,2.2279279866936847,2.0086825156609756,1.9754830749714356,0.1364021013105228,0.05478343188340826,0.08284336972218723,0.03734703493626254,0.04531674396791749,0.009160401639839078,0.04833032877091549,0.04151436851178577
608337,2025,"Giolito, Lucas",R,2367,26,4,1.6674512126573424,1.5671287898693873,1.5660488421672825,0.047272646179568924,0.014535949979755828,0.05304977660838603,0.010256012194495543,0.0014598721935364723,0.002953666251844387,0.0037673249789240866,-0.0006628831649505986
608337,2026,"Giolito, Lucas",R,551,7,4,1.7806180162804264,1.7264966997034243,1.7122344661264592,0.02349788576843077,0.010755285987869522,0.030623430808571304,0.009791501951693996,0.01902782252035761,0.003703794105402592,0.01977962258770322,0.018082937189813943
608344,2024,"Irvin, Cole",L,1767,29,6,2.4177970858162823,2.244694058882338,2.21615743222556,0.08215208450891046,0.01877880171057676,0.09095094242503406,0.01593834690880341,0.03957945000198244,0.010141813041234416,0.015319337220358326,0.06590425323310646
608371,2024,"Sims, Lucas",R,885,58,7,1.9263736206308657,1.8670315521674956,1.850168643666064,0.052487180637693705,0.02016200564549961,0.006854887825676393,0.014370289639503467,0.02230743501310454,0.006701661083549915,0.015147346336685965,0.029795968124221212
608371,2025,"Sims, Lucas",R,279,18,7,1.7223333369329554,1.6651425084756093,1.6391168496405737,0.07735861903228362,0.022377757373777042,-0.020167790574937446,0.023700864520090327,0.035078061908091505,0.01018594721132903,0.01881024668646642,0.047839882469883604
608372,2025,"Sugano, Tomoyuki",R,2565,30,6,2.5334407586911323,2.286427744116067,2.2787652036500208,0.16312130185458273,0.021469726921446584,0.0838917127204822,0.012152919435229587,0.010404667175971511,0.006263728695747289,0.001426133145244193,0.01941176494168523
608372,2026,"Sugano, Tomoyuki",R,2522,29,7,2.7206140588886516,2.603574334650286,2.5831767107547354,0.021612164039089107,0.0077113475763101215,0.09542756019927655,0.011427267233191023,0.027568492746290668,0.006549958136680589,0.025775102603061963,0.029408616183154
608379,2024,"Wacha, Michael",R,2602,29,6,2.4107011421375275,2.151056480399525,2.144638956757899,0.09362125754062946,0.01429973865130925,0.16602340419737333,0.015503105350608877,0.00871069197470502,0.004646716085757998,0.011377744987436607,0.005955962775976947
608379,2025,"Wacha, Michael",R,2665,31,6,2.4620186838663036,2.2316796029821617,2.2287654062889244,0.11613080698407954,0.013914706151589856,0.11420827390006219,0.01354204817641865,0.003984778957146292,0.004943881247118552,0.006821911054198691,0.001242122500056286
608379,2026,"Wacha, Michael",R,3028,32,6,2.4555275192144466,2.2087448283084483,2.1940621622166088,0.11476197299663471,0.013444282974045312,0.13202071790936298,0.011520608759115892,0.020062776591196114,0.004409517165831218,0.024046638816523525,0.016343114653063193
608566,2025,"Márquez, Germán",R,2085,26,5,1.998260847291609,1.800461586428001,1.7743738081698994,0.07406861230397237,0.010152158489547387,0.12373064855963593,0.013870476731267267,0.03640764234815334,0.00793209095731599,0.032143709425043146,0.04094248813654402
608566,2026,"Márquez, Germán",R,918,13,5,2.0077798424717694,1.915373577256461,1.8982800903868218,0.06066128390055866,0.029445241971763292,0.031744981314749725,0.01523025220881585,0.02304232150709086,0.00624680760002699,0.026272516642777972,0.020262235529655233
608638,2024,"Chargois, JT",R,529,36,4,1.3031920465747293,1.1665317246877773,1.157308461087792,0.02487265454012679,0.018846268470088114,0.11178766734682523,0.015219002670505638,0.01273918131695114,0.0064466666811845395,0.0137310389730909,0.011742130688789704
608650,2025,"Enns, Dietrich",L,741,24,5,1.8619243425493839,1.7438340250700628,1.7448869333596277,0.10639326482324142,0.02031911782180585,0.011697052656079511,0.01126493688623334,-0.0014394926984640673,0.004892002434410114,0.00489404933982326,-0.007543558575943883
608650,2026,"Enns, Dietrich",L,291,13,5,1.8658032356833987,1.648868316255644,1.6475736315396383,0.1763084517472719,0.03909414791109062,0.04062646768048276,0.01881527208074382,0.00170476584777228,0.0046304629451692165,-0.003243325690552903,0.009472118843980418
608665,2025,"Graveman, Kendall",R,324,19,5,2.056515554017431,1.6606884967765403,1.6427398184281432,0.3674072645863256,0.038115787511809,0.02841979265456493,0.011487981772596646,0.024130173381247726,0.006801401922810277,0.018046476103910154,0.03057785254697302
608678,2024,"Leone, Dominic",R,361,23,6,2.445142356142132,2.308179505455566,2.30818529615288,0.16123276826178462,0.03836522876330572,-0.024269917575218125,0.016209490424217127,-7.65729571649133e-06,0.006657001414210667,0.0023365594507327174,-0.0016632603728962427
608717,2024,"Stratton, Chris",R,994,57,6,2.1674732507015824,1.9270997981265334,1.9262978241118114,0.17510651071237285,0.02592570212056373,0.0652669418626767,0.013303862723913219,0.0010801655428638649,0.006215918434201785,0.0032939446862984053,-0.001194431708906788
608717,2025,"Stratton, Chris",R,411,15,6,2.158255110303347,1.9817582299905345,1.9756371969070272,0.15713758448079357,0.02989993981653462,0.019359295832019216,0.01579718026809976,0.008194607808864492,0.007989216183684948,-0.004631726807911581,0.022524719587607416
608718,2024,"Suter, Brent",L,1022,47,4,1.8914107352829233,1.69482599018565,1.6774505590137783,0.12630074980091113,0.020398721041369937,0.07028399529636219,0.01298967489568834,0.02361395034262353,0.007843525031223313,0.0251564872358287,0.021851678849246683
608718,2025,"Suter, Brent",L,1116,48,4,1.875311543676134,1.5920176812443414,1.5892153336640322,0.23006290826303527,0.0266446300634266,0.053230954168757116,0.01063509124113769,0.0037725209886914817,0.006111729249125547,0.0019843521197577475,0.005599942344992053
608718,2026,"Suter, Brent",L,1526,54,4,1.9283933920910141,1.7266505944104689,1.7205126697626159,0.12156084181200695,0.01628750514476426,0.080181955868538,0.010142389646193217,0.008137682895415808,0.004562003897490136,0.006666986786030233,0.009275262936881997
608723,2024,"Voth, Austin",R,974,68,4,1.9744740362910538,1.8711798125454295,1.8669283804058556,0.033399470380857235,0.010400426795589376,0.06989475336476719,0.014280689226147468,0.005703711988904592,0.004617159089161241,0.0006032263748286946,0.010946669268178137
613534,2024,"Adams, Austin",R,805,56,3,0.9607662589845534,0.8975199447482716,0.8899156362505369,0.0100656536935718,0.007066498095988396,0.0531806605427099,0.009285060372386874,0.009953607058010572,0.005292788897911318,0.009928574099231936,0.009979891664728142
614179,2024,"Ruiz, José",R,835,52,5,1.8858305534843451,1.699740880733218,1.7016056398505297,0.12428918042492464,0.019722189732021406,0.06180049232620261,0.01248435865774738,-0.0025154666606711754,0.0049684341273706625,-0.0023996797794626035,-0.0026354431987655877
614179,2025,"Ruiz, José",R,302,18,5,1.9704608342763494,1.8576692789197258,1.8517256132107658,0.04659134315270558,0.027886401023812353,0.06620021220391756,0.018553544403589323,0.008085527225703082,0.006729936113463025,0.004330933267505984,0.01319816580707785
615698,2024,"Quantrill, Cal",R,2643,29,7,2.369333996658875,2.2905567510081797,2.2543016492550954,0.021103447875071357,0.006633345250448742,0.057673797775623904,0.009543292615296446,0.048321852714776584,0.009418098715340134,0.04756986588207377,0.04906554280208349
615698,2025,"Quantrill, Cal",R,2004,26,7,2.5435661934631146,2.351660964177885,2.34164555221668,0.08123761046760418,0.015006653039987366,0.11066761881762549,0.016512898717518928,0.013497569314226467,0.007482362950564043,0.01895565827789282,0.00760435997163846
615698,2026,"Quantrill, Cal",R,1669,32,6,2.3298770142063585,2.1643713372774633,2.154627294097606,0.08856413481016329,0.018120203204660307,0.07694154211873183,0.014407533269307386,0.013254122304142165,0.0050189079478657325,0.009751212181827475,0.01720020823049321
620454,2025,"Castillo, José",L,543,29,4,1.6244798425896003,1.5564378690849885,1.5192057535060024,0.01381691771227513,0.013517881761923128,0.054225055792336774,0.021599066968497463,0.05131228111520149,0.01105600421178271,0.0560869910657969,0.04563568150727138
621016,2024,"Cuas, Jose",R,319,13,4,1.7476824983683803,1.5510479898640024,1.5485373198429766,0.12830675201139605,0.046896962009186124,0.06832775649298181,0.016839336580848303,0.0033793406612119244,0.0073587200775982135,-0.002901344535852791,0.012134235178332436
621016,2026,"Cuas, Jose",R,473,24,5,1.830032688322429,1.649930737496162,1.6449335443889381,0.059285975576949645,0.029269732672063502,0.12081597524931721,0.025240427404595554,0.006458121146767774,0.005678179430644522,-0.00041044442046650085,0.01754594841958882
621051,2024,"Wilson, Steven",R,623,40,4,1.4060194832277704,1.30760371341377,1.3031023764238379,0.09921582620860209,0.019607727750977872,-0.0008000563946016623,0.00985953284010208,0.006056874610642993,0.003915040611311954,0.0033002670375217513,0.00965006458157715
621051,2025,"Wilson, Steven",R,974,59,4,1.3323983277501963,1.1663037185032994,1.147549236556923,0.14479331775811533,0.016967405893811002,0.021301291488781265,0.010107800148225592,0.02485287811669495,0.00649329077766069,0.023075118245642866,0.02705881795668945
621053,2024,"Ferguson, Tyler",R,819,48,5,2.0181118244461644,1.8892018761476823,1.8791660811115833,0.0737052107637915,0.01521400493710399,0.05520473753469017,0.01057637313024873,0.013408346059649646,0.0044405096589401625,0.00944974295862185,0.018371153623805814
621053,2025,"Ferguson, Tyler",R,990,56,5,2.013245610165895,1.8441218697648791,1.836113146495387,0.09996546397773581,0.015314350105439002,0.06915827642328017,0.012443504819299138,0.010656768866663053,0.0051525346564305794,0.010868415514474823,0.010454033656653886
621053,2026,"Ferguson, Tyler",R,293,18,6,2.201407444560936,1.9685953761332213,1.9623733433597057,0.20355141143554414,0.03933089299304037,0.029260656992170262,0.02522137768519071,0.008479328384373172,0.005291515072321603,0.0076437532817851305,0.009405014527436395
621074,2026,"Rucker, Michael",R,757,37,6,2.040835381267926,1.9092691858061162,1.9066211218618723,0.08145681059751128,0.018198259125184874,0.05010938486429819,0.014875705869346985,0.0035106557019138067,0.007174047774212346,0.011664167466921222,-0.0029303629964619582
621097,2026,"Waguespack, Jacob",R,672,35,4,1.7689251594229916,1.6195110356969606,1.614570040869312,0.030903543043181346,0.009290527591642258,0.11851058068284931,0.019111848995779848,0.006790078781554243,0.0051069890636266276,0.00936761486694656,0.004201979023680815
621107,2024,"Eflin, Zach",R,2447,28,7,2.386334510284383,2.2252428198222938,2.212307046667406,0.1120151771498336,0.020200996844588783,0.0490765133122557,0.011999764115240114,0.017964720153241104,0.00790136441708652,0.02304020885029846,0.012957896466741461
621107,2025,"Eflin, Zach",R,1127,14,6,2.582794494272953,2.3682382075501063,2.367133365312783,0.13901670550507847,0.02863644033251652,0.0755395812177682,0.015519440498184343,0.0015240602221090265,0.007716630556098537,-0.0024268536644158688,0.006203886028875148
621111,2024,"Buehler, Walker",R,1336,16,7,2.48431755294666,2.1793614047348515,2.169469536089651,0.24945550020247798,0.022747604758429008,0.05550064800933043,0.020603038620351777,0.01333555651865605,0.0050881288460831444,0.01950034467269558,0.006799086750339712
621111,2025,"Buehler, Walker",R,2189,26,7,2.69909572785034,2.430122560450428,2.4159286973087015,0.18275936829620154,0.01849853806583757,0.08621379910371046,0.011858626271845916,0.019155589653045042,0.008346668248491207,0.020410418735770153,0.017949315020921144
621111,2026,"Buehler, Walker",R,2606,32,7,2.668425089327697,2.473943471200399,2.4618658326827414,0.09545555682210613,0.01787062329140163,0.09902606130519195,0.011714356253070643,0.016115886316956325,0.005075083737743827,0.021379564522080764,0.01121145024452584
621112,2024,"Blackburn, Paul",R,1212,14,6,2.561270328563594,2.380172038198002,2.372540963439181,0.09363560605217704,0.01911088720413776,0.08746268431341467,0.025141318102145767,0.010345483901220854,0.008026806752428903,0.013489629492372247,0.006828809211591802
621112,2025,"Blackburn, Paul",R,666,15,6,2.403268424313626,2.20768273063303,2.1990203171768363,0.17326449657052695,0.043923090163911195,0.02232119711006899,0.013969326413473161,0.011749831694144668,0.007873888273410757,0.012158499231508281,0.011270641882634234
621112,2026,"Blackburn, Paul",R,1237,62,7,2.338426185434884,1.9897919650746068,1.9852394425337654,0.2909759802977133,0.02499395757695561,0.05765824006256397,0.01432793881558385,0.006250244598246621,0.006406810020831621,0.011122498716685126,0.0013236126436648277
621114,2024,"Burr, Ryan",R,570,34,3,0.9936314273676053,0.9843004857622761,0.9846790067655713,0.004976252408996556,0.011517612666464472,0.004354689196332742,0.009258661337592124,-0.0005017603997168203,0.003396198707152974,-0.006083724347779869,0.006288669970091837
621121,2025,"McCullers Jr., Lance",R,1147,16,6,2.3387990941209256,2.0490754393951485,2.0197681904980094,0.21671815299166422,0.030564759600019156,0.07300550173411308,0.01117136431583163,0.03850562942155588,0.012065318278328374,0.034209139249572716,0.043379887220578346
621121,2026,"McCullers Jr., Lance",R,793,10,6,2.4483022583767995,2.254634482270059,2.2499107674858876,0.13178931082101525,0.04784819615608609,0.06187846528572527,0.01578775046340943,0.006274549118673573,0.008039244403459805,0.004317219943889745,0.00816105388252772
621139,2025,"Kriske, Brooks",R,381,16,4,1.420782916005532,1.372803231362711,1.3635177372221154,0.049281644390166884,0.015637994965182186,-0.0013019597473457876,0.015506238018121937,0.01203324240669006,0.006211700466426823,0.015104130418805116,0.008920287435504935
621199,2024,"Bowman, Matt",R,497,25,5,1.9520473190571046,1.668583922551792,1.6602994180361885,0.23867430631725972,0.04387953524275815,0.044789090188052924,0.017525386919909527,0.011249723344958707,0.006786153881926389,0.011281843719751097,0.011207438294599107
621199,2025,"Bowman, Matt",R,447,20,5,1.972209085809183,1.858061726114913,1.8604105065413001,0.0986999028968516,0.01612067750415878,0.015447456797418617,0.023951317002420692,-0.003152867419204167,0.0065075359956091195,-0.0009270315045332388,-0.005678335091619256
621237,2024,"Alvarado, José",L,1052,66,4,1.022789221355049,0.9291716829904368,0.924868589215749,-0.006201938402812431,0.006654532596150638,0.0998194767674245,0.01197054180305885,0.005701328275782902,0.004714973992288929,0.00812315214860005,0.003230205189269728
621237,2025,"Alvarado, José",L,457,28,4,1.2790087537329262,1.1844742044896974,1.1778546308011801,0.011451764012699645,0.006947523669222156,0.08308278523052945,0.01891394446688938,0.008819665235138196,0.0038745759325941502,0.018589933792703333,0.002856590528643042
621237,2026,"Alvarado, José",L,1129,68,4,1.1977860919976653,0.9778187012790025,0.9705268915779416,0.01161942464936023,0.005714507223918748,0.20834796606930253,0.016788309788129247,0.009594933744169898,0.005261512145123147,0.0006854389148583049,0.017523206675980212
621242,2024,"Díaz, Edwin",R,912,54,2,1.0042949506645487,0.9629118495564805,0.9291045353528391,0.004300632378660232,0.004239578997447704,0.03708246872940792,0.010733926986919313,0.0442992393013233,0.007826958667556175,0.04150593218057878,0.047240863614319735
621242,2025,"Díaz, Edwin",R,1067,62,3,1.013653602068989,1.0009776265950001,0.9569570281659557,-0.002890521026130743,0.004501559802524374,0.015566496500119459,0.0063823280719360765,0.058203195196766394,0.00912603159271174,0.06365426669278217,0.05315542493315275
621242,2026,"Díaz, Edwin",R,395,21,3,1.0535434554720027,1.0312139512135787,1.0251781614505777,-0.004318735526729445,0.020195149737008693,0.026648239785153207,0.011356020240695625,0.007947123187951597,0.007183342131530971,0.009956172415217986,0.005524446178600945
621244,2024,"Berríos, José",R,2914,32,5,2.0908738146770705,1.9089655973726236,1.9012266604542942,0.08921603888149646,0.009759274770565264,0.09269217842295029,0.008967835817513143,0.010612358672946952,0.004249712394407013,0.011365097714156093,0.009815126335697347
621244,2025,"Berríos, José",R,2583,31,5,2.1520515878555866,2.004390408831386,2.001657939308182,0.08153042578951389,0.010571841666011066,0.06613075323468648,0.008268904388650017,0.003748257450045581,0.005207861164274719,0.006513664004878923,0.000865875997556592
621294,2024,"Heller, Ben",R,255,8,6,2.5489598566892067,2.360656278092003,2.341888961113912,0.13909970725091206,0.033381881596356,0.04920387134629113,0.026783689508626442,0.025187714891648505,0.004723829428513527,0.029944847445006837,0.021253932203294506
621345,2024,"Minter, A.J.",L,522,39,3,1.495111986719451,1.356323028115292,1.3397285688626674,0.08474089194505759,0.022233387820080906,0.05404806665910135,0.012870137326386687,0.022383224108191047,0.00753783230536325,0.008181947925297849,0.0399501206581283
621345,2026,"Minter, A.J.",L,677,48,4,1.5773280232952878,1.4543372844962053,1.4485952876604342,0.10737958925201423,0.018572555482689285,0.015611149547068357,0.012069079928434586,0.00793333032207541,0.004220880615989072,0.006497504883331955,0.009652457641109056
621363,2024,"Poche, Colin",L,543,43,2,0.9100459343373642,0.8595568360057034,0.8549769192435421,0.017423910456034346,0.007201343143089533,0.033065187875626366,0.01003825718144844,0.006344119392483659,0.004820756377389465,0.004708211526488556,0.00857131925823603
621366,2025,"Borucki, Ryan",L,594,39,4,1.8989856416091884,1.6082376326125551,1.602936645449801,0.18407396810544951,0.022004571340750886,0.10667404089118396,0.016116510419654784,0.006997303054835148,0.006900346561935389,-0.00301962871627511,0.017469549906450416
621366,2026,"Borucki, Ryan",L,380,21,5,2.012730491447666,1.7632720087602847,1.755839159767629,0.1871751023743165,0.02442029567229882,0.06228338031306487,0.01725368589786341,0.010196688148769579,0.005675829214886276,0.01200613595211637,0.008573142516999513
621381,2024,"Strahm, Matt",L,981,66,5,1.739638594315972,1.6117316659659302,1.6096711860859436,0.07673895601892475,0.01784018846303686,0.05116797233111689,0.010551629418833577,0.002713195654049256,0.004355722185034803,-0.005178050390557664,0.010668252313572137
621381,2025,"Strahm, Matt",L,993,66,5,1.92906629229317,1.8032540665198917,1.803054629121443,0.08401955331863363,0.019881355636049296,0.04179267245464461,0.013909745247752996,0.000268712804151511,0.005722442060160105,-0.0016205701313788273,0.0020925005979167965
621381,2026,"Strahm, Matt",L,633,41,5,2.093532631299673,1.7482653508743757,1.7375375164227644,0.23267895176838838,0.02473568141978151,0.11258832865690942,0.014836721682802215,0.014387116965826428,0.0060208987584570274,0.014505252532440975,0.014231919260666144
621383,2024,"Banks, Tanner",L,1174,63,5,2.150300870353348,1.9084368041592707,1.9046303077826292,0.17244735452347484,0.02104447515438493,0.06941671167060309,0.012071864246941285,0.005178246519324019,0.0046354019043720355,0.005707157543383461,0.004536772379887822
621383,2025,"Banks, Tanner",L,1084,69,5,2.136892968116481,1.8602770464722365,1.8559513145605784,0.15652875528206042,0.017274377312239693,0.12008716636218442,0.01597958978875366,0.005732388010070261,0.0056611082365745375,-0.0010082496508949724,0.014223356997363485
621383,2026,"Banks, Tanner",L,669,32,5,2.129527165954033,1.9216516142807558,1.9214323928891963,0.0880181860609278,0.0166736090085364,0.11985736561234969,0.019392535328662096,0.00029688079140346394,0.005107757136682407,0.0031424333602667795,-0.0023060277599598797
621389,2024,"Blach, Ty",L,1133,20,4,1.7455099511669905,1.6049286078657943,1.588413244559311,0.1380657308474468,0.025969086363679467,0.0025156124537492703,0.00811293835986071,0.02330249891188709,0.006367978799377939,0.02778651628605297,0.019254132514832108
622065,2024,"Young, Alex",L,267,17,5,1.5881236448550347,1.453031450805194,1.4528299680391576,0.09648208767328852,0.03268817140496794,0.038610106376551906,0.016401860053752323,0.0002703311484006597,0.007887824441157093,0.0038738673850981535,-0.004368704006888067
622072,2024,"Wood, Alex",L,756,9,4,1.544766456492064,1.5287468984589485,1.5181182211412945,-0.005510044163225034,0.005449577508045441,0.021529602196340834,0.009176613120794248,0.014096982547625427,0.0054421885600919135,0.012750150037038758,0.015511641155867546
622075,2024,"Almonte, Yency",R,267,17,5,1.9924924285137107,1.3559667108694875,1.3471870752056332,0.5100244904913589,0.05483315025262169,0.1265012271528636,0.013343377938504049,0.011662501105716984,0.005717311684703342,0.006765690394819924,0.01795045122311889
622088,2026,"Antone, Tejay",R,906,58,6,1.947603581456308,1.82811540932059,1.8288571773871514,0.034248334746783356,0.016882027093312813,0.08523983738893462,0.014536874277372647,-0.0010030475646337187,0.004828445269527883,-0.0004426079057882129,-0.0016271333677014281
622098,2024,"Smith, Drew",R,328,19,5,1.952725638551508,1.87282142975275,1.8688089048991117,0.06826245317669227,0.014699374435268257,0.011641755622065462,0.01905499500946488,0.005285574907604241,0.0049377004364046274,0.004132516482288088,0.006505339192236204
622250,2024,"Sborz, Josh",R,284,17,3,1.547225517599229,1.3011013925969408,1.2994998956435204,0.22822621042176244,0.036601582844521335,0.017897914580525597,0.00694004779115894,0.0021253510970626528,0.00551211574362386,-0.0041812844022447605,0.010025241880405622
622251,2024,"Staumont, Josh",R,420,25,4,1.3550680755453555,1.3673701886929455,1.3289757819088037,-0.0044579333270777935,0.0137702746086014,-0.00784417982051233,0.010418923379056675,0.05070959386584749,0.008783904497310431,0.05287532271256248,0.04809267150940023
622253,2024,"Tate, Dillon",R,590,33,3,1.3968272387676521,1.1386280594743476,1.13196147506494,0.15786361604684157,0.025238916962117074,0.10033556324646309,0.01429717136152984,0.009254787768354297,0.005780665131443584,0.0030806472301917044,0.016468451968554475
622491,2024,"Castillo, Luis",R,2858,30,4,1.8522531042727766,1.747558239209639,1.7306515488275775,0.07104294105918246,0.008031081016388974,0.03365192400395526,0.007326368291712138,0.022610819425330646,0.007266382934729574,0.022434837294436866,0.022798545044649638
622491,2025,"Castillo, Luis",R,2988,32,4,1.823641889660647,1.7390971394407606,1.7232586009681932,0.042554513086944024,0.008124601805679916,0.04199023713294232,0.006719367458154072,0.021118051296756788,0.006348699527615239,0.028127464011788148,0.014089846590532324
622491,2026,"Castillo, Luis",R,2366,29,5,1.8905621797458354,1.8127213578985981,1.7987839491475726,0.054502535937614886,0.01064744958447624,0.023338285909622072,0.007415225666812472,0.018598933505316557,0.007221046922669557,0.018194913791295533,0.01905381901067116
622503,2025,"Crismatt, Nabil",R,534,8,5,2.1382289449710936,2.067420771730352,2.0528789173648754,0.023933648392873003,0.017802133806723457,0.046874524847868665,0.02425888235065937,0.02038149666972319,0.0060232122979483075,0.022704148509011788,0.01895444363287214
622554,2024,"Domínguez, Seranthony",R,1064,63,5,2.002891934638195,1.8685365936740113,1.838258354778122,0.08195677453163339,0.01893514361750035,0.052398566432550184,0.012405085313584892,0.039822059561466325,0.007414153600123511,0.04946672486231656,0.030889262413774085
622554,2025,"Domínguez, Seranthony",R,1101,67,5,2.046341210995491,1.6519572867016137,1.6205031074822522,0.2707943553766812,0.026504668422565675,0.12358956891719587,0.016097017640990474,0.04132583689799148,0.008116051066178782,0.04775195617612317,0.034455442706803785
622554,2026,"Domínguez, Seranthony",R,1111,67,5,1.9185748841341268,1.6495721539934662,1.638125441661967,0.11244386975248613,0.019587807189513192,0.15655886038817454,0.01729761407051101,0.014926405399408194,0.006675316530877581,0.018438766781688785,0.01168361577107239
622608,2025,"Senzatela, Antonio",R,2284,30,6,1.7759070901958105,1.6619099337263554,1.6496250220420514,0.08243006892827363,0.01984761759731341,0.031567087541181246,0.013698291737942224,0.016852095067237522,0.006823231250042586,0.010126682278270144,0.023782550929039272
622608,2026,"Senzatela, Antonio",R,1165,57,6,2.147589238351942,2.094182738242922,2.0754136320902217,0.025358406146972007,0.013486134112230508,0.028048093962048357,0.012617758453357305,0.025544402649410467,0.006681942233942981,0.025099835875653797,0.026003753116356203
622663,2024,"Severino, Luis",R,2889,31,6,2.3212511959421813,2.155341082090746,2.1138106799581364,0.0746383562677207,0.015083266055728605,0.09127175758371442,0.010531526496629374,0.056408712628636094,0.011354585986423332,0.06640444052736533,0.046078519647253416
622663,2025,"Severino, Luis",R,2731,29,6,2.341414214207128,2.2220263763743087,2.1788321069720795,0.025185201323073007,0.008450172088137926,0.09420263650974672,0.009123483373327242,0.058253604808635576,0.007315684244437245,0.05528164407819488,0.06120508943168149
622663,2026,"Severino, Luis",R,1086,12,6,2.3478741516887522,2.210825759765676,2.198801205751374,0.05844643978121575,0.02467733520963314,0.07860195214186028,0.017772182290542452,0.01604258680532151,0.0033328609968108678,0.014860934390055272,0.017439661108625555
622694,2024,"Hernández, Elieser",R,251,9,5,1.971281935540428,1.7239636942348013,1.7147478438976402,0.22738128250428788,0.037330945435888635,0.01993695880133873,0.025553927777906178,0.012369938153087857,0.007639638218666062,0.023692260998320218,-0.008387653729838145
622786,2024,"Tinoco, Jesus",R,644,32,5,1.647258301309565,1.578032264115853,1.5690543215161248,0.04271571466467752,0.01976970093405974,0.026510322529034513,0.011629056331408176,0.011970590132970998,0.005537448330241848,0.023189296960446245,-0.00036998737725177296
622786,2025,"Tinoco, Jesus",R,304,20,4,1.827661799685403,1.737663454820581,1.7325089250331154,0.045888883247147794,0.02424988345736548,0.044109461617674324,0.021230829538835955,0.007026802938966203,0.005054268897861604,0.0009574105219625824,0.014628870208748517
623149,2024,"Sewald, Paul",R,629,42,3,1.0284761179899635,0.9952945234779534,0.9901754345845125,0.04507117514832395,0.012160076512158847,-0.011889580636314005,0.005995346686773818,0.006924530997794389,0.004491164107973365,0.005284494862728502,0.008766763368690318
623149,2025,"Sewald, Paul",R,317,22,2,0.9879518646178035,0.9653690137445449,0.9671653355382198,0.007711219889481837,0.006956087752224544,0.014871630983776892,0.01052104083628723,-0.0024231234408295644,0.0018722149698451396,-0.0045629991193365735,-0.0008102320712086094
623149,2026,"Sewald, Paul",R,854,62,3,1.121396751976317,1.1002122079906034,1.1019369181215521,0.01738745771162036,0.005315674368720261,0.003797086274093033,0.00620418557857058,-0.0023158843582235774,0.002516854826496321,0.00024963701151156317,-0.004770890961262432
623167,2024,"Flexen, Chris",R,2797,33,7,2.196902831390781,2.0664696827812783,2.064018126579877,0.07529900834019032,0.011116577882944388,0.055134140269312085,0.009105077135978537,0.0032824330757870944,0.0032687351734499753,0.006184461413804446,0.00019400963700775653
623167,2025,"Flexen, Chris",R,673,21,6,2.0631529320568327,1.9520521147577747,1.9445831707435755,0.04691532792367067,0.017966454485601295,0.06418548937538714,0.021118942327101427,0.01017530227035702,0.005374588841774401,0.007746225147724688,0.013353534019595586
623211,2024,"Brazobán, Huascar",R,899,39,4,2.004014531593249,1.8401738892020387,1.8145055568677528,0.07022398346242195,0.021164885005976204,0.09361665892878829,0.015867426787710904,0.033835528986104334,0.009737091497013165,0.04037633166958417,0.02740881007035961
623211,2025,"Brazobán, Huascar",R,1011,52,5,1.921822093518927,1.783893431926548,1.7733099765312221,0.05010401659236247,0.014119803182350465,0.08782464500001627,0.015832104098106935,0.014285545266588222,0.008120798929549533,0.010043799830617917,0.018360730017900017
623211,2026,"Brazobán, Huascar",R,1040,60,5,1.5291788925767302,1.391609980235519,1.3906110073566131,8.666050785381919e-05,0.03391015239909903,0.13748225183335722,0.022489011126211027,0.0013475120545552689,0.009127846768263576,-0.004706382910049306,0.007385723353448431
623352,2024,"Hader, Josh",L,1166,71,4,0.9535085096990177,0.9595976192512641,0.9613010866163514,-0.0013305809222223502,0.008133401100743214,-0.004758528630024164,0.006896431013897631,-0.002236760076229604,0.003522503365952851,-0.0008753430845966136,-0.0035207222718397105
623352,2025,"Hader, Josh",L,847,48,3,1.209236900752872,1.1839891945146988,1.1846496550406682,0.01749348480004971,0.00484694488633623,0.007754221438123206,0.009279494559451288,-0.0008713552422059287,0.003151954417387605,-0.0010881402597972885,-0.0006701943700265585
623352,2026,"Hader, Josh",L,676,45,2,0.9449302954610761,0.9275778387272107,0.9231212645466553,0.006995503714122355,0.006617894148093707,0.010356953019742966,0.00742231833825201,0.005918750778105019,0.003730786164108955,0.006427399632592128,0.00534412654918653
623433,2024,"Anderson, Nick",R,573,37,4,1.767274312261217,1.6928911066100136,1.6811138408444544,0.058548534163585984,0.014267825562865526,0.015834671487617222,0.016437636489172725,0.016067555437298472,0.005543965248139811,0.012934056239249533,0.020541395332778753
623437,2025,"Topa, Justin",R,979,54,4,1.9339198295313842,1.7053261196135063,1.685584685496895,0.1716957597158014,0.028398886563879587,0.056897950202076775,0.013221430365315692,0.02714447191034046,0.00859623000155305,0.03344174608928645,0.02095244465360526
623437,2026,"Topa, Justin",R,413,25,4,1.9077603706945334,1.7443041629761737,1.7328350337137177,0.14091015892140304,0.04069495864815528,0.022546048796956486,0.0140464764468173,0.01553032913244056,0.005019861243249549,0.01704283660035907,0.013650816175982993
623454,2026,"Anderson, Drew",R,1770,49,5,1.8426283233128502,1.767716007142206,1.7637614146382377,0.016029318549895203,0.005949729816516682,0.05888299762074897,0.013666579742760771,0.005331019597885433,0.00555223169695508,0.006790471275636226,0.003699729254851075
623465,2024,"Phillips, Evan",R,917,61,4,1.8136830537019801,1.527148396361947,1.515485496625291,0.2157086360902005,0.023668249759420844,0.07082602124983277,0.01136696737181208,0.015499824722483043,0.00641005049599634,0.022052418945920523,0.008556030843914963
623465,2026,"Phillips, Evan",R,423,31,4,1.684816676527469,1.5602509691191913,1.5597724793645382,0.0900146371431273,0.023672369207444494,0.034551070265150294,0.013391733220122654,0.0006325036444321472,0.0033220931831655907,-0.0015437418475097123,0.0029491520713379976
623474,2025,"Herget, Jimmy",R,1281,59,6,2.0776343762360883,1.8088198158804636,1.7726769728178204,0.055497338260319745,0.010203923364019122,0.21331722209530538,0.014288531611140999,0.04962377488022037,0.010679160866870957,0.060445816456586976,0.03859091431210637
623474,2026,"Herget, Jimmy",R,946,51,5,2.138716217224325,1.8270193617007047,1.807671107979597,0.10993267756192987,0.01225735599410394,0.20176417796169038,0.016447414833771875,0.025815864626470737,0.004980138709636578,0.02394293499235453,0.027883312175109407
624133,2024,"Suarez, Ranger",L,2354,27,6,2.264051175183927,2.1709903887331197,2.1670890025246146,0.04018959258857456,0.010519794518919906,0.05287119386223268,0.007475907428331638,0.005314735610428616,0.004294226044984635,0.008577642005315878,0.0016339200221075136
624133,2025,"Suarez, Ranger",L,2430,26,6,2.4422400519821723,2.2004451450133384,2.186915065330698,0.13642315419767878,0.025350759194049718,0.10537175277115521,0.013454587496152885,0.018491616214181487,0.005056228470399491,0.01668920785225208,0.020415582349357284
624133,2026,"Suarez, Ranger",L,2384,28,6,2.4677287109822017,2.231732153067876,2.2311465506961117,0.15537097238032818,0.019388304167733066,0.08062558553399739,0.007592995801461569,0.0007887435334950608,0.00495477028357097,-0.0024678821389508146,0.0038180801731857194
624522,2024,"Thompson, Keegan",R,538,24,6,2.0321620478381286,1.776484096249204,1.7771878161232697,0.1423133128666744,0.024116727233717255,0.1133646387222504,0.02363858507067118,-0.0009234177859691069,0.0036059085737258807,-0.006389122165685307,0.004928750539787632
624647,2024,"González, Victor",L,386,27,4,1.590195439424073,1.3457093425799445,1.3449239944740208,0.19868493592639605,0.036880028490074754,0.04580116091773224,0.016521526234348386,0.0010489424528950242,0.0059436259214283,0.0037696921320587743,-0.002675362435796339
625643,2024,"López, Reynaldo",R,2110,26,4,1.5407247018172954,1.3796361310700567,1.352294819588553,0.10732791235382963,0.013838238832773924,0.053760658393409044,0.009486201116327548,0.0368391872451931,0.0065675472313792005,0.02953674495001286,0.044763941533571106
625643,2026,"López, Reynaldo",R,1368,26,4,1.5500268784745825,1.4534303917265485,1.4454736296462374,0.05145404801097323,0.008294096036916897,0.04514243873706055,0.0085118351240845,0.010660970152659833,0.005519128749231188,0.007431070518054463,0.013700514485605948
628317,2024,"Maeda, Kenta",R,1958,29,7,2.3699536847327205,2.1847426770823075,2.145929763265439,0.10352913842135834,0.033544816855296866,0.0816818692290544,0.013302258579379587,0.05166260044420662,0.011012381268097676,0.06199757904527974,0.038390818917673285
628452,2024,"Iglesias, Raisel",R,928,66,4,1.9729813192977652,1.761068965770811,1.7273443604964813,0.11340682288598802,0.018974963962092334,0.09850553064096591,0.01823004962394034,0.046572073950264976,0.00848763677158389,0.03956345977350684,0.053580688127023116
628452,2025,"Iglesias, Raisel",R,964,70,4,1.862228979137426,1.6397328605014339,1.6273271743788689,0.09319545541356378,0.01552397600746559,0.12930066322242845,0.018959539033577107,0.01710884323626968,0.006470821622020692,0.016575504162753135,0.017797812400091054
628452,2026,"Iglesias, Raisel",R,911,59,4,1.8142954873711885,1.6343007484654235,1.6240273785447141,0.08296286747185719,0.01629108998728402,0.09703187143390771,0.014231911622410585,0.013927142853818917,0.008512711567500173,0.012191897114671552,0.01590554404685954
628708,2024,"Marte, Yunior",R,482,23,5,1.803072663326488,1.7091281381695687,1.7048246424157567,0.08657741548990491,0.03885984528113219,0.007367109667014552,0.0180792274898219,0.005843056206584277,0.004439181007625905,0.006048112005696021,0.0056368419001329205
630023,2024,"Chirinos, Yonny",R,515,6,4,1.903506862441706,1.8224896425319859,1.8034363949997247,0.013889540920233935,0.010103791013911439,0.06712767898948613,0.020837313183070246,0.026448578110820967,0.005592433560458958,0.032573795183900224,0.02022349336807194
640448,2024,"Finnegan, Kyle",R,1067,65,3,1.1278466009629644,1.0573982878659418,1.0290990724797553,0.047170805222621015,0.01032463396223228,0.023277507874401603,0.010247648028106704,0.037838675209349804,0.008772003998532115,0.024750760159082282,0.05146215711589426
640448,2025,"Finnegan, Kyle",R,846,56,3,1.1996567177600408,1.1359863115752011,1.1231645654821172,0.053105847786053845,0.013661238386941714,0.010564558398785664,0.008272734936056344,0.017637719015851996,0.006805111418567051,0.02206142762649704,0.01325695903249477
640448,2026,"Finnegan, Kyle",R,1062,63,3,1.455162587280828,1.352587009774717,1.3486027370192006,0.06248718889150545,0.013618630497685684,0.04008838861460574,0.008714212533788106,0.005356072995390464,0.0035834929382914577,0.0006129574438678821,0.010004088485729633
640451,2024,"Harvey, Hunter",R,906,49,4,1.4420419141416605,1.358007245713493,1.346887944432784,0.053257861244482126,0.010817425404267916,0.030776807183684994,0.011800753081296978,0.014663882038315151,0.005102076454876552,0.010558436991891369,0.019157341708028987
640455,2024,"Manaea, Sean",L,2996,32,6,2.3963557318154773,2.317953596646921,2.139159101709378,0.02510662712662644,0.006290371953224151,0.053295508041930006,0.011055446271937018,0.2373364230539996,0.031354725131375966,0.25736893424461504,0.21795012190179108
640455,2025,"Manaea, Sean",L,1095,15,3,1.206672157374712,1.1860184221864958,1.1887172882214467,0.01145430798736382,0.006281378740245648,0.009199427200852274,0.009049616264960657,-0.0035519931589798517,0.0039261732617554244,0.0017844787858836402,-0.009808066013402065
640455,2026,"Manaea, Sean",L,2493,33,5,2.0028006958586335,1.8930129566993648,1.850232138073494,0.04059292892237551,0.019050186955807454,0.06919481023689336,0.012447748867180294,0.05805801896259949,0.010254356842109565,0.05135958763008462,0.06540641223947939
640462,2024,"Puk, A.J.",L,1173,62,6,2.0956639386404845,2.050346403923595,1.9763624664375088,0.01757054944598226,0.007977656621792168,0.027746985270907753,0.009269383896694839,0.09850528793550335,0.011502077765687112,0.09306770602365995,0.10441962465952256
640470,2024,"Alzolay, Adbert",R,329,18,5,1.836874226037912,1.633209312454992,1.6310633491560458,0.16932659377822987,0.036703002963737054,0.0343383198046899,0.015026407241329389,0.0027906004954680592,0.0077394043131256115,0.0006718187567175383,0.005029963308781618
641154,2024,"López, Pablo",R,2986,32,5,2.0940268102789767,1.9631283128174004,1.9607633304098815,0.09477042219174056,0.012669090117504035,0.0361280752698361,0.006752632272860582,0.003192512418106186,0.0040407650603098135,0.0059295120926559815,0.0005335733403349981
641154,2025,"López, Pablo",R,1258,14,5,2.0753709894224306,1.895888714440262,1.8900058418260455,0.1381292703921753,0.018139084904043125,0.04135300458999362,0.010116345007751534,0.007823101214253446,0.006386220639484789,0.008731340779499186,0.00696708076158857
641302,2024,"Alexander, Tyler",L,1668,23,6,2.274986191151718,2.1409063178070085,2.1080304147318336,0.0949999146139911,0.020153641875890263,0.039079958730718165,0.009264187959025337,0.04517051592206986,0.007757283591834515,0.041145972082374326,0.04931619987734148
641302,2025,"Alexander, Tyler",L,1585,52,5,2.3089612080075326,2.1247670444367923,2.113950517592408,0.15581401355234004,0.016619198745617337,0.02838015001840001,0.009834107878282282,0.014728689904079892,0.004901262053645862,0.01651266618062081,0.012488347603307576
641302,2026,"Alexander, Tyler",L,1200,75,6,2.333615043121689,2.031330896186117,2.0174616109015178,0.21460481978211787,0.020668265854303126,0.08767932715345424,0.016928689991473046,0.018763407374879935,0.005462102003093524,0.021468802853969623,0.0161242910723381
641312,2026,"Anderson, Shaun",R,351,12,5,2.214878920482163,2.013822379482389,2.0118731761096336,0.15341238509843214,0.021158533758586364,0.04764415590134206,0.020193813041572983,0.0026518231931670663,0.005608661667481473,0.0022692402966513034,0.003142748148873134
641329,2024,"Baker, Bryan",R,369,19,4,1.7524981063591023,1.5728679103217849,1.5691206688176902,0.11670863292654195,0.029321645551556277,0.06292156311077554,0.018616633174149123,0.005009898967431241,0.005418628940603761,-0.002473526030974538,0.01517968165757243
641329,2025,"Baker, Bryan",R,1102,73,3,1.5303347761127355,1.4150232344233877,1.414940432607053,0.07145189465011344,0.01491540580629375,0.04385964703923426,0.009062221075334742,0.00011046925133266685,0.0041267806823351355,0.002131765210592681,-0.0021273941321337756
641329,2026,"Baker, Bryan",R,977,65,3,1.1752943798170603,1.145396688257648,1.1475574239375452,0.02266659806178152,0.009181394680675,0.007231093497630453,0.008241394490849022,-0.0028760746038954854,0.002426535113039589,-0.006043369681714669,0.0004686599740816354
641401,2025,"Brogdon, Connor",R,840,43,3,1.4849786654595534,1.3654898306438,1.3425467965821611,0.026455157095735007,0.008076854149519795,0.09303367772001882,0.015021977167610136,0.03001892307130294,0.007258707060561226,0.029328683104754814,0.030580474230528527
641401,2026,"Brogdon, Connor",R,281,16,4,1.5580380839669954,1.5721219803947735,1.571580770849067,0.0038705425715453694,0.012807467916188652,-0.017954438999323204,0.016680421586333184,0.000720757736224908,0.0036658031438485113,-0.0013904160853426607,0.003298612086770571
641482,2024,"Cortes, Nestor",L,2849,31,6,1.9250066671983777,1.7580062710284532,1.7545544485924982,0.06595944234486684,0.008493775865431815,0.10104095382505772,0.009177882048741976,0.004606202398143425,0.004634071239625965,0.008028681190510471,0.0009755998954297361
641482,2025,"Cortes, Nestor",L,599,8,5,1.875812975506756,1.7642561374285726,1.7717309445257132,0.05110025013595103,0.01264219029410882,0.060456587942232416,0.016689989290113522,-0.010129885636169825,0.0033410879063571416,-0.011587217036991709,-0.008724370462932715
641540,2024,"Dunning, Dane",R,1689,26,7,2.215277369230863,1.9876319222844245,1.9796907375347725,0.15960552673529582,0.019765884897173923,0.06803992021114287,0.017403997217421825,0.010569472846463483,0.009946307284058943,0.013614967979998342,0.00735121866969731
641540,2025,"Dunning, Dane",R,372,12,6,2.033139605254114,1.8619604314500697,1.8422847290151982,0.11071613499932828,0.023320468560369467,0.06046303880471624,0.017395060164130796,0.026328637790547782,0.00576731102041919,0.023455598334393268,0.02955258282913338
641585,2024,"France, J.P.",R,466,5,6,2.2659196957375154,1.987599577776015,1.9838345134796698,0.2194716119202102,0.037841065328709976,0.05884850604129031,0.00897090555350448,0.005100348727025802,0.006673142096458904,-0.002890043669199842,0.018417669387401872
641656,2024,"Hamilton, Ian",R,619,35,3,1.463355481870213,1.4015768748021689,1.3974343143836827,0.0106486900058536,0.011518785065410913,0.05112991706219071,0.013475235891723083,0.005623344076848421,0.007180161874313231,0.0028374914346143724,0.008718735901552917
641656,2025,"Hamilton, Ian",R,641,36,3,1.424803399864176,1.2058654023321727,1.2020893036711582,0.09928925640258414,0.02017051446034847,0.1196487411294191,0.015687579512746835,0.005095745772021526,0.006154610931179405,0.010268761601556363,-0.0005558309932852555
641672,2025,"Hatch, Thomas",R,586,12,6,2.5027899728007927,2.371482415398945,2.3606899339170044,0.1153750728481352,0.033599723869444625,0.01593248455371313,0.010679978413519375,0.014538837122797823,0.006511679539076834,0.011671318737354767,0.01729010476288507
641703,2024,"Honeywell, Brent",R,453,20,5,1.2320161688787457,1.1142765745904812,1.1165440550787404,0.12378798275292698,0.053233418671637604,-0.006048388464662531,0.00985589134751016,-0.003334963185653767,0.009446335285984504,0.016853609203661475,-0.0184763924776402
641712,2024,"Hudson, Dakota",R,1510,18,6,2.285208772310838,2.144089791239238,2.1449379552059034,0.07784515998697897,0.03202146745604593,0.06327382108462151,0.014866724240898287,-0.0011600793384644913,0.004685499462995585,0.004977856217898543,-0.007570812030665882
641726,2024,"Jefferies, Daulton",R,281,6,5,2.2706340845559776,2.2366812712876403,2.2206883592027316,0.014692818311668382,0.017352447650070962,0.019259994956669243,0.021537174250995106,0.021605809114708222,0.010893879784771352,0.013320006568915792,0.032469416896969416
641729,2024,"Jiménez, Joe",R,1089,69,3,1.2147686127341402,1.1357889622202162,1.115739341871145,0.05929625466673155,0.00913823356467488,0.019683395847192288,0.008155569176877216,0.026856133530305835,0.007045124896426783,0.030335802694703595,0.02348599390377048
641743,2026,"Kay, Anthony",L,2788,33,6,2.4957456747333064,2.221459942007628,2.2170364158813145,0.13024185925650197,0.013394535869101483,0.14404387346917588,0.014652480656254623,0.005937790486356228,0.005040601219955749,0.015042082184378245,-0.004253442159286786
641745,2024,"Keller, Brad",R,743,16,6,2.056314900101969,2.0021106524598684,1.9874126161632732,0.050618198716333,0.028452433109242267,0.0035860489257676254,0.020316469635750112,0.01981967507871199,0.008590637822866204,0.016174372382574347,0.02353174156049318
641745,2025,"Keller, Brad",R,1113,68,5,2.1378491118427516,1.7107665961312088,1.7153073100153742,0.31241621942093806,0.020808551081432893,0.11466629629060433,0.014356170079103562,-0.006038010218728367,0.006106516099815383,-0.006704450989375901,-0.005379484421603963
641745,2026,"Keller, Brad",R,533,32,5,2.253451233165602,1.8596562600722986,1.8610147879853849,0.38411419682368536,0.033781598120012406,0.009680776269618316,0.014147757501798391,-0.0018193351197862196,0.0059979350275218895,-0.0060422888621621046,0.00433262218392186
641755,2024,"Kinley, Tyler",R,1185,67,4,1.165838905357463,1.1434039308289525,1.134407910317414,0.017964444027992202,0.014919309001621282,0.004470530500518265,0.01190130416707019,0.011831614102300863,0.005028511439890098,0.007787322008503623,0.01628127813090762
641755,2025,"Kinley, Tyler",R,1225,73,4,1.3389566030439988,1.2546957755392263,1.2483694642302474,0.02623485319352535,0.007931341844727862,0.0580259743112473,0.010972401945802629,0.008432787109357194,0.004905368416258735,0.006813601059624654,0.00999996504186064
641755,2026,"Kinley, Tyler",R,909,64,5,1.3357868493613536,1.255764169277243,1.2587418092169866,0.045835777840664546,0.012961766430026406,0.03418690224344627,0.01203894769663206,-0.003980403978274992,0.005961595915256063,-0.001071040006508479,-0.007432350298473843
641771,2024,"Kuhl, Chad",R,980,31,6,2.396040092390098,1.9922927385414044,1.9694735142233017,0.22928752826003068,0.027711629985702493,0.17445982558866255,0.022110278670455633,0.030179271027990052,0.008089964193746151,0.0269053901764621,0.03416870068838489
641778,2025,"Lauer, Eric",L,1682,28,6,2.02759931981399,1.9594474837440246,1.9483447836561145,0.02531441925084309,0.010852197553665226,0.04283741681912199,0.016360081280111464,0.014868424799255245,0.006113444156415717,0.011028467607914738,0.019829537374928756
641778,2026,"Lauer, Eric",L,1814,22,5,2.0973161213321543,1.98040790730469,1.9710852283082492,0.09010253781330271,0.011806094763303366,0.02680567621416121,0.00861310325786349,0.012564145393420514,0.0056638471423265885,0.007397601785984758,0.018229638695032316
641793,2024,"Littell, Zack",R,2486,29,5,2.133439521902088,1.9946919991591912,1.9819234252670483,0.038887787648879624,0.008770903707240294,0.09985973509401694,0.012054604987208025,0.017345723877523245,0.006245571133628,0.02086092539905998,0.013175359348388272
641793,2025,"Littell, Zack",R,2788,32,5,2.1705309880714023,2.020089071878096,2.0114617132272654,0.037228172770471475,0.010063783399348252,0.1132137434228342,0.011571318009457555,0.011860491084081133,0.004139627515103286,0.015708317641632878,0.008102672165302522
641793,2026,"Littell, Zack",R,1975,26,5,2.2239500969140917,2.1040951832795236,2.0905668894883043,0.03641284149684346,0.006434573115746867,0.08344207213772487,0.010876911162793365,0.018645066460332798,0.005238752797548155,0.025240914286425064,0.011070224729018438
641816,2025,"Mahle, Tyler",R,1381,16,4,1.7476482964901272,1.6960835710931448,1.6805968725132316,0.04692090689760155,0.020704340265047767,0.004643818499381502,0.007605602318101457,0.02068387885769811,0.0064345917072305475,0.012336344281488552,0.02853024813102078
641816,2026,"Mahle, Tyler",R,2402,27,5,1.7573732840578384,1.63888137264433,1.624546019399621,0.06944395790299396,0.015175571307262067,0.049047953510514504,0.008808234075613404,0.019268896750862442,0.00647741622012652,0.011925343004434333,0.027220133849267705
641835,2024,"Mayza, Tim",L,731,50,4,1.0110021155899407,0.9434210964778904,0.9401387843678574,0.004158971235354787,0.010772977592615989,0.06342204787669553,0.012241822406890458,0.004459795822368292,0.006083147327188057,0.0049588394903073985,0.003937982101139188
641835,2025,"Mayza, Tim",L,301,15,3,1.1079220150900426,1.0758630491894507,1.0802584236492403,0.000451289887385944,0.0056414853363807894,0.031607676013206215,0.017431235311405474,-0.005828227807915089,0.005107405091105183,-0.014824879798213496,0.004441535313085925
641835,2026,"Mayza, Tim",L,1085,60,4,1.4742356339640996,1.3482012842626374,1.3396708068322312,0.061927543779123975,0.011615987603098536,0.06410680592233829,0.011054824282729104,0.011342607857831852,0.004225827001232502,0.010295923624004503,0.01259187613691611
641927,2024,"Ober, Bailey",R,2696,31,5,1.9587713776192148,1.8864355327751097,1.8865806252646702,0.01943567068768133,0.0063359109818224785,0.05290017415642384,0.008753791440834675,-0.00019696341986602176,0.0038718598407947134,0.0011396298243103668,-0.001499012504650177
641927,2025,"Ober, Bailey",R,2356,27,6,2.170749991406566,2.0390278974427827,2.0380022940314917,0.08023011464528658,0.014186189152201172,0.05149197931849692,0.008925127877929923,0.0013975255274732976,0.003825705264878287,-0.002132329570453161,0.005056268149587884
641927,2026,"Ober, Bailey",R,2099,25,6,2.1295225000355664,2.027330949995795,2.0266148815320797,0.07299719314803736,0.015628708214374825,0.029194356891733737,0.009028353263732011,0.0009778970106296702,0.004163010377873428,-0.004727812305779528,0.007435398816718304
641941,2024,"Pagán, Emilio",R,593,38,3,1.3871609446169468,1.323904997232817,1.3201261203470664,0.06521075294821979,0.014598155863277902,-0.0019548055640899436,0.010263756703981866,0.0051752286218244075,0.005656861654683829,0.0012793663086278278,0.008645778455414374
641941,2025,"Pagán, Emilio",R,1068,70,3,1.356368484908735,1.2537186598847798,1.2287515843104906,0.08620770601433553,0.014458839153552488,0.016442119009619435,0.006899342490203933,0.033414582347545026,0.007659151490578854,0.02977661940135954,0.036772027668964404
641941,2026,"Pagán, Emilio",R,674,45,3,1.3336458361983028,1.213878394105796,1.2042521272840156,0.06178362978765334,0.017688211633304897,0.057983812304853735,0.013502549464311857,0.013028320959597814,0.007902287476796629,0.017318992015713467,0.0075173673095410174
642016,2025,"Robert, Daniel",R,255,15,4,1.8593256577271007,1.76774599460453,1.766316158021064,0.07723571897981006,0.01520417171622564,0.014343944142760976,0.016159204206061154,0.001860246575427599,0.0038084823550860107,0.0027908661582802317,0.0011019639523624915
642048,2024,"Saucedo, Tayler",L,626,53,6,2.0903120340756085,1.7830528188191,1.768056517015084,0.20915463222622502,0.023916718534221865,0.09810458303028413,0.02148835573403882,0.02036374171217748,0.011481380780783418,0.006874491883527301,0.03402970660408509
642048,2026,"Saucedo, Tayler",L,343,28,5,2.2303531961511487,1.99474255709905,1.9879070147978721,0.15083746179171123,0.031007338918165556,0.08477317726038752,0.021415678197498216,0.009158558630094358,0.006914708622787682,0.012036518833808026,0.006094923574528192
642100,2024,"Speier, Gabe",L,422,29,5,1.7635525929503149,1.6350133862784864,1.6335765767829904,0.028304007005072275,0.01631073628571331,0.10023519966675602,0.025176039588758272,0.0019007323106559467,0.004209798780543152,0.0027557277124995823,0.0008213764132930599
642100,2025,"Speier, Gabe",L,921,76,3,1.5491966865994045,1.3529276193274673,1.3504917017206433,0.0650699057724472,0.015477256891673742,0.1311991614994899,0.012771212206416912,0.0033089677225441893,0.00562961586689299,-0.00516205272734804,0.011389393569559541
642100,2026,"Speier, Gabe",L,698,54,5,1.6297519218593344,1.455991489010674,1.4443446657885948,0.04493048344281987,0.009820582763497366,0.12882994940584042,0.016294625030270574,0.015940161978453726,0.008018644395832606,0.013467274299079318,0.01859399265875797
642121,2024,"Sulser, Cole",R,292,10,4,1.7903649683835174,1.612442421646122,1.6036122083802586,0.10882269143335516,0.020455594132494263,0.06909985530403995,0.0163041177326829,0.011358688430097243,0.004192085408306231,0.016644287935001386,0.004401113571600971
642121,2025,"Sulser, Cole",R,387,18,4,1.586401350424387,1.4621890797486188,1.4669811892385918,0.014216286745956454,0.0060524108034692575,0.10999598392981152,0.0142881462274004,-0.006223309975233214,0.005081967994689416,-0.005464780143106878,-0.0070236897291320365
642121,2026,"Sulser, Cole",R,937,51,4,1.625392671990562,1.4943006068520899,1.4818932112268806,0.04699310934751045,0.007737810099938943,0.08409895579096162,0.013041329937199884,0.016537311096473405,0.0040055384125412125,0.013570271568051046,0.019564032454490465
642152,2025,"Trivino III, Lou",R,841,47,6,2.390580793002365,2.205959023085444,2.2032605652032196,0.11282570510322575,0.024383718714515598,0.07179606481369535,0.014993356114061258,0.0035795001245278128,0.006606124262827843,0.01207739917163341,-0.005302175008576102
642207,2024,"Williams, Devin",R,391,22,3,1.1728354439519442,1.2336372428736908,1.2296246293542343,-0.04692955488816094,0.05070481416582786,-0.01387224403358533,0.018834565607763004,0.005160960151668791,0.005018197053083593,0.010633635925250797,-9.987010809713745e-05
642207,2025,"Williams, Devin",R,1115,67,3,1.0238801944765128,1.0270177146478818,1.0250320672396946,0.0015995536711697865,0.009433329566089279,-0.004737073842538851,0.005685714017494501,0.002586444930056843,0.00209567153818028,0.0041165404322288275,0.0010419823339677507
642207,2026,"Williams, Devin",R,759,44,3,1.091117266334762,1.08561729802219,1.0815505978494577,0.004776178949009738,0.006069870055021887,0.0007237893635620273,0.007900078473230324,0.0053773962214352785,0.002524338940597312,0.007084114797819148,0.003646723700119705
642232,2024,"Yarbrough, Ryan",L,1514,44,5,2.2333262902772564,1.9666537624572764,1.9348792101993841,0.1398361508766689,0.023275760765839235,0.1268363769433111,0.0165399162681314,0.0430677458535799,0.009764559441284027,0.04431575472834842,0.04187437834810948
642232,2025,"Yarbrough, Ryan",L,1017,19,5,2.309529010537393,1.9603882606960954,1.9546087873843896,0.22119372739779855,0.04889614165320214,0.12794702244349923,0.01718460202286543,0.007805742839315766,0.008337163643429563,-0.005174098876751219,0.021975403379355562
642232,2026,"Yarbrough, Ryan",L,1061,38,5,2.2833688794164884,1.8454504760609605,1.8180446183596621,0.33154800457620953,0.040856069344247965,0.10637039877931821,0.013466967653904281,0.036760575247885695,0.010238081132227416,0.04084093043253654,0.033210762699536975
642239,2025,"Zastryzny, Rob",L,347,26,5,1.850724456077577,1.560983275798882,1.5503497958670511,0.19392949884425636,0.021608736494557114,0.09581168143443897,0.014769542251994191,0.014413349751348264,0.00489699219936637,0.01796612073013878,0.010386875975385682
642376,2026,"Yan, Jefry",L,367,18,4,1.852903696350459,1.649215324576796,1.5773693676645626,0.11548179482796829,0.05290738983925221,0.08820657694569452,0.02125981259746173,0.09765728217329532,0.011084161084353738,0.10188691000564529,0.09303420058909886
642397,2024,"Soto, Gregory",L,960,66,5,1.7464329572019959,1.6709590262786302,1.6586996960192704,0.024763190713378794,0.009790494843709405,0.05071074020998676,0.012445393946542066,0.016414166037636443,0.007750349278966121,0.023429985442788306,0.009760576438728826
642397,2025,"Soto, Gregory",L,1031,70,5,1.609234412344918,1.5510259482334865,1.5306512153508263,0.008546929342636083,0.006781701203024456,0.049661534768795174,0.013555076263952507,0.02789687862154398,0.0075271290262082504,0.03303440813507875,0.023240586049783355
642397,2026,"Soto, Gregory",L,1153,69,5,1.9089271088520834,1.8119938932743829,1.7794916341661875,0.0032333212316301868,0.008314418294300022,0.09369989434607029,0.013160667647021635,0.04307483304798789,0.009562169796082813,0.042337271336674094,0.04378903307613789
642520,2024,"Garabito, Gerson",R,492,18,5,2.027146525976933,1.852363986276994,1.8502922512730222,0.1580459237907808,0.03777005044534585,0.016736615909158183,0.01152045100242638,0.002703696609957891,0.00404031126642215,0.0013647431960006095,0.00435163927328993
642528,2025,"Loáisiga, Jonathan",R,467,30,5,1.7082412524191561,1.508948633584475,1.491805234640885,0.14415314682658167,0.026926984847388487,0.05513947200809957,0.02016580359818,0.023969961995977836,0.00832866774175587,0.023643837837108318,0.024342078023405878
642528,2026,"Loáisiga, Jonathan",R,962,67,5,2.150854218994038,1.7946997708241634,1.7878346462417714,0.27152932637216454,0.03411829555311901,0.08462512179771,0.012683068310199344,0.009381036716280492,0.009794691525860199,0.004029764855878992,0.016975797122967165
642546,2024,"Hernández, Jonathan",R,761,29,4,1.5047876728896992,1.3399181586878688,1.3346129676954503,0.12654725187977586,0.031219437941058404,0.03832226232205445,0.009641088265399616,0.0070828953425094345,0.004290205516331909,0.011646101828015521,0.0010728185079404379
642546,2026,"Hernández, Jonathan",R,413,16,4,1.5974025478639409,1.348552976422991,1.3344575598047843,0.20164085890118266,0.04134989621083442,0.0472087125397671,0.014080048965597282,0.01908658053547364,0.007290415099410422,0.02817867449587329,0.008649881130226156
642547,2024,"Peralta, Freddy",R,3066,32,6,1.7206484874662862,1.6551280792899077,1.650733981189661,0.05130064822812454,0.0078062323827251265,0.014219759948254135,0.007298720087800428,0.0057598566803572036,0.003516344557791137,0.0028275595912282576,0.008644898769746159
642547,2025,"Peralta, Freddy",R,3086,33,5,1.76281453507316,1.6968886344413467,1.6805860959466967,0.041906906994390765,0.008354270418840199,0.024018993637422454,0.005183325104136549,0.021290577145361998,0.00426940131536056,0.021138897852279803,0.021440596648200024
642547,2026,"Peralta, Freddy",R,2959,32,5,1.803999802660865,1.728672243612503,1.7263103707613123,0.05640219041796031,0.011670489484965097,0.018925368630401625,0.006833796523177331,0.0031353888589830893,0.004151871979184575,0.0010120478323512715,0.005283642731595245
642585,2025,"Bautista, Félix",R,626,35,4,1.3122659316512573,1.0947327799867084,1.0810933392257787,0.04283546182605577,0.013270848217755813,0.17469768983849301,0.017071374776597145,0.01764109486847516,0.0073729046446277795,0.013941552796919715,0.021528749248753757
642629,2024,"Ramirez, Emmanuel",R,371,15,3,1.3586007635965374,1.2733254003413736,1.2666901567752478,-0.0007330963976629094,0.0067515426148233365,0.08600845965282672,0.014170249606465757,0.00885494734903845,0.00626623074725519,0.0037364328070848057,0.014199278709019455
642701,2024,"Santana, Dennis",R,1106,62,6,2.2155379463327574,2.0724895289318135,2.059902292064363,0.08646129890834746,0.022282891446675796,0.05658711849259721,0.014536683817187302,0.0169981489321118,0.008227926896004064,0.01255698928307868,0.0222050257620127
642701,2025,"Santana, Dennis",R,1002,70,5,1.923684973014946,1.7066582292644625,1.7039768880723587,0.12480999784661097,0.014017213043554475,0.09221674590387204,0.017542798198746812,0.0036854648484062717,0.005719729031329861,0.010958772212916822,-0.004590321830274351
642701,2026,"Santana, Dennis",R,929,57,5,2.174134984412221,2.021906116969799,2.0120048688622814,0.1121218389191931,0.023569403753359974,0.0401070285232284,0.013905161135588016,0.01352685219394708,0.006832142700098571,0.011888284435218254,0.015295703627681866
643256,2024,"Cimber, Adam",R,416,28,3,1.6035046496824257,1.0889776264833095,1.0836903250308807,0.4360495085391625,0.037382801523636704,0.07847751465995383,0.012800690764776532,0.007118179301651657,0.0068816679224401635,0.020503817146185863,-0.005509780929040987
643338,2024,"Green, Chad",R,840,53,4,1.0458356746779727,0.9669738151573605,0.9684670660270172,0.07557709649171776,0.014906706445130596,0.003284763028894252,0.008173173679166836,-0.0019878458486710534,0.005452712580106039,-0.0010727696512271017,-0.0030103974384322494
643338,2025,"Green, Chad",R,709,45,3,1.1405590976816127,1.0704095711982762,1.0640544776417231,0.061562882572223095,0.013536696072433494,0.008586643911113205,0.007087544540236087,0.008681621062805742,0.005618106897657,0.008754479296763054,0.008598225480962044
643377,2024,"Jax, Griffin",R,1068,72,5,2.0609261282216247,1.889264614315921,1.8730336122801088,0.11188496217345564,0.016084244868026176,0.05977655173224789,0.014752581276161346,0.021887260321020376,0.006351727099198949,0.02330121621737829,0.020190513245390868
643377,2025,"Jax, Griffin",R,1093,73,6,2.023985361504395,1.8182923469858538,1.811637723497196,0.15158374783130818,0.01755821452066507,0.054109266687233204,0.01142376602254021,0.008946498736904033,0.004972660965832778,0.008190666032544857,0.009629757340844645
643377,2026,"Jax, Griffin",R,1724,34,6,2.381013868701162,2.180061738802881,2.1405458417293173,0.11865356683192482,0.014247705406455752,0.08229856306635674,0.01153533357176654,0.05398209711158767,0.0090939980668466,0.052295134081227566,0.055535540997992315
643410,2024,"Leiter Jr., Mark",R,1015,60,8,2.218805982044579,1.834769130839692,1.806962173096597,0.12829509279426551,0.027715007681544685,0.25574175841062147,0.018825965171550996,0.037136923827949336,0.008572159554858908,0.04159441063801359,0.03241367899668884
643410,2025,"Leiter Jr., Mark",R,832,59,6,1.8667869456809312,1.4936406185590267,1.480156716741448,0.07403062162773287,0.014181891822369773,0.2991157054941716,0.02036563981245275,0.018331056065727953,0.008264158853457248,0.020876696862588306,0.016008158838592877
643410,2026,"Leiter Jr., Mark",R,551,36,6,2.249579129698387,1.901053311440647,1.8789523245613777,0.011275061970995504,0.014010659436991287,0.337250756286744,0.018239591573377987,0.030068256223400706,0.010638009566826846,0.04119833138998447,0.018993009013302583
643511,2024,"Rogers, Tyler",R,1002,77,3,0.9921568254887531,0.963016777664656,0.9649545293629282,0.014364992638299028,0.004153445656356393,0.014775055185797886,0.007378344160554549,-0.0027231798059869456,0.002936858180780586,0.003989440247163337,-0.009685125746825668
643511,2025,"Rogers, Tyler",R,978,81,2,0.822648228291029,0.7496425027388618,0.7483575233465459,0.04393750834316301,0.009770407600607685,0.02906821720900419,0.007787381258124086,0.0018508245149997506,0.0029861949103208167,0.004583208574914491,-0.0008416124095361195
643511,2026,"Rogers, Tyler",R,1018,74,2,0.7999062155261721,0.7260428931724935,0.7246743584835851,0.05172937673485009,0.008834582488413815,0.022133945618828685,0.006637857986987671,0.0019136927380612953,0.0020810204348180434,0.003312427187538664,0.0006879976019213342
645261,2025,"Alcantara, Sandy",R,2891,31,5,2.303602877238048,2.1970276603218846,2.1796841256573,0.01171359777612295,0.006704443364452724,0.09486161914004097,0.013112621322021905,0.02336447284031356,0.007909172231580745,0.01941708793435412,0.027689634817351146
645261,2026,"Alcantara, Sandy",R,3293,36,7,2.610989098624747,2.5675753189844053,2.5458827422514845,0.03090138560344135,0.005140656242742501,0.012512394036900727,0.006671101514286123,0.0298386195411479,0.0072320303239555295,0.04051238347502734,0.019971394039571242
646241,2026,"De Jesus, Enmanuel",L,669,30,5,2.077245973059424,1.7337962546670431,1.7295844895582535,0.2761374233605644,0.02708698597885198,0.0673122950318167,0.011161984407632457,0.005738637184888746,0.006259785958831041,0.0039351234942789914,0.007264165682584967
647315,2024,"Pop, Zach",R,743,58,4,1.157650001200163,1.0418534677965765,1.0413972454736158,0.059763716492175475,0.017790582769545996,0.0560328169114109,0.014756855906482465,0.0006300616839401035,0.004093540629767235,-0.0035128560382883863,0.005193744487332424
647336,2024,"Soroka, Michael",R,1442,25,5,2.1177796495941696,2.0246354398796274,1.9942068310075731,0.08099403708918586,0.018858801341321854,0.012150172625356248,0.011363531992364487,0.04014460566651661,0.01324097175438166,0.0673961611778544,0.015231624971388214
647336,2025,"Soroka, Michael",R,1527,22,4,1.7126479551863343,1.5437944298465531,1.5433098164623336,0.13213642611625653,0.017741235421143964,0.036717099223524396,0.009578820249545126,0.0006468572007901144,0.0035748550901501955,-0.007058192680300327,0.008218370688794068
647336,2026,"Soroka, Michael",R,1838,22,5,2.1369870341529027,1.8947919776128896,1.8945058566826494,0.12926476326222092,0.018056996124343735,0.11293029327779175,0.012423140615996694,0.0003858329198691995,0.004057392307507171,0.0050036350271723895,-0.00392411571361378
650556,2024,"Abreu, Bryan",R,1300,78,4,1.0537111637060301,1.0430644471947321,1.034734636105597,0.003645822697893937,0.004851269852939816,0.0070008938134040015,0.006188031740084201,0.011106414785513918,0.00535615636627401,0.004010672657856383,0.01901793637687178
650556,2025,"Abreu, Bryan",R,1189,70,4,1.1210481390466787,1.1015590937318565,1.096739917560077,0.014418416052047333,0.0040948820788768705,0.005070629262774967,0.006322026644691799,0.006423767341082977,0.00399921438396393,0.0060621218889443315,0.006783794692764628
650556,2026,"Abreu, Bryan",R,1093,66,4,1.4172800767519786,1.4011759735004181,1.3987561589174824,0.015676373010436874,0.008870682499321362,0.0004277302411235724,0.0060937077623010255,0.0032097783242099292,0.0040630626762733334,0.0021398915739367585,0.0042796650744831
650633,2024,"King, Michael",R,2895,31,5,2.1869551730974717,2.044982603052781,2.0313764766128637,0.07959341347410352,0.011596783738351964,0.06237915657058674,0.008895785574067555,0.018168697437066814,0.00618470824394014,0.020042255553662725,0.016106331138178286
650633,2025,"King, Michael",R,1219,15,5,2.1919851771930854,2.0392007147047537,2.03704926504236,0.11064425192272083,0.017219727827563355,0.042140210565610556,0.009793347988040935,0.002881996855448344,0.003851332843101785,0.0015403287041391475,0.004253479854564411
650633,2026,"King, Michael",R,2981,32,5,2.2064197602137,2.0921578334444755,2.0834269889646047,0.045903246064791,0.006645494763882886,0.06835868070443323,0.00921234678295918,0.011713162643787356,0.004655817555675392,0.012605381212351961,0.01077986587225016
650644,2024,"Civale, Aaron",R,2699,31,7,2.3873954817495777,2.2639213679570376,2.2375130568642687,0.08173902795643694,0.015210954790175604,0.041735085836102775,0.010709027738409363,0.03547836318535849,0.006800984644247582,0.04459014149284319,0.025482038549485397
650644,2025,"Civale, Aaron",R,1747,23,7,2.4120410231100045,2.3865234627353833,2.3619557536193234,0.042601651668890225,0.023028966622642207,-0.01708409129426957,0.01520898913127413,0.03273820581674825,0.007093630688902559,0.02989742699039821,0.03559201573863201
650644,2026,"Civale, Aaron",R,1896,34,6,2.232241467506557,2.1212907452217933,2.0987195749450165,0.06728400463044189,0.010165630142961679,0.04366671765432247,0.01028434545920494,0.030480725672911595,0.007423540033366927,0.029842605655104968,0.031093891276614032
650671,2024,"Quijada, José",L,379,22,4,0.3983849156575311,0.33752900152311155,0.3389848378037626,0.04196922202876514,0.014384011270210544,0.018886692105654353,0.007547212693819009,-0.0018703794927685264,0.005487571041534371,0.007570417038357834,-0.009621156891779673
650893,2024,"Cabrera, Génesis",L,1030,69,5,2.129622316854185,1.9074141017408335,1.8835960253325905,0.09561118573070707,0.014183783357378958,0.1265970293826441,0.01805416370084313,0.032152842333539315,0.009894250006109702,0.02331744278641259,0.04280128629640592
650893,2025,"Cabrera, Génesis",L,715,40,5,2.3119800304781664,2.104847426333558,2.096461089599749,0.14705385525993425,0.025113678753737132,0.06007874888467331,0.014463174608867124,0.01133502980089553,0.00693189851093817,0.007488783193267726,0.014887563031213576
650911,2024,"Sánchez, Cristopher",L,2797,31,4,1.4967503301565948,1.3946405396985213,1.3967559945529513,0.007907130314004094,0.003105325251552996,0.09420266014406958,0.011646418656973693,-0.00289761372568121,0.00439556215178472,0.002515950538696535,-0.008321792821949892
650911,2025,"Sánchez, Cristopher",L,2896,32,3,1.4784934351020698,1.335440294020725,1.337389464310488,0.052662129155815626,0.008456551664525658,0.09039101192552934,0.008400233244901262,-0.0027047422899634257,0.003076552565623909,-0.0015403110584644231,-0.003865830656683003
650911,2026,"Sánchez, Cristopher",L,3158,33,3,1.5035911224618088,1.393584802563488,1.3965223666352922,0.053854781462193115,0.007087966609203378,0.056151538436127586,0.007995758210749526,-0.0040316502993294435,0.0026317284031137033,-0.00446699224807787,-0.0035741920483718737
650960,2026,"Duarte, Daniel",R,463,24,5,2.2166194779452364,2.105851351855552,2.0968651425240084,0.05242356684665675,0.012527931775977835,0.05834455924302752,0.018195289449306568,0.0118874712014419,0.004525612794604028,0.006568552341072216,0.017783140299682997
655889,2024,"Rodríguez, Manuel",R,605,40,4,1.586545258740332,1.2987115571177155,1.2900187097508835,0.19420174387275457,0.03211568373088811,0.09363195774986197,0.02010093840660727,0.011739224680654586,0.005867130565666668,0.019681724549558403,0.002408715125922915
655889,2025,"Rodríguez, Manuel",R,431,31,3,1.4728901674449502,1.14133377280081,1.137227223909561,0.27405668823267765,0.04658140494673549,0.057499706411462743,0.013232506669260327,0.0057094276520265165,0.006167904410375486,0.007661803293076334,0.003487758819107754
656186,2025,"Altavilla, Dan",R,456,28,4,2.021831637202411,1.851615126241378,1.8316679486737872,0.1824895795318539,0.04205025922115421,-0.012273068570821258,0.010580473833532665,0.027151979017377443,0.00849613054476508,0.02823362550119312,0.026076770905489228
656222,2024,"Beeks, Jalen",L,1186,71,5,1.5049063220512107,1.3166252119307786,1.3166336967622756,0.17268435140100705,0.029366329564369652,0.015596758719425032,0.012592528253009555,-1.148745451515791e-05,0.005906516149115076,0.0059599238640087055,-0.005612988337378254
656222,2025,"Beeks, Jalen",L,916,61,3,1.359213544292809,1.2483233692953097,1.231976061543325,0.06619795698598765,0.01694978501925032,0.044692218011511554,0.011970299795090468,0.021828183528889274,0.005767458962486824,0.00740337488687494,0.037944790715337386
656222,2026,"Beeks, Jalen",L,407,29,3,1.3536895308605217,1.3004365846392105,1.2957885268134435,0.01531839236041333,0.010423176721053045,0.03793455386089799,0.01758894579941189,0.006412744186736205,0.0043083754384419665,0.0057969430782915145,0.007103859099810821
656232,2024,"Bielak, Brandon",R,510,16,6,2.3619108948773846,2.249614740407737,2.2390534921996665,0.09256983241257154,0.051018573434764646,0.019726322057075824,0.019805262943338862,0.014557396178691806,0.005845007256373718,0.00740334836249774,0.020315532225872398
656234,2024,"Bird, Jake",R,684,35,7,1.944450280858473,1.8408507691816567,1.8354457361893446,0.09332052682703915,0.024351399365488777,0.010278984849777103,0.016008577113863106,0.007408902939362213,0.007856683579770617,0.006486604646241377,0.008223309734042502
656234,2025,"Bird, Jake",R,957,48,4,1.6850085522435332,1.477841271809746,1.4774797881926118,0.12542619055020895,0.019877969788999653,0.08174108988357848,0.01664110453749038,0.00048792640563790284,0.006021987835832713,1.856894496664494e-05,0.0009403817970883096
656234,2026,"Bird, Jake",R,678,44,5,1.9232739072380862,1.7622914729465338,1.7532345071266893,0.08787325152968142,0.022222210213791845,0.07310918276187081,0.01695331747084191,0.012135618232914671,0.006769397050506561,0.01726595461825007,0.008060457416194353
656240,2024,"Blewett, Scott",R,319,12,3,1.565675620687501,1.5262588475279821,1.521671492173255,0.0357260171098741,0.012376593781861147,0.003690756049645317,0.013771616529183808,0.006200704907448683,0.0034555815991436497,0.0063638151247865015,0.005997205493436737
656240,2025,"Blewett, Scott",R,711,26,4,1.5806061417169752,1.5018340803187715,1.499762077492766,0.05691111415440649,0.018635294753253175,0.021860947243797158,0.012652124018087468,0.0028605708918255346,0.006481395540289298,0.0015795621363327095,0.004605798416510721
656240,2026,"Blewett, Scott",R,584,26,5,2.1322988865622183,1.9154087657016605,1.9007043816260953,0.04789854488039357,0.01567143566807631,0.16899157598016418,0.02624970855866291,0.020205553647364767,0.007910142096324152,0.007211106850110537,0.036902719155664565
656271,2024,"Burke, Brock",L,575,34,4,1.7248007337106273,1.5594300320725794,1.5576563989733296,0.129734570605837,0.026719124325119525,0.03563613103221095,0.015484742607778596,0.0024166801707786244,0.006193860326266806,0.021561621921368096,-0.016547648921786416
656271,2025,"Burke, Brock",L,1014,69,4,1.8199217240921606,1.5169825625243571,1.469484539947157,0.1969796638865534,0.02575582904686943,0.10595949768125047,0.015658090208843706,0.06345585624938171,0.010040750918416034,0.08440082502035169,0.03666139169552825
656271,2026,"Burke, Brock",L,1180,77,4,1.8798411241839545,1.4837082709972,1.446589626330652,0.24685913561469647,0.01889589684150789,0.14927371757205793,0.01840649374531967,0.05034482839830665,0.010810655411357374,0.07387851577840325,0.028681367829873385
656288,2024,"Canning, Griffin",R,2869,32,5,1.966805600314088,1.9068615931229782,1.8883706369751865,0.017608675151956854,0.006043553479448441,0.0423353320391528,0.006256623983955298,0.024918061619546916,0.004673421933612467,0.025317211904113446,0.024507887184263784
656288,2025,"Canning, Griffin",R,1343,16,6,2.0647531315138212,2.016176601940882,2.0014986404321253,0.024975365128072212,0.011136770831092322,0.023601164444867075,0.009782373353542005,0.01944033758013792,0.0064507428568338875,0.013529385941139248,0.0254690372597541
656288,2026,"Canning, Griffin",R,1544,30,7,2.5195311707275216,2.417307419880155,2.406546478560403,0.05516032407888917,0.011975528600977814,0.04706342676847748,0.01186664448923303,0.014410141715262233,0.005700206460395239,0.013378778249669562,0.01553696713502047
656302,2024,"Cease, Dylan",R,3188,33,7,1.6418377067990495,1.5761920244253627,1.5597141610269631,0.022288283234122328,0.006750236838863002,0.04335739913956443,0.006365640079149848,0.021662444748081298,0.005644503667246071,0.01983596046481388,0.023641136054954315
656302,2025,"Cease, Dylan",R,3044,32,6,1.795277688657495,1.703658432454014,1.6770801608319095,0.057211748574214266,0.008802653893117745,0.03440750762926676,0.005789690254890448,0.034842488724240325,0.007562938265518825,0.032266278951165794,0.03730584010792997
656302,2026,"Cease, Dylan",R,2895,29,6,2.2061953314841145,2.0136418980658117,2.0106846281578132,0.10804223396259187,0.009983533537785414,0.08451119945571103,0.009017520680755297,0.003882674096895706,0.006246244760006444,0.0030961263989259954,0.0047261430098500656
656412,2024,"Faedo, Alex",R,1007,37,4,1.7570434146425835,1.5907682541779313,1.5916770592622347,0.11387205501785314,0.01909515123984885,0.05240310544679911,0.009909260869588201,-0.00120258438882179,0.004108730657139792,-0.0013267043177873565,-0.001060633146117507
656427,2024,"Flaherty, Jack",R,2569,28,5,1.7884017020307394,1.7012222387156608,1.6881555841538796,0.028012830741084536,0.005625772542350884,0.05916663257399427,0.010251353318454693,0.017312137993406633,0.003439149001613945,0.020301484673963272,0.014068857562566152
656427,2025,"Flaherty, Jack",R,2831,31,5,1.7395916359161046,1.6864208336239754,1.6739751674104992,0.005949351669359956,0.004380472051309414,0.04722145062276923,0.006158721316168562,0.01638013995832256,0.004081034166554371,0.012268975096252526,0.020862867825419327
656427,2026,"Flaherty, Jack",R,1658,20,5,1.8036968961551447,1.7368583858808777,1.727964167855076,0.019076832351378373,0.0032408935529977517,0.04776167792288876,0.007000670532134811,0.011675861826428853,0.00473956302526259,0.013264608129451622,0.010001865721780476
656457,2025,"Gilbert, Tyler",L,839,46,5,2.168788555033519,1.8249600044042642,1.8244774852317622,0.2753771099708898,0.023521333093670504,0.06845144065836466,0.015072810309175181,0.0006477337371670483,0.006076804518334227,0.004398524931275524,-0.004188451245712746
656464,2024,"Ginkel, Kevin",R,1184,72,3,1.334091006371217,1.2210200641534847,1.2034783317771165,0.08684864620988941,0.018426344955066565,0.026222296007843017,0.007451617275895715,0.023258019186584773,0.006868936833764732,0.01669472845718727,0.0286073679314799
656464,2025,"Ginkel, Kevin",R,491,29,3,1.3087909034767597,1.2264237575774437,1.2105436662991715,0.06756764071899005,0.022290035439184504,0.014799505180325785,0.01020187876223648,0.0210733103179236,0.007672702543989445,0.014326039477317604,0.029456283180494678
656464,2026,"Ginkel, Kevin",R,1099,74,3,1.257950859037675,1.1780165657481667,1.1643516769456284,0.07497397704122304,0.0147348825352666,0.004960316248285102,0.006336136400823292,0.018247524658553498,0.005607692468432342,0.007458315586751254,0.027593279455443428
656492,2026,"Griffin, Foster",L,2833,31,7,2.61060261577036,2.3127011313728842,2.2989453554353627,0.10489202315812894,0.013039721555028444,0.1930094612393468,0.015781372001081817,0.018451758158616913,0.00515906519724276,0.021394093821475592,0.015407376172190878
656529,2024,"Hentges, Sam",L,351,25,4,1.9517302472590137,1.6674821278489609,1.6498760196503415,0.27907030662978055,0.05917431847254161,0.005177812780272881,0.013404020631028815,0.023768246068135455,0.011568407332664309,0.015399717015114982,0.03213677512115592
656529,2026,"Hentges, Sam",L,687,45,4,1.9723034959742614,1.766579783115871,1.754769679361374,0.176037108747134,0.03569287673038087,0.029686604111256537,0.014230076749643621,0.015785099765251484,0.009395378523120989,0.0038244603786804286,0.024735238081733227
656546,2024,"Hoffman, Jeff",R,1001,68,4,1.7829748614019474,1.5803301444466773,1.5811554204083165,0.16298002315158883,0.017270927644041468,0.039664693803681136,0.01027813046964747,-0.001123947262042028,0.004757016401055191,-0.005230360148712192,0.003016124746650021
656546,2025,"Hoffman, Jeff",R,1127,71,4,1.8612408430118068,1.6317161284074284,1.6183454138076498,0.18614151199752246,0.021850662595320158,0.04338320260685598,0.009695377639195028,0.017939042088036244,0.008386008157131176,0.016940187842037945,0.018976686790189812
656546,2026,"Hoffman, Jeff",R,1211,71,4,1.714646677799462,1.5337753286959364,1.5314371596404959,0.16531449473263335,0.022630700058600586,0.015556854370892206,0.010862937495220762,0.0030777420936288144,0.005423190167389394,0.013502883888425736,-0.009224913389330585
656550,2024,"Holmes, Grant",R,1024,26,5,1.9220332175962151,1.8496603633738478,1.7815410772407132,0.04313144435978225,0.014044059162911739,0.029241409862585034,0.013409836738738128,0.09388176177702517,0.012688341355070324,0.10030464837868694,0.0876797681008174
656550,2025,"Holmes, Grant",R,1964,22,6,1.9795779395897615,1.8579716063243472,1.8147644912156426,0.049643611765899785,0.013399718133408116,0.07196272149951441,0.00882753064516339,0.05764862369123356,0.008509490608222894,0.056375728489896415,0.058796531766858014
656550,2026,"Holmes, Grant",R,2382,31,6,2.2864018689598464,2.096293523934185,2.0594144464421804,0.07783932107700701,0.01388882927664947,0.11226902394865396,0.009897463598476557,0.05048618539422778,0.009616171579712625,0.05241671193322454,0.0484970897887037
656557,2024,"Houck, Tanner",R,2735,30,5,1.6593292702910196,1.5196755037184444,1.5242566645758473,0.10546362256793318,0.014517517864292662,0.03419014400464194,0.0056526070414851665,-0.006286741066230087,0.004678989790344923,-0.007866653809873251,-0.004656902435682808
656557,2025,"Houck, Tanner",R,749,9,4,1.7720347503607137,1.637310557750249,1.636980543255289,0.0675986009977825,0.017283561567813428,0.06712559161268199,0.012779761608244863,0.00045271219180417917,0.007235825868859696,0.0043113817556759805,-0.004503821515763363
656605,2024,"Keller, Mitch",R,2849,31,7,2.517860958781373,2.3470213574741243,2.3383861878674868,0.09910745166547955,0.01251457212037388,0.07173214964176941,0.015241160458867961,0.011850480833001316,0.006213731351712303,0.014069793893684712,0.009543964901564152
656605,2025,"Keller, Mitch",R,2870,32,7,2.3901330505242533,2.196825217130518,2.186721801964487,0.14800532332687036,0.01717550709057657,0.04530251006686485,0.007826152849428305,0.013677736569108168,0.007682426894338299,0.008138496126475821,0.019227438277921123
656605,2026,"Keller, Mitch",R,1887,22,7,2.6256334952766864,2.460028282648945,2.4441575760827567,0.11691743983424445,0.02008157232311414,0.048687772793497466,0.010733594754344386,0.02163874515202061,0.006566599895954387,0.011459980736382942,0.03211600705785292
656629,2024,"Kopech, Michael",R,1143,67,3,0.9708033611871532,0.9435864704688763,0.9440792385437078,0.009169962033703585,0.006442015980855295,0.018046928684573253,0.007915905253343835,-0.0006518910989956548,0.0024958064266548037,-0.004063078700370769,0.0032141215158961417
656638,2024,"Lange, Alex",R,377,21,4,1.6006626524698833,1.1659309946402558,1.1520964259724453,0.3508310995900339,0.024443781364581516,0.08390055823959333,0.01443008000268513,0.018236476880295952,0.004889027771309477,0.023128993927418507,0.012840318372440188
656638,2026,"Lange, Alex",R,1135,59,5,2.2260710356734768,1.978992265082743,1.971426233537769,0.12660204598816763,0.015508117942539206,0.12047672460256575,0.014590296301402522,0.009997026546618585,0.005741957066705004,0.0035392231894857736,0.016684372677109194
656641,2024,"Latz, Jacob",L,813,46,4,1.7030052564916074,1.4317387931244525,1.429554407988226,0.21200691672869712,0.02601612065639309,0.05925954663845771,0.016141664170153704,0.0028460017880644847,0.004876408976852008,0.006201109194254283,-0.000663110548245501
656641,2025,"Latz, Jacob",L,1388,33,4,1.7236291162064492,1.5979927056684216,1.5922915737005778,0.08854851682851773,0.015984128897605577,0.037087893709509843,0.0078044517546671365,0.007601509290458543,0.006617162030997318,0.01614267315250375,-0.0021147222897735783
656641,2026,"Latz, Jacob",L,1128,58,4,1.655316305218208,1.469635049817704,1.4676572783993491,0.13241640592635132,0.02159225904981309,0.05326484947415295,0.014878831134634937,0.0025910872937327852,0.004997833898433695,0.004743284730835506,0.0004036079314316584
656686,2025,"Martin, Corbin",R,332,17,4,1.6859002986427323,1.5493185709057848,1.546642972818797,0.046450342225944075,0.01662261085079157,0.09013138551100323,0.017735721547418058,0.0036555496497120386,0.006600080250180845,-0.0030001244000669143,0.011186970284988221
656730,2024,"Megill, Trevor",R,668,48,3,0.9036614965011637,0.9041089829011144,0.9015270163078717,-0.009669533969548371,0.011915807716277121,0.009222047569597745,0.008811167137317137,0.003541588674098746,0.0024544952143222354,0.0005792977833581164,0.0058831053708238755
656730,2025,"Megill, Trevor",R,753,50,2,0.9736255395105441,0.9641918357634714,0.9619084079099695,0.0026677757255392388,0.002796411891847422,0.0067659280215333385,0.005498126579260517,0.0030486191022819197,0.002518109365144124,0.004562954718720142,0.0015973808031952902
656730,2026,"Megill, Trevor",R,874,63,2,0.941818379790034,0.9291407924187736,0.9168236288845537,0.004064166493231262,0.003763758460807605,0.008613420878029035,0.005941243640268226,0.016979812190706902,0.004379342864167083,0.01070556363113251,0.023537413911036264
656731,2024,"Megill, Tylor",R,1365,16,8,2.3761990081583413,2.2029016477998256,2.1799684583337746,0.11670575062532754,0.02808129893324738,0.056591609733188046,0.012057037159230271,0.030510529845184462,0.010619699419156279,0.03337207880175909,0.02739254880288828
656731,2025,"Megill, Tylor",R,1234,14,6,2.1035934063813984,2.033070134521619,2.0280948632049562,0.07554928002905376,0.01826567803569242,-0.0050260081692748105,0.01667348274430878,0.0066087026961918535,0.007236075468157439,0.012592581912902561,0.0008893739290620448
656756,2024,"Montgomery, Jordan",L,1929,25,5,2.05352303987493,1.9086193406759302,1.9000753782668678,0.07401155461095436,0.01959599476872982,0.07089214458804499,0.011659514109215322,0.01180609132312426,0.00604256068695448,0.02197816851075895,0.0016048259656541715
656756,2026,"Montgomery, Jordan",L,414,13,5,2.215173240796723,1.8457906461972828,1.8363134377956103,0.2938773413408232,0.03631179321298159,0.07550525325861666,0.022888176035528517,0.012615962309622423,0.011691677499243021,0.010450504379280669,0.01567110450591854
656794,2025,"Newcomb, Sean",L,1546,48,6,2.3819943578552327,2.139952370741042,2.13546955907199,0.10632278336338426,0.013717994181018133,0.13571920375080626,0.013293867600833715,0.006005569185748604,0.006033482691904629,0.003841165421938943,0.008544973225020576
656794,2026,"Newcomb, Sean",L,1472,60,6,1.9737322266857311,1.8414085460381913,1.8298114039761302,0.09262445018930421,0.016448417917838614,0.03969923045823616,0.011986291972951889,0.015504989205589011,0.008082138472659657,0.007987579647344123,0.023692831874341513
656848,2024,"Petersen, Michael",R,363,16,4,1.232612649069583,1.2221565323851307,1.2233776367829368,0.028580933098714234,0.012889731009879573,-0.01812481641426182,0.017393699118124408,-0.0016177404978233562,0.004071598010757524,-0.0027573038700929985,-0.00011119909041603168
656848,2025,"Petersen, Michael",R,327,15,4,1.1963135432130867,1.2184382509259861,1.2236105180641499,-0.005175595504412092,0.012742033300613019,-0.016949112208487317,0.013225405758335331,-0.006765325416718329,0.00278078322091147,-0.01011429310704777,-0.0038662190579256766
656848,2026,"Petersen, Michael",R,1129,65,4,1.3242559144262909,1.3064019272354777,1.3022660532575834,0.005528929770756132,0.004258653012340786,0.012325057420057258,0.007220080685862552,0.005435857649642097,0.003790586804343217,0.013173911227716977,-0.0026146588995189434
656849,2024,"Peterson, David",L,1871,21,5,2.2011097167338227,2.002629873499671,1.9886111621314884,0.08780113399350833,0.0171900068451212,0.11067870924064352,0.013661955716839766,0.019286036007256802,0.007359054109930465,0.017172977619071675,0.02172727145097623
656849,2025,"Peterson, David",L,2699,30,5,2.2710461861020383,2.101036224393292,2.0902981582786593,0.06701989747537096,0.011242317666129735,0.10299006423337502,0.011476636185419699,0.014667024515888234,0.0052780665288959345,0.0115858737353403,0.017947790080546897
656849,2026,"Peterson, David",L,2476,32,5,2.2287832184631875,2.0402675926849207,2.0355422463842574,0.08452524112627244,0.014388509751579851,0.1039903846519947,0.014012879805860023,0.006460495549664288,0.00677671432415047,-0.005046785330005515,0.01641530084206659
656876,2024,"Rasmussen, Drew",R,459,16,4,1.8071961487000525,1.5754374087912753,1.5680610615261559,0.16079353389369822,0.030434301948654575,0.07096520601507916,0.024082199803116208,0.009870971996179855,0.005684038734001795,0.006473804861473131,0.013328089139146107
656876,2025,"Rasmussen, Drew",R,2316,31,7,2.046212130290703,1.81771801579274,1.7908379511947377,0.11571553581307314,0.012546214065552825,0.11277857868488932,0.01237821628041499,0.03604761413374267,0.006965842876331965,0.03677788439381567,0.035254724080837324
656876,2026,"Rasmussen, Drew",R,2660,30,6,2.219423265178841,2.036268734656172,1.9923658410225211,0.09516609002667674,0.009370018239861215,0.08798844049599237,0.009386036752260074,0.05871377429135844,0.008235709915532725,0.04857007660631985,0.0685066523924283
656887,2024,"Reid-Foley, Sean",R,385,23,3,1.2350498975333204,1.2169195975996512,1.219194217152011,0.008170996376591522,0.006635252831333903,0.009959303557077531,0.011111670962647398,-0.0029786684614231257,0.004458236467697579,-0.0042350046338325825,-0.0015191014375944935
656924,2024,"Ryan, Ryder",R,340,15,4,1.5257810363883215,1.4697386840386866,1.4629005818249545,0.029656087454479844,0.019578124936922774,0.026386264895155012,0.014334576544616758,0.00941277227801192,0.006300968414409919,0.008115463975305355,0.010877835964689168
656945,2024,"Scott, Tanner",L,1163,72,4,1.0001309805057408,1.000012689163598,1.0037282296957983,-0.007569581207721937,0.006474573713233067,0.007687872549864565,0.006298054329063541,-0.004972581863002167,0.003643597845589707,-0.007280838330920248,-0.0027833610425327775
656945,2025,"Scott, Tanner",L,911,61,3,1.0253007123103093,1.0254144519072697,1.0279480387520683,0.0016492290628064123,0.0021866170238904335,-0.0017629686597666642,0.007062456068464449,-0.003424477174498243,0.0027164493963549997,-0.005341900075962301,-0.0014726095502533938
656945,2026,"Scott, Tanner",L,963,69,2,1.0047633679276884,0.9969520224253423,0.9920068858729869,0.0005630792077702466,0.0007438785852382254,0.00724826629457577,0.006170726676728796,0.0066510705306121335,0.0034085333745544097,0.00317365677539692,0.01060597990594645
656986,2025,"Sousa, Bennett",L,728,44,4,1.1332373955548558,1.1205691402932882,1.115261544887979,0.0009861991782332826,0.010656180707687436,0.011682056083334055,0.009404511923908615,0.007304214470822422,0.006000277772532404,-0.0011835339077150933,0.01451583284839101
656986,2026,"Sousa, Bennett",L,533,35,3,1.183590156655399,1.0484374579672613,1.0370035551722545,0.09162863274339209,0.018108698839011457,0.043524065944745734,0.011101700960189483,0.015546607626883827,0.006032924881244297,0.02711398492268142,0.0027354263207854134
657006,2024,"Steele, Justin",L,2046,24,5,1.4736271283438758,1.2767375035787245,1.280396227475478,0.1219671630328203,0.015539988095679339,0.0749224617323311,0.011367341981428232,-0.005020623133975945,0.004400827794682264,-0.002790730568130476,-0.007447270926219536
657006,2025,"Steele, Justin",L,313,4,5,1.6127235057969753,1.420009244336218,1.4186348984780977,0.12175374547010065,0.022148830191897218,0.07096051599065666,0.00904844083892596,0.0019464717357089018,0.008338430903950941,-0.004960788487376225,0.007654951258919755
657024,2024,"Swanson, Erik",R,666,45,3,1.4907673416166956,1.2442011084924056,1.2429899142456808,0.19258751852315917,0.018731301588785148,0.05397871460113071,0.015264162829163033,0.001619789896222005,0.005201020367578774,0.011972378270748171,-0.007856810231228872
657044,2024,"Thompson, Ryan",R,977,67,3,1.258473265017884,1.009791536022184,0.9694244444264631,0.09927070572664964,0.018997280708881726,0.14941102326904993,0.016795531607175354,0.055941345374495674,0.014059889779460316,0.05269641431008635,0.05946468768407623
657044,2025,"Thompson, Ryan",R,650,48,4,1.3550850966507964,1.2610049392915907,1.2485747424815288,0.011436214071511117,0.01931610393035127,0.08264394328769437,0.015843084073166872,0.01700974300324285,0.007963851212378147,0.026760321992509987,0.007051704886544488
657044,2026,"Thompson, Ryan",R,654,46,3,1.1610184631935314,1.0885391193551301,1.0828496130125493,0.011184906831131576,0.0118283742184828,0.061294437007269754,0.013596967066354042,0.007900078870589881,0.005199381486308547,0.010051335629217653,0.006198704704070581
657053,2024,"Toussaint, Touki",R,491,11,4,1.8556326296487637,1.733898265020668,1.735127161661343,0.03939652337392199,0.01464752709653173,0.08233784125417377,0.015070211341141884,-0.00161333756837269,0.0035511562108412596,-0.004818287345363242,0.001360327173164935
657097,2024,"Webb, Jacob",R,933,60,3,1.553646917800483,1.4490652034877345,1.4360567871485421,0.04114714654317718,0.015127554878324187,0.06343456776957129,0.012949370413541522,0.01741298772520284,0.006611628459106748,0.014069115546265701,0.02035126893903979
657097,2025,"Webb, Jacob",R,978,55,3,1.5258423830651822,1.4397566667171848,1.4237446363080244,0.04884230477501325,0.015477720472639688,0.03724341157298411,0.010999193758889065,0.021963205806674598,0.006127946686326318,0.01701658821650283,0.026951625799016825
657097,2026,"Webb, Jacob",R,1139,68,5,1.7718676083804632,1.5175757694313108,1.5044530851718847,0.1561182297653615,0.023405807748850777,0.0981736091837911,0.013487896962085756,0.017481564177176813,0.0062904308336956295,0.009720553264891773,0.02606455407770879
657240,2024,"Merryweather, Julian",R,272,15,4,1.5092427047602148,1.458441220949913,1.4575084338505946,0.01160243330820911,0.0232849129960014,0.039199050502092825,0.01604432463705623,0.0012749652814800843,0.006635343460299895,0.003108639876906281,-0.0008576779979829921
657240,2025,"Merryweather, Julian",R,353,21,4,1.1906506040236664,1.1435301161498281,1.1438755412176578,0.016977159222656545,0.012002117222769303,0.030143328651181734,0.013550616432614222,-0.000458402439638889,0.0023116738083298416,-1.8778241666462587e-05,-0.0008422996266007261
657265,2026,"Strzelecki, Peter",R,251,8,5,2.122054130437989,1.8685859757734824,1.860507204764447,0.2224491380872456,0.041364860499815574,0.031019016577261325,0.03085539294651994,0.010672481701409536,0.00757247831243368,0.0009727532265973275,0.020578587377813495
657277,2024,"Webb, Logan",R,3200,33,5,1.9057774216754961,1.7353973861457257,1.7371636375941513,0.06509491561864461,0.012069871822622829,0.10528511991112588,0.01104366980339647,-0.002398983291579548,0.004770926839345799,-0.0018252521464104594,-0.0030068173369859614
657277,2025,"Webb, Logan",R,3282,34,5,2.1127831050175927,1.951206255487853,1.9413831080276605,0.03918086455702936,0.009087459730675606,0.1223959849727103,0.009911134578542601,0.01330015262555751,0.005908958009501298,0.02434639246009754,0.002682892978766611
657277,2026,"Webb, Logan",R,2488,27,5,2.259351435483933,2.118885685954852,2.099640952145405,0.03560177542988212,0.00861857961530787,0.10486397409919908,0.011634301796248973,0.026322648552998467,0.008940862010140315,0.03172302024424768,0.02088055213565791
657376,2024,"Schmidt, Clarke",R,1454,16,7,2.1734868362920485,2.080233889753336,2.070962575083796,0.023546947224328603,0.01235534059153264,0.06970599931438394,0.014275846038491696,0.012266143338954493,0.004754680931341192,0.01625290524655292,0.008228269099207382
657376,2025,"Schmidt, Clarke",R,1226,14,6,2.3398452666930813,2.1044733253145624,2.0846208628222356,0.1379761259214005,0.018959644906453778,0.09739581545711853,0.013979806081727206,0.026775708488000944,0.009663853664788757,0.022788926050206517,0.03087817880903494
657424,2025,"Gage, Matt",L,531,33,5,1.8171650327232407,1.6761062636279882,1.6774198382759542,0.11699918409587712,0.018807340177695444,0.024059584999375463,0.018047316971318735,-0.0017703252235277043,0.004361439988932957,-0.0011322437185763202,-0.002301565174161647
657424,2026,"Gage, Matt",L,526,34,4,1.7552615267980305,1.656325697900285,1.6482116657205628,0.05142652311783716,0.011285232559669053,0.04750930577990842,0.015876037880236168,0.010696694051463444,0.008053663874287107,0.018814169378704892,0.0035364681731891562
657508,2024,"Baumann, Mike",R,1066,57,5,1.688975056609162,1.6232082387555224,1.5996461051209743,-0.0006282107873254262,0.013289200575607963,0.06639502864096469,0.013150670324980318,0.03139654306803557,0.010357691270788552,0.01686236138463043,0.0456429191735515
657514,2024,"Bernardino, Brennan",L,860,57,4,1.6720441988260157,1.5173032160356432,1.5094765321608166,0.08263709795413625,0.02128941672026636,0.07210388483623609,0.019287921653929004,0.010566637570409935,0.005757479268997815,0.01453065157560519,0.006028709079614019
657514,2025,"Bernardino, Brennan",L,833,55,6,2.004093165808401,1.6783794426385112,1.673407322270839,0.1343667514378952,0.022799246047030097,0.19134697173199453,0.020610985891481793,0.006756568134210707,0.005986806168321847,-0.004332874963737167,0.01960314130049539
657514,2026,"Bernardino, Brennan",L,1001,74,6,1.9690039764974658,1.7874741860461685,1.782872064203717,0.08054330585030582,0.015912799357020495,0.10098648460099188,0.014878450101037843,0.006267651652100566,0.007015084323077656,0.013363714286859008,0.000795988897588037
657571,2024,"Ferguson, Caleb",L,940,62,4,1.8383275475117002,1.7826799654445955,1.7698863013775454,0.05684550993359933,0.017073958653009615,-0.0011979278664945479,0.00812120679306768,0.01740382666139949,0.005953916886174437,0.015934627255210974,0.019039265755750018
657571,2025,"Ferguson, Caleb",L,1042,70,4,1.9920369938799172,1.7183481587259617,1.7127385932694388,0.2190751611096079,0.021181113703721915,0.054613674044347534,0.011143046161274808,0.007551895614595794,0.00606823761221516,-0.0003134488183252034,0.018078625474970415
657571,2026,"Ferguson, Caleb",L,586,35,4,1.9644160032485307,1.7997271479937182,1.7755834940096635,0.14220657189851987,0.022511631653843473,0.02248228335629248,0.015030209933342606,0.03230178364076715,0.006200030524091398,0.03582953338812003,0.028064938466810664
657585,2024,"Garrett, Reed",R,980,53,5,2.284641121904518,1.9932361595288681,1.9903272303294357,0.07451877575476802,0.014764945390682653,0.21688618662088138,0.018924353673965413,0.0038838564243104637,0.004901581396414409,0.004987119727906556,0.0026667894561600448
657585,2025,"Garrett, Reed",R,979,58,5,2.160057058450683,1.917002231077899,1.9034895362674027,0.05369470970870535,0.013520918208000256,0.18936011766407865,0.019585766631931716,0.01780474861302267,0.006842193966928663,0.012154679959763128,0.023231199773409147
657612,2024,"Hill, Tim",L,982,62,3,1.104603528705048,1.0321076697903169,1.0336790511584972,0.015549640052813469,0.005117624794571363,0.05694621886191767,0.014139627325868365,-0.002226690481317418,0.003940590630599162,-0.006189689294898627,0.001232900374862935
657612,2025,"Hill, Tim",L,899,70,3,0.8239787521872612,0.7235838493218496,0.7235614850080738,0.04024645663731906,0.00864707629679667,0.06014844622809255,0.012903864866383443,3.176227185524789e-05,0.0038337340047051647,-0.0016077666855644445,0.0018061209132732693
657612,2026,"Hill, Tim",L,816,67,3,0.8264892909253323,0.7965675426261302,0.7976842482970017,0.01466407218710092,0.009939833740532766,0.015257676112101173,0.011421980579732692,-0.0015847510042282652,0.0029767631617738325,-0.003071163782527171,0.00020350038422329423
657649,2024,"Koenig, Jared",L,1017,55,5,1.6193232771980688,1.5566960758569024,1.5433323573137612,0.022894167009729596,0.0051844788920435946,0.0397330343314368,0.013848162574590624,0.018049006319222856,0.005272436624754537,0.014671930211322914,0.022472354472821858
657649,2025,"Koenig, Jared",L,1043,72,5,1.728188107181622,1.6042072186010476,1.5986538946906976,0.06821473642388924,0.010144673672857239,0.05576615215668505,0.01221282327630025,0.0074736991464454654,0.005753994571997371,0.007034296843327882,0.007921111387380294
657746,2024,"Ryan, Joe",R,2106,23,5,1.943083437366826,1.7974387282734208,1.7718351225037872,0.09351931555867034,0.015060635287742607,0.052125393534734596,0.008164984837923913,0.03443243534536939,0.0066426926899657,0.04104595660656736,0.027716774759674146
657746,2025,"Ryan, Joe",R,2794,31,6,2.117501716642419,2.0222767934807906,2.0159425211602557,0.041791786472106164,0.008871648600301225,0.053433136689522376,0.00857617660579139,0.008423587274428856,0.006339942381136564,-0.000797784461012127,0.018403505941526538
657746,2026,"Ryan, Joe",R,2441,27,6,2.2632697584530765,2.1026147975769924,2.0974243056463657,0.08855625631486995,0.01626817133264627,0.07209870456121402,0.009881341617111223,0.006946266887423664,0.004342502506042694,0.004673989526063912,0.009771940211328595
657756,2026,"Seabold, Connor",R,476,21,4,1.7286529208697496,1.6726195243442594,1.6789034091591832,0.0629233335763045,0.02127296667300506,-0.006889937050814076,0.014923050071126917,-0.008308692144177529,0.005348068735495817,-0.004900493143331317,-0.01330427150158225
658648,2024,"Avila, Pedro",R,1419,54,6,2.257807867718676,2.144450810313558,2.1348324564973638,0.05658288312707235,0.011130313679498443,0.0567741742780462,0.012166909898237207,0.01279141899267003,0.006756605401774814,0.0113888359782186,0.013870686851219727
660271,2025,"Ohtani, Shohei",R,753,14,7,2.466920858609878,2.3461151480341047,2.336158645458367,0.09030697508413442,0.03457124337308297,0.0304987354916391,0.0231455207720895,0.01326946272483229,0.0076196229771588065,0.015153643746869632,0.011365165891171774
660271,2026,"Ohtani, Shohei",R,1335,14,7,2.037566639836577,1.8922398960719315,1.8815495983908184,0.09466977348106598,0.04067685147813033,0.050656970283579246,0.014406000515858374,0.014343263722900271,0.0055772481884297604,0.01430691907066301,0.0143810234333189
660600,2024,"Paredes, Enoli",R,319,18,3,1.5591903269129475,1.5401486044617347,1.535623827339846,0.004237499970198442,0.007647739295178716,0.014804222481014054,0.009415132251813787,0.006221568542597062,0.0019987212399601947,0.0047767884531837055,0.007880390126738326
660604,2026,"Rangel, Alan",R,491,7,4,1.8691176382880592,1.7948070148620654,1.7975227425842264,0.0680546378239336,0.012242774733318942,0.006255985602060522,0.008763601789676804,-0.003623430194513882,0.004389361870392021,-0.002621547705843739,-0.004551876270401924
660730,2025,"Rodríguez, Elvin",R,335,7,5,2.0768537356505696,1.958470171938121,1.951784496663774,0.11187431655407909,0.036990998229909415,0.006509247158369044,0.007708415438946879,0.00914163762002562,0.004844555911473757,0.00869324440259499,0.00938416476907615
660761,2024,"Suarez, José",L,987,22,7,2.2083400080869495,2.045965285318092,2.033861633933594,0.1560196565160422,0.03391764551574488,0.006355066252815764,0.017769980361967832,0.01601381222050872,0.007125332138159432,0.007220437407001251,0.0263453867098484
660761,2025,"Suarez, José",L,295,7,6,1.9728441928988698,1.7658117485638474,1.7638842586593015,0.14203458288376883,0.021382955851274213,0.06499786145125364,0.016281243012851877,0.0026695282715537946,0.0034445470031547183,2.8186488319083097e-05,0.004046799344240465
660761,2026,"Suarez, José",L,1068,45,6,2.0995816764759216,1.954102729842691,1.9473796056363546,0.0572823125581417,0.03802587254679394,0.08819663407508897,0.017911095148460125,0.00906603112672611,0.0060958996185029035,0.0037401007153879014,0.01607383429953954
660787,2025,"De los Santos, Yerry",R,590,25,4,1.696522607738471,1.3887339644957755,1.3800641585378126,0.20538462550784212,0.0454886891424598,0.10240401773485361,0.01938816772295998,0.011895780267902292,0.007638020987410145,0.02344139600565744,-0.004927831235683783
660787,2026,"De los Santos, Yerry",R,358,16,4,1.6112678499598194,1.3315466946986394,1.3209642433112565,0.20870755152332907,0.047711907258473574,0.07101360373785122,0.019233207603602854,0.0142962928176722,0.005690472940743861,0.01170670005721093,0.016375013536954034
660825,2024,"Bazardo, Eduard",R,441,23,4,1.7702886368174795,1.6717972697077175,1.6717660987725174,0.07908470236416612,0.02121044230079727,0.01940666474559547,0.01334247080562451,4.140476633578456e-05,0.003124634163085922,0.0002460678863839177,-0.00022254008503663463
660825,2025,"Bazardo, Eduard",R,1224,73,5,1.6005961540110334,1.557037620491288,1.5306929160355651,0.0210332191650394,0.008813500573750799,0.02252531435470619,0.008982426511579432,0.03531863992749664,0.007090192169995951,0.048070043048656155,0.023246949126228364
660825,2026,"Bazardo, Eduard",R,1133,73,4,1.2071035617197805,1.1980583636913757,1.195257914893224,0.022313932751779685,0.00768198891430225,-0.013268734723375027,0.009397697514683582,0.0037862869788852917,0.0049779206072555725,0.0011712148709820249,0.006663521704122216
660853,2024,"De Los Santos, Enyel",R,1127,64,4,1.3269436707271565,1.178955970276685,1.1780105204585793,0.12527847577680018,0.018580661386360726,0.022709224673671202,0.008730813114426176,0.001253555229417712,0.0040865589280803935,0.003013457945308087,-0.0005567504282165411
660853,2025,"De Los Santos, Enyel",R,1105,65,3,1.454314265009203,1.1708174619953193,1.1531517669299607,0.25777227467966485,0.0207707637181083,0.025724528334218743,0.008690751516014915,0.02363267923392388,0.0075841114542779505,0.01994396225559939,0.028004491948975134
660853,2026,"De Los Santos, Enyel",R,1153,66,3,1.5533622869232355,1.3181535369158548,1.3033408782386031,0.23041903006992412,0.02693953859151078,0.004789719937456746,0.007354444095083896,0.02004576931322911,0.007902412891990649,0.036036882560413284,0.005557176773834051
660896,2024,"Alcala, Jorge",R,931,54,4,1.675038335639234,1.5220320513886447,1.5029984157544194,0.13856444657795736,0.019050004326730527,0.014441837672632142,0.006559490063058653,0.02553359477732512,0.007428099469898761,0.02295753690259111,0.02829420605204009
660896,2025,"Alcala, Jorge",R,1058,56,5,1.9245910370643504,1.787982860631196,1.7815148274386507,0.11281411354537674,0.015250928583179961,0.02379406288777752,0.010362711646240912,0.008543294778668081,0.0060131312836928345,0.01782667634019136,-0.0013877645662172865
661395,2024,"Duran, Jhoan",R,881,58,4,1.5864720455435024,1.5303609276128762,1.4954257647614684,0.002637816070959092,0.008215185001636356,0.053473301859667206,0.008955618425634651,0.04706097625701874,0.009388358047139247,0.04778850233573872,0.04634229548016768
661395,2025,"Duran, Jhoan",R,1073,72,4,1.7610630203276672,1.647899137073465,1.6328096335893483,0.06787933713461437,0.010948164699269363,0.04528454611958786,0.01115902851467086,0.020520959744559465,0.0059351467748679195,0.022748248650528043,0.01809922498172061
661395,2026,"Duran, Jhoan",R,947,61,5,1.9124141677384503,1.5452656148461617,1.540251554959597,0.23784738727921137,0.014183800408472022,0.12930116561307722,0.014233362167735958,0.00666898133788888,0.006644783302794847,0.005621211953210352,0.0077711018722049115
661403,2024,"Clase, Emmanuel",R,983,74,3,0.8531470333828913,0.7918698486175945,0.7940781721363187,0.025391345277831098,0.010570929108039862,0.035885839487465744,0.009333631633018603,-0.0030403109508487344,0.0032014339755555062,-0.009937730794268306,0.0038185758208198915
661403,2025,"Clase, Emmanuel",R,746,48,3,0.962900268392972,0.8950451545090927,0.8934451544780966,0.04878692270090289,0.011427352499508067,0.019068191182976382,0.009592977786993931,0.0021820841373365748,0.0031992410795474856,0.005425863126674846,-0.0010263081721180061
661527,2024,"Martinez, Seth",R,838,44,4,1.94261085854165,1.7638530797316159,1.750181134654947,0.14946392114628493,0.024256386534451134,0.029293857663749093,0.010382664144936694,0.018599172036118338,0.008822037462699106,0.025618411869759092,0.011205572744683414
661563,2024,"Gil, Luis",R,2664,29,3,1.5180306453968146,1.491843548465303,1.4752657505406521,0.015596416991878633,0.005238191483035192,0.010590679939632919,0.004760050139238327,0.021809014158651795,0.004716515311052294,0.019674942266019065,0.02396639766083661
661563,2025,"Gil, Luis",R,970,11,3,1.502688548489783,1.4730324907077015,1.4615684031712899,0.00918374567646395,0.009257286234996552,0.020472312105617216,0.00690036470696903,0.01533815849699244,0.00439766624006015,0.009359672291764433,0.021814851885989448
661563,2026,"Gil, Luis",R,496,9,4,1.7902492727428625,1.8046720803676228,1.7827469474365896,-0.00042356236143909203,0.029013615406065597,-0.013999245263320907,0.014722827445653782,0.02931230709917098,0.003928652822462924,0.03008446241410851,0.02834828288779442
662253,2024,"Muñoz, Andrés",R,951,60,3,1.5155523969230875,1.4499425630402523,1.4362865217121605,0.034211809770509645,0.012588887865306675,0.03139802411232576,0.010883096753504703,0.018037354587521277,0.007104100577385038,0.011984653740316705,0.024123775216604425
662253,2025,"Muñoz, Andrés",R,1035,64,4,1.5288340864093084,1.483621124788231,1.484662638589556,0.0247612676515623,0.008422689752740575,0.02045169396951517,0.009197145249110104,-0.0013749576331267888,0.004223278820896858,-0.008072193538884765,0.005390967871664602
662253,2026,"Muñoz, Andrés",R,953,61,4,1.6175318171726658,1.451038698597534,1.4372973734878347,0.08180799090385313,0.01437263737224595,0.08468512767127866,0.014311693828562058,0.018366736086316386,0.007826040229167509,0.031009040459231432,0.003940082447554469
663158,2024,"Suarez, Robert",R,977,65,4,1.2234730003434724,1.1322693992046446,1.121874010632898,0.06630946024752987,0.014944716966609975,0.024894140891297777,0.012096037053146465,0.014145257151248907,0.010579201545753031,0.02588451375588446,0.0014532492859472784
663158,2025,"Suarez, Robert",R,1076,70,4,1.3106672505363608,1.2173521028626655,1.1970337544436005,0.0767405155995641,0.018429525747491172,0.016574632074131054,0.009492064383801182,0.02702415685897908,0.007019037521258941,0.02419763491239022,0.030445329597609858
663158,2026,"Suarez, Robert",R,487,33,4,1.6969242654241299,1.515187517007817,1.501827570866636,0.08936996283865167,0.017185250139453736,0.09236678557766127,0.013601296614024514,0.018224912523123544,0.00823279789127456,0.02182217586986266,0.0147270210920402
663362,2024,"Waldron, Matt",R,1514,27,4,1.9459113294873294,1.8408153075783644,1.8158998288101869,0.06250757708542395,0.01629261734989997,0.04258844482354075,0.010160627757509132,0.040868943504897795,0.006967556290736135,0.03944773157072091,0.04225667935497204
663362,2026,"Waldron, Matt",R,482,16,4,2.0106529644061686,1.928279012562314,1.9288003737955275,0.02646651167489891,0.017458434505149886,0.05590744016895564,0.012737525397255096,-0.0008185541185960436,0.0043385823629527726,-0.009412820479114644,0.007181140355345798
663372,2024,"Feltner, Ryan",R,2577,30,6,2.3625827350928748,2.110370469534896,2.1046853404004695,0.17600365913904084,0.019531913819527066,0.07620860641893815,0.01102299766609026,0.007797007865575463,0.00408035679170911,0.006314526766209064,0.00923442402586259
663372,2025,"Feltner, Ryan",R,522,6,6,2.4440181460160493,2.0975794709536557,2.1000937594769615,0.33024414270434177,0.04514904195118107,0.016194532358051936,0.02143030170082731,-0.0033913659151560693,0.006791202543842596,0.006968837417438312,-0.0131788946916774
663372,2026,"Feltner, Ryan",R,2049,26,6,2.4300528573636146,2.1984147014672346,2.202780776619956,0.1408164584343589,0.0135265042053823,0.09082169746202157,0.010439210617020597,-0.005972021353755767,0.0046769459808576695,-0.008738591727506836,-0.003278351385110132
663399,2025,"Waddell, Brandon",L,512,11,5,2.3503780048272978,2.1187017422288195,2.118515364988652,0.16217416283205027,0.020336429417856145,0.06950209976642759,0.012049800599128106,0.00025244747874531015,0.006190748489051015,-0.0021888598752432945,0.0024252110237951686
663423,2024,"Thornton, Trent",R,1139,71,7,2.4937117703523013,2.2388870889260724,2.2298078678984266,0.17739837930179148,0.021178839325141755,0.07742630212443775,0.01477722453905489,0.012281749109844125,0.007046241373070762,0.012871987851598557,0.011632633685620421
663423,2025,"Thornton, Trent",R,656,33,8,2.352711814017262,2.148355659689131,2.15182729135784,0.1606920720808187,0.026668557499583096,0.04366408224731193,0.017475936440030492,-0.004764415009776427,0.006041180614788007,-0.013155802633716298,0.0023910318013350934
663423,2026,"Thornton, Trent",R,708,48,6,2.271292365166958,1.878428347544779,1.8609650109328906,0.33473382946559344,0.02972572197789021,0.058130188156585216,0.015238169973872633,0.024054557045168817,0.00795341754226173,0.03541457598192095,0.015210251644583245
663432,2024,"Rainey, Tanner",R,939,50,3,0.9578016109083115,0.9372681799495077,0.9334034452647858,0.010586706186162293,0.007001889236467722,0.009946724772641588,0.008593087471718669,0.0051256862555844685,0.004200483620195113,0.0038938391527123845,0.006489516976621418
663436,2024,"Martin, Davis",R,892,11,5,2.225836650932345,2.0706647338627184,2.054023747383147,0.09281974918282394,0.023142550214924444,0.062352167886802305,0.015964643619829442,0.02215486558175849,0.004753904778702164,0.016190032376688524,0.029123489488005277
663436,2025,"Martin, Davis",R,2307,26,7,2.371332820821719,2.205618518358878,2.1867413929750934,0.13171323670616653,0.019744975737296947,0.03400106575667435,0.009272341730261272,0.025542245314012196,0.006905375358782888,0.0218989522690207,0.029224205384245347
663436,2026,"Martin, Davis",R,2317,29,6,2.5358712834594637,2.3477617893556144,2.30981163585043,0.0861799335723581,0.015653767295088952,0.10192956053149085,0.012543882132158122,0.05151171978413216,0.006157680661625222,0.06319975919157947,0.03969977889886742
663455,2025,"Pilkington, Konnor",L,500,32,3,1.3979131991688327,1.1592466853319892,1.1591397016595273,0.21895601780683266,0.021133047756865458,0.019710496030010995,0.010732287222466538,0.00014188815976387496,0.004539777582713421,0.012647040823959545,-0.010576814123832412
663460,2024,"Bubic, Kris",L,467,27,5,1.6615376444371828,1.5477345676800374,1.5404082129536896,0.09860387208216886,0.017413377691823915,0.015199204674976553,0.014277558394418485,0.009859964429983948,0.006719583771819015,0.006327059534947858,0.014037235626630395
663460,2025,"Bubic, Kris",L,1795,20,5,2.1320021137615734,1.969959990664429,1.9616613128840406,0.12337248193160805,0.02736002103042202,0.03866964116553638,0.007927918216657774,0.01130206875250164,0.0057602262164544345,-0.0006398987193177017,0.02271249464545662
663460,2026,"Bubic, Kris",L,882,14,5,2.126454607274574,1.9002272352991691,1.8889489615147654,0.15400665749435583,0.03652457507531508,0.07222071448104875,0.02050265889638334,0.015163776643054785,0.007511617461290117,0.011981861395048038,0.018650667793426404
663465,2024,"Allard, Kolby",L,436,7,5,2.091311312672596,1.9634673324434302,1.9650235500459114,0.10808724391211699,0.010505870266777283,0.019756736317048544,0.012682868238870238,-0.0021269933375607543,0.004884031331717839,0.004246701289806117,-0.011514605579418937
663465,2025,"Allard, Kolby",L,1000,33,5,2.1549882038008725,1.9737120362121467,1.9705895513851326,0.13792625300919278,0.020303309299071006,0.04334991457953303,0.010429722013100969,0.004242506558443295,0.0046640448833878,0.0021512965894329283,0.006732042235836587
663474,2024,"McKenzie, Triston",R,1304,16,3,1.4818531201451497,1.4028161959022358,1.397520836845905,0.015190551994231116,0.008557242086101731,0.06384637224868277,0.010820541388023502,0.0071704550461636945,0.005685183270044417,0.0075055764977286004,0.006824728485372049
663485,2024,"Sands, Cole",R,1154,62,5,2.2175130397289076,1.99733698313569,1.9742175255674148,0.0957237863189984,0.015587240878419232,0.12445227027421946,0.01699163694216238,0.030987054626933318,0.00767074929022149,0.03587897175264212,0.02617403939034884
663485,2025,"Sands, Cole",R,1143,69,6,2.2825041493387874,2.113568225107153,2.1030748376962447,0.09450795819211434,0.01486788886242472,0.07442796603951961,0.013647314448341228,0.014177236182822819,0.006605178794688431,0.015695820525915064,0.012569975381739786
663531,2024,"Allen, Logan",L,470,12,6,2.420548074902837,1.9822815965283933,1.9730791358937636,0.34170702896809674,0.05969533364207955,0.09655944940634681,0.01772852247844021,0.012646656427707324,0.005175515352302192,0.013071606740975142,0.01208962696301843
663542,2024,"Hudson, Bryan",L,927,43,3,1.4827191310553052,1.4388736051387883,1.415969439224265,0.000236565798915925,0.0017753257248211847,0.04360896011760118,0.009728349163881808,0.030505979601671073,0.0066839764211824694,0.02924262304832683,0.03187524628523578
663542,2025,"Hudson, Bryan",L,318,16,5,1.4036534065109714,1.4091823135285737,1.407648731864448,-0.02710189754803971,0.02001287468938105,0.0215729905304377,0.01566787585033298,0.0019905264048653806,0.003968482619701175,0.011496310592873144,-0.006557310539389661
663542,2026,"Hudson, Bryan",L,1057,70,4,1.1924204962345968,1.1610548719261486,1.1273599288883127,-0.00014518116032597478,0.008074978575289105,0.031510805468773745,0.01121659189020865,0.04601492867053306,0.0105063061437661,0.042117324211737285,0.05112253570758186
663546,2024,"Hjelle, Sean",R,1209,58,3,1.3390165263313205,1.1347418155538347,1.1344231916162058,0.10737049754920015,0.011633294646525235,0.09690421322828578,0.013236183981775392,0.00044075096177699014,0.0034782420481711865,-0.0018923866437767253,0.0023207585365000267
663546,2025,"Hjelle, Sean",R,254,12,3,1.449110495154001,1.3748951459809344,1.3754799434876899,0.036879767362405905,0.024447185784100312,0.037335581810660795,0.011225183793783622,-0.0008161459709665209,0.0029444450364888787,0.002241593466083945,-0.0036163915606864214
663554,2024,"Mize, Casey",R,1789,22,7,2.2064186567031223,2.04681893368874,2.042604660504093,0.12580324438439025,0.02573916585864423,0.033796478629991765,0.015045734436732709,0.0056474417433214005,0.006812197443611533,0.008778111617628145,0.0027645227223770568
663554,2025,"Mize, Casey",R,2353,28,5,2.2212095233081257,1.9205152997365578,1.921744714347715,0.21712700044162175,0.019095470181449248,0.08356722312994629,0.011523366023525822,-0.0016779655336735472,0.005818629939599221,-0.0017910489745416526,-0.001562495806831667
663554,2026,"Mize, Casey",R,2083,26,5,2.057360142896646,1.8396787731156037,1.839519384468114,0.1493539364279435,0.013344561776961226,0.0683274333530991,0.013266952002961319,0.00021728177534118757,0.005289137114967228,0.00473800975918337,-0.004375014461543351
663556,2026,"McClanahan, Shane",L,1830,24,4,1.9100592543712267,1.828852444289285,1.7963856054481244,0.028890714923749033,0.007199697738265131,0.05231609515819253,0.009045632223941674,0.04423999633605643,0.0066646289307076495,0.033121849141689315,0.05530858269597616
663558,2026,"Morán, Jovani",L,1061,50,6,1.9747823457066696,1.7490290753522963,1.7340306511181236,0.1327795041730929,0.03051333314321685,0.09297376618128043,0.016747707897626588,0.02011798749994613,0.007160593094880845,0.01570168152328707,0.02588622387762328
663559,2024,"Falter, Bailey",L,2137,28,5,1.8518226673274456,1.8358598185743995,1.8285336585821377,0.011574835423009031,0.005903352591372683,0.004388013330037224,0.008181833092053883,0.01012678130883837,0.009251416120002617,0.004552389007735008,0.015298038007118793
663559,2025,"Falter, Bailey",L,1951,26,6,2.0627340894420234,2.0110271176719827,2.008667206907545,0.04455360681053944,0.04736675122972019,0.007153364959501094,0.020873511871048484,0.003215213618309529,0.014842258734926443,0.013917341245497497,-0.006543869384853855
663562,2024,"Davis, Noah",R,354,9,6,2.189226645386342,2.15499627502844,2.145212520060469,-0.0025716942822844374,0.03876730915101013,0.036802064640185705,0.019907992546330567,0.013582153955536781,0.00573699572984425,0.01485147465683344,0.012036893971349551
663567,2024,"Lambert, Peter",R,1039,28,7,2.2261178496433205,1.9484762874906532,1.9549910769998713,0.23967091742519744,0.020511487766059197,0.03797064472747001,0.018885891323159657,-0.008906403026418116,0.0049359141372044115,-0.008622883734778474,-0.009162920480758747
663567,2026,"Lambert, Peter",R,2642,29,7,2.4637794510062148,2.30444438172537,2.282432106781162,0.13155710931823478,0.014472612520023983,0.027777959962609376,0.009021333531585718,0.029431391904148462,0.008500278209581918,0.02825843844345897,0.03068795211046361
663568,2024,"Kolek, Stephen",R,797,42,6,2.3217302063172975,2.129192344518333,2.094786739035281,0.13642092939831965,0.02669149617267534,0.056116932400644644,0.014061267047007425,0.04679397196244468,0.00783158743217456,0.05042482692787653,0.042365429163698246
663568,2025,"Kolek, Stephen",R,1689,19,7,2.494884528511875,2.3031064246481923,2.2968608752717077,0.12680792163594115,0.02377035461657382,0.06497018222774163,0.016765103163808803,0.008597174325087244,0.0054525232276524775,0.005604691334136736,0.011714136641784448
663568,2026,"Kolek, Stephen",R,837,10,6,2.4986286579104107,2.2218453373293365,2.225207841676095,0.1915003829146001,0.021925730096647972,0.08528293766647446,0.016184968829468432,-0.004598719180125473,0.007434112307797291,-0.0023092600663212675,-0.0065810557298827755
663574,2024,"Santillan, Tony",R,504,29,4,1.4150694730641231,1.398984135677329,1.4008124515382125,0.0035926066088054743,0.005988545228207468,0.012492730777988844,0.012115548491241022,-0.002412228256244576,0.004129325845535499,0.0014493257266762474,-0.006154352734538982
663574,2025,"Santillan, Tony",R,1230,80,4,1.2875461188494375,1.2867546317736918,1.2590781807787639,-0.001446936637542352,0.005410685200116413,0.0022384237132882534,0.0070138816419031864,0.03664374028391948,0.006120158091986039,0.034971235752189106,0.038518625500996224
663574,2026,"Santillan, Tony",R,698,44,3,1.2418259594784598,1.227508912660138,1.1994549100740672,0.009704163298542718,0.007691232621071814,0.004612883519778886,0.009543561066476029,0.038546641348577555,0.009340533641312718,0.030820685885038817,0.04621200108299048
663623,2024,"Irvin, Jake",R,3046,33,6,1.9861597387073386,1.8169096137603378,1.808144287875625,0.14982909954436233,0.023347813906864592,0.01942102540263859,0.008170540403260786,0.011720448922227424,0.00828385433686677,0.0030791472183357028,0.020877416008087363
663623,2025,"Irvin, Jake",R,2944,33,6,2.2113024518996407,2.0934424620509637,2.075263582099072,0.10175812518457379,0.014355557655348749,0.016101864664102933,0.007369003225984861,0.024823108802583184,0.007959754148309127,0.026506135988916546,0.023195363531129387
663623,2026,"Irvin, Jake",R,1939,22,6,2.4090028819223845,2.247562586878958,2.239323264344722,0.1130724264264625,0.018945593897501938,0.048367868616964,0.007916819569617527,0.010875457041445522,0.006560045152934321,0.012195089920316158,0.009449281564705724
663671,2025,"Enright, Nic",R,532,27,4,1.2214014053451738,1.16562738902272,1.1677609098255803,0.04320311889094149,0.018097711194297355,0.012570897431512308,0.009279101411508372,-0.002809487789904956,0.005430296689875855,-0.0066186164493120935,0.0025414310411669794
663687,2024,"Harris, Hogan",L,1213,21,6,1.720871032237392,1.5714098493789643,1.5585092074429927,0.06709412537045113,0.019275016832418123,0.08236705748797613,0.011260866989512924,0.017272051510301895,0.005252456816896852,0.014438265018566482,0.020761936352340575
663687,2025,"Harris, Hogan",L,1125,48,6,1.7326991909694796,1.5196477641864623,1.5069491213559334,0.11634351898871748,0.015257857291010434,0.09670790779429972,0.017031300931154538,0.016787277537420688,0.0057103789119195645,0.02139931109182686,0.012335014198525118
663687,2026,"Harris, Hogan",L,1333,74,6,1.4836841784074615,1.331202687666349,1.323580828112139,0.11357783193858785,0.012519364667174245,0.03890365880252465,0.01404325709292383,0.009921815220470686,0.004945395806265456,0.013918113858205869,0.006367911265879617
663704,2024,"McArthur, James",R,903,57,4,1.8627931556884956,1.6776500276465023,1.6668182212175182,0.13360257749894486,0.028690342614568574,0.05154055054304861,0.016173646996310354,0.014910245739896933,0.008461808619338053,0.029247263295517793,-0.0013881878982518574
663738,2024,"Lynch IV, Daniel",L,631,16,6,2.159051295977409,1.8865319134542833,1.886923594976109,0.19218072325518906,0.032040541203693505,0.08033865926793683,0.018890922701414795,-0.0005431890994990018,0.006504602051589432,0.004773956574044757,-0.006584265404652004
663738,2025,"Lynch IV, Daniel",L,1088,57,5,2.2584739854541347,1.9772284132091271,1.9763890852040893,0.24043995312548794,0.0266831260287712,0.04080561911951967,0.015850767480845424,0.0011429147302643551,0.009653837452007834,0.00792201025186753,-0.0062573021087631905
663738,2026,"Lynch IV, Daniel",L,1300,56,5,2.210984496271802,1.8234823507048186,1.8049061422709431,0.25468884377910633,0.040117257445191526,0.13281330178787734,0.023642443515420292,0.025608770905660664,0.012351166951848827,0.027503465392365815,0.023842201251048273
663765,2024,"Woodford, Jake",R,618,9,5,1.8737601529689334,1.8018585300592018,1.7994969580025089,0.06126848390789319,0.022157981895121165,0.010633139001838855,0.007560315714278175,0.003236034436887015,0.005992989878759708,0.00944902169537771,-0.006471758154504695
663765,2025,"Woodford, Jake",R,625,22,5,2.2473682895197884,1.9359872580264732,1.9301032199381967,0.2619241340984058,0.026288810574381635,0.049456897394909084,0.013283432977186996,0.008064745186782539,0.007227433632302311,0.02022613490487443,-0.003472983520125152
663765,2026,"Woodford, Jake",R,485,19,7,2.221892102412388,2.1545375008790084,2.154751987048191,0.03332636696997408,0.027326488841989984,0.034028234563405535,0.023314379078659582,-0.0002963697779305472,0.005058965043958146,-0.008183869006763326,0.007912132326494261
663767,2025,"Shugart, Chase",R,692,35,5,2.2190010545988974,2.01498068523769,2.012062212180267,0.14191120991793224,0.022792660879888346,0.062109159443275136,0.01579253483563585,0.003936809660305847,0.004817626083937529,-0.005682099757528857,0.013977264909201035
663767,2026,"Shugart, Chase",R,867,46,5,2.1600109390961673,2.017281424674482,2.0193747803620106,0.09890962070028662,0.015120214915648208,0.04381989372139892,0.014846989985750845,-0.002818228852620409,0.004528811055886839,-0.0030386018897735605,-0.0025280974439943187
663773,2024,"Hoeing, Bryan",R,782,34,4,1.6729955620271373,1.4825790159619838,1.4698174726855875,0.03095042230253252,0.012525237515705449,0.15946612376262087,0.021251781170201826,0.017477279933698825,0.009118290963108601,0.007837564785895555,0.024618898168199416
663776,2024,"Sandoval, Patrick",L,1444,16,6,2.423914344774737,2.278541728409789,2.261668672236241,0.09914620866963345,0.028400661568011965,0.04622640769531493,0.018941195225012093,0.022291576500094553,0.010504318779124009,0.028599494736167068,0.016041107428285
663776,2026,"Sandoval, Patrick",L,1219,15,6,2.348688261049958,2.043917501650132,2.03717798602729,0.22776307928811002,0.049147653631788586,0.07700768011171616,0.009407281703570289,0.009148629782009952,0.010650692702217208,0.031035467622768015,-0.021941298902840432
663795,2025,"Hagenman, Justin",R,383,9,4,1.9981721929560898,1.9061018023668233,1.9126297728291282,0.07251804515659835,0.037936793133220126,0.019552345432668452,0.009240969072950384,-0.008803565799516933,0.0055756962394027925,-0.009948501971077002,-0.005554422609954574
663804,2025,"Kowar, Jackson",R,281,15,4,1.3500755701228766,1.4033294250853299,1.3981819811051661,-0.06021093276077863,0.034379636483172986,0.006957077798325479,0.01616970844070104,0.006887770278218774,0.004617172652674396,0.00366368841005177,0.010643659464846314
663855,2024,"Hicks, Jordan",R,1958,29,4,1.677021548186875,1.4914363626654041,1.4855224338280604,0.03768576695012351,0.008820363717564818,0.14789941857134747,0.01012526634058499,0.007839859623235761,0.004590086717009911,0.005273387040731589,0.010545542818699122
663855,2025,"Hicks, Jordan",R,1199,34,5,1.8339644930440175,1.6805351652268188,1.6582775295784284,0.04693922570573751,0.014326476589007656,0.1064901021114611,0.02024432361372348,0.030154695076180772,0.009096133298476425,0.03062234916494413,0.0296620849687595
663855,2026,"Hicks, Jordan",R,888,53,4,1.6917993623856091,1.5545467847703702,1.5409314651947699,0.05925988662876151,0.016167928746924534,0.07799269098647718,0.014715521249641436,0.017964938756513036,0.00813979355647864,0.015410517728103612,0.020393489763232717
663878,2024,"Pearson, Nate",R,1059,60,5,1.5277796607861083,1.4259163375199475,1.4247529751448575,0.06147887084846104,0.016346836354385268,0.040384452417699834,0.011129572202155302,0.0015937914039071185,0.005528676474747241,-0.0024514448350152233,0.00582095625674925
663878,2025,"Pearson, Nate",R,280,11,4,1.3949233406313135,1.370566838986005,1.3720038151861604,0.028216015280277024,0.006030700619903637,-0.0038595136349686486,0.015452558138869131,-0.0019531715341918133,0.0035555264831599685,0.005799928149420044,-0.011373604483096544
663878,2026,"Pearson, Nate",R,772,42,5,1.923005562048216,1.7360957370368082,1.7103645541222785,0.13160842034526962,0.03485248377729943,0.055301404666138324,0.019100260320959954,0.034788919807385216,0.009984030896753385,0.049025291293676374,0.01902909897385258
663893,2024,"Little, Brendon",L,696,49,3,1.3519075109283738,1.149945610898523,1.1274617203064963,0.04056587567109866,0.017475603346474976,0.16139602435875205,0.018692329915175762,0.03098769871693205,0.007341240851717725,0.03937803451885786,0.02149989283121004
663893,2025,"Little, Brendon",L,1240,79,3,1.3250313117142054,1.1121632812739073,1.0936630230227478,0.009822106671255191,0.009231424206544794,0.2030459237690428,0.0151674998328045,0.024326956767166345,0.007594396730448925,0.03824852608526182,0.010316526368317067
663893,2026,"Little, Brendon",L,552,30,5,2.032244465206479,1.9351462226180927,1.9251357904259876,0.005955173434654155,0.022972349056471095,0.09114306915373226,0.017952935133502535,0.013063259030831855,0.007039770046113781,0.004657948354058739,0.019852163808225527
663903,2024,"Singer, Brady",R,2966,32,6,1.7421421680858309,1.6621113045199083,1.6562512710876809,0.02428198637326945,0.009730040268845386,0.05574887719265265,0.008499642982437456,0.007886052250447839,0.0037258527804772384,0.005010551627474704,0.011063658956063807
663903,2025,"Singer, Brady",R,2850,32,5,2.065034962903317,1.9922290303371557,1.9872258440711263,0.008644803959100006,0.005247192930515043,0.06416112860706133,0.008249447331010427,0.006681856072250998,0.0038827466901711232,0.005193650143035418,0.008192546699169547
663903,2026,"Singer, Brady",R,2801,31,5,1.7788049186729962,1.7133294051458543,1.689009904425397,0.006271236987077927,0.0033022854047245606,0.0592042765400642,0.009117290824090064,0.032844224454195076,0.006423851284259778,0.03814195698639954,0.02735932963429741
663941,2025,"Beck, Tristan",R,817,31,4,1.9706444094709343,1.9085206421305625,1.9031714542907938,0.025729895595392238,0.012523210326488244,0.03639387174497973,0.014494504087738952,0.007470575154001669,0.006889670548109981,0.011159271521648289,0.0022423815420066643
663941,2026,"Beck, Tristan",R,313,14,5,1.857201625112035,1.8209016534582372,1.821812086203353,0.04776966393918266,0.018511608760950007,-0.011469692285384945,0.019417749597484366,-0.0012389802140056869,0.008893947856912526,-0.015104182349126251,0.01040778957949559
663947,2024,"Holton, Tyler",L,1339,66,6,2.3728952410518094,1.561086342311281,1.5635381252571166,0.7806151570580698,0.019493008285362497,0.031193741682458632,0.00837077043772576,-0.003329551079588178,0.007695866243717805,-0.006980707767306545,0.0005350343915458806
663947,2025,"Holton, Tyler",L,1159,70,6,2.3924760303845334,1.5244587776708023,1.5286584033974848,0.7665152754411825,0.026087526344151516,0.10150197727254841,0.012213517803781672,-0.005739818652388025,0.008133900318966918,-0.01569371914448179,0.00578441728629559
663947,2026,"Holton, Tyler",L,1130,67,6,2.3880486545196113,1.635274888912549,1.625662572733695,0.6779647082471616,0.03089376694440447,0.07480905735990037,0.01311825651116816,0.013118257587083557,0.007727965410143389,0.011083601358019175,0.015038285296200651
663969,2024,"Phillips, Tyler",R,578,8,5,2.1957038326549396,1.9889893547647253,1.9872024852642765,0.14883024580020843,0.031624030683391535,0.05788423209000641,0.01873295482712102,0.0024708386872232895,0.005935612463257928,0.00569900904731576,-0.0006064825906218688
663969,2025,"Phillips, Tyler",R,1114,54,6,2.2455090637123107,1.8376959970399156,1.8157469433215156,0.29643818481647005,0.028518644691069493,0.11137488185592555,0.0162770203970901,0.030525899927961803,0.008534309985087226,0.02514371724530792,0.03608566731841898
663969,2026,"Phillips, Tyler",R,2037,37,6,2.3268234918606936,2.2789711837994817,2.2747285126089363,0.02156301919201166,0.006721896678165466,0.026289288869200244,0.0076665321549755075,0.005773093664088376,0.004445581932166707,-0.00392824814515619,0.014270885549629665
663978,2024,"Paddack, Chris",R,1460,17,4,1.8709847909318351,1.8401367223092147,1.8354991642007823,0.024229644487244247,0.011237617918598846,0.006618424135376039,0.006356097778801756,0.006292597433374528,0.005666719047332781,0.004262750205325993,0.008890113801470537
663978,2025,"Paddack, Chris",R,2565,33,6,2.1344893292786757,2.0425757002954357,2.0406905257350076,0.07333770608351585,0.0127517150019817,0.018575922899724238,0.005779350107968111,0.0025543965913876416,0.004210924458746112,0.004899799694096032,-7.760845997009122e-05
663978,2026,"Paddack, Chris",R,1015,14,7,2.3403105253745182,2.23712863235773,2.24010397458061,0.0714958963657839,0.017718191424789254,0.031685996651004356,0.01290671425133021,-0.004037396198159102,0.005203812330468252,-0.001051720830040388,-0.007039080549484885
663992,2024,"Lovelady, Richard",L,528,35,4,1.8460949968846958,1.569885281670408,1.5577048144331855,0.2420049767778525,0.04158148742246679,0.03420473843643545,0.012209695597508381,0.01683582906087298,0.007835740419240497,0.024920852157167463,0.006315558044007879
663992,2026,"Lovelady, Richard",L,640,38,4,1.7522266630822998,1.598504884976223,1.5874085611549689,0.11376647394280319,0.029361035470740603,0.03995530416327356,0.014456802358246111,0.015109887756600798,0.007587572913788609,0.010437238222967299,0.01962613061128422
664062,2025,"Gonsolin, Tony",R,609,7,4,1.9092831256815492,1.7955809859361047,1.781811765754132,0.04027104441939796,0.016356432125761322,0.07343109532604691,0.015463211720525864,0.01859302680891571,0.004425024088965916,0.017972181272382422,0.019358326504939412
664076,2024,"Cleavinger, Garrett",L,1056,68,5,2.265455501803461,1.9852288394266964,1.9335575148323132,0.1684021820954543,0.030869854616996994,0.11182448028131002,0.017487463300740594,0.06915705801225423,0.010378634569633718,0.07418573254156674,0.06419171691530082
664076,2025,"Cleavinger, Garrett",L,874,67,5,1.8792136404711381,1.5154333700434113,1.5078712962885308,0.25082087258794294,0.034832405876628204,0.11295939783978419,0.016555799736493286,0.010507555583093096,0.00819453858712685,0.001511890222482439,0.020124632037693314
664076,2026,"Cleavinger, Garrett",L,734,51,4,1.8392634306570956,1.329023355584689,1.324486444644696,0.3629152977522786,0.028936540052626726,0.147324777320128,0.0227559244967861,0.006021867323607444,0.007665917561467696,0.004527773983647162,0.007367064763709142
664126,2024,"Fairbanks, Pete",R,696,46,3,1.1633591383835538,1.1194230287445504,1.1149377057654857,0.006069570904075883,0.005540820660456449,0.03786653873492776,0.01120661108813007,0.006109167893207288,0.00362578320125994,0.0030837701628965227,0.00905279811729344
664126,2025,"Fairbanks, Pete",R,987,61,4,1.4415298671871977,1.383500856701076,1.3705857689931384,0.018179654754289305,0.007613072498032186,0.03984935573183243,0.01090448322695512,0.017179503460558222,0.0054290704963605545,0.02287598226116594,0.011574412020388055
664126,2026,"Fairbanks, Pete",R,766,46,4,1.6147534620019919,1.5683535682635477,1.5620073377415375,0.03302606385202218,0.014962711825794483,0.013373829886421955,0.013877552223279669,0.008352598934467102,0.0040971706917377814,0.01208733411573069,0.004433757089338412
664129,2026,"Hartlieb, Geoff",R,435,18,4,1.9274412348159284,1.7812272135521086,1.77611653844252,0.11336434275245187,0.0245980556728278,0.03284967851136792,0.015112287562179435,0.007148371937849252,0.005612653250404837,0.004037332555588221,0.009796459031083345
664139,2025,"Gibaut, Ian",R,387,25,5,1.9321459840801487,1.8943953939937819,1.8841674618849664,0.02972490857091357,0.015546623200048376,0.008025681515452826,0.012886207399475286,0.014238164482415638,0.006092888918043378,0.011817340428877878,0.0169157426022377
664141,2025,"Brubaker, JT",R,469,17,5,1.8377051781406335,1.6810188024368917,1.6795875344678366,0.15100373661258604,0.025756284563532992,0.005682639091155463,0.025585902201507665,0.0019015996529370975,0.009092761113694633,-0.002956119235561439,0.008709015238179943
664141,2026,"Brubaker, JT",R,1000,41,5,1.980940736362844,1.7557756994806413,1.7550165601533012,0.17276794687626065,0.02604829497790023,0.052397090005942316,0.012495662067230602,0.0010148921488504214,0.007584984707537539,-0.004245571666069884,0.006109236053825878
664192,2025,"Lucchesi, Joey",L,632,38,4,1.543799967962037,1.4153051218646473,1.3990138767682503,0.060977093043509706,0.02345991527576459,0.06751775305387994,0.014380991556664358,0.022000142950689947,0.00614899794407841,0.019545659285294507,0.024292346704323706
664199,2025,"Clarke, Taylor",R,865,51,4,1.9316199532976708,1.7688284048147045,1.7704001568279988,0.13258380979912,0.021467504460782497,0.030207738683846106,0.011687183667343986,-0.0020725083711882683,0.005171908272632771,-0.00364931889833802,-0.0005052833183676958
664199,2026,"Clarke, Taylor",R,1069,71,5,2.062132842526111,1.7897888614474298,1.7972891611583799,0.21461965773176156,0.020273663434186698,0.05772432334691973,0.01805994526315925,-0.010252967251925356,0.006666524374905549,-0.017610450042591038,-0.0025881222559054947
664208,2024,"Maton, Phil",R,1078,71,5,2.045514843356132,1.8786093742627201,1.8744863008297568,0.060817650076770646,0.013727416332818102,0.10608781901664092,0.014781331585613872,0.005460286438248898,0.006845619758099056,0.013279558064657382,-0.002057519294129378
664208,2025,"Maton, Phil",R,1008,63,4,1.828896594052501,1.6838098622938538,1.6681309602905956,-0.0022581801904248008,0.001370944352261264,0.1473449119490723,0.01734592908055519,0.020795175288531743,0.007096120326763169,0.01432272221394985,0.028024851285488126
664208,2026,"Maton, Phil",R,546,31,4,1.9382542202873607,1.8421325248135956,1.8232581607889633,0.013308092573323974,0.011746989750359796,0.08281360290044121,0.01686773191908608,0.025135128676705556,0.005883608383455023,0.020715456332704454,0.02951189158047362
664285,2024,"Valdez, Framber",L,2598,28,5,1.735402895512688,1.5907082478546763,1.579800476960632,0.04436366040732409,0.01012589291258071,0.10033098725068718,0.012332984685728259,0.014962190487184793,0.0062194731121813646,0.009715440580263659,0.020013206718821824
664285,2025,"Valdez, Framber",L,2891,31,5,1.666532639684751,1.5166151144686595,1.5031998943223137,0.0396430289750926,0.008728476184012127,0.11027449624099885,0.009489688681724638,0.01857442597848939,0.0051533575123704255,0.021011810557647184,0.016002697367409502
664285,2026,"Valdez, Framber",L,2768,31,6,1.8785586606902651,1.6823177926629036,1.677967014245053,0.08813109276937066,0.013283123924419106,0.10810977525799055,0.009884982728718699,0.005991519731647494,0.00584415630421099,0.004673564993538356,0.007581456347654015
664294,2025,"Moreta, Dauri",R,285,18,3,1.0557562795754207,1.029842695399172,1.0356809873984703,0.013854878274017286,0.006281534217724429,0.012058705902231593,0.012728630115504071,-0.00766780285622121,0.004598785157568328,-0.00850683875148811,-0.006721831013518334
664299,2024,"Javier, Cristian",R,570,7,4,1.766341672820019,1.704107703703645,1.6987789696437188,0.03890847608106292,0.026666936656322325,0.02332549303531107,0.00871976217362401,0.007249113160281463,0.003908998882773436,0.003377819669584562,0.011570102359493661
664299,2025,"Javier, Cristian",R,617,8,5,2.1634144354335647,1.976374877263573,1.9747102745018696,0.1753766908815657,0.04602375962827443,0.011662867288426184,0.014863479978836656,0.0022424888732992462,0.009356951400890694,0.01198943408713549,-0.008210117532488946
664299,2026,"Javier, Cristian",R,1108,17,7,1.9752734431492505,1.9706804766916453,1.976560580974739,0.008828113634536415,0.02658899354276951,-0.004235147176931531,0.01360791788244462,-0.00783071580008095,0.009490057719177495,-0.025843380638228233,0.008062811998284304
664350,2024,"Sánchez, Sixto",R,621,14,4,1.8024298748007914,1.753832555732614,1.7435213718659577,0.03862103918517222,0.029009445834342316,0.009976279883005553,0.006777936467859825,0.01398088467509482,0.0024037554156182426,0.014757620447404215,0.013373398720876187
664353,2026,"Urquidy, José",R,607,13,6,2.368753924584891,2.2195936089292903,2.218737786452023,0.12731564478933638,0.03878842673564269,0.021844670866264498,0.01154989832165837,0.0011726506629825537,0.006350217578573687,0.005820545397175721,-0.004078576560745301
664747,2024,"Díaz, Alexis",R,977,60,2,0.9853116058519734,0.9419418731776116,0.94174264577509,0.0008358789840075183,0.0005219014992129565,0.042533853690354374,0.009080752692941235,0.00026482336362378643,0.0023591349082656907,0.002574722544621758,-0.0020387989174258216
664747,2025,"Díaz, Alexis",R,361,18,2,0.9877500959052185,0.9682139857722541,0.9682413327487283,0.0055172617655268996,0.003207175076226687,0.01401884836743739,0.008621793965228408,-3.5769052562266445e-05,0.003220561406017732,0.004809880427311187,-0.0033950229864622684
664776,2024,"Cousins, Jake",R,644,37,3,0.9813238332438456,0.9275611830148701,0.9214383016369972,0.009883235929832939,0.004566790608792961,0.043879414299142626,0.009379136276042766,0.008063671998670951,0.004555366541954948,0.007498610690347616,0.008732159707178463
664849,2024,"Young, Danny",L,697,42,3,1.0527266627825898,1.0069419465703282,1.008655252956485,0.013264954344573655,0.006630605029293691,0.032519761867687916,0.013737163380082221,-0.0022446890059237283,0.002032635611622209,-0.006382849915639759,0.001987878616561489
664849,2026,"Young, Danny",L,265,16,4,1.1554438498282564,1.0769848800128523,1.071065199428289,0.014687211494408695,0.004873282633347392,0.06377175832099552,0.01349767292382827,0.007765917598560945,0.003982574898896926,0.0091111318908148,0.006523195823812145
664854,2024,"Helsley, Ryan",R,931,65,3,1.2823675939072599,1.2089736623711647,1.2078899770057943,0.03127257032019248,0.008153905779326261,0.042121361215902965,0.010754745149661687,0.001510345920897884,0.004345726591274696,0.0030991929688473203,-0.0001465251596854714
664854,2025,"Helsley, Ryan",R,979,58,4,1.3596286400589128,1.2736457634992306,1.267765611793827,0.014538800160004365,0.006064353457100669,0.07144407639967787,0.015069195861508398,0.00789666463592603,0.005267165052831252,0.008536355622866039,0.007275991489138291
664854,2026,"Helsley, Ryan",R,273,17,4,1.6436220619948576,1.4156940266748281,1.4012243232509192,0.13711925822923834,0.030939579658275172,0.09080877709079128,0.02006922810617961,0.01926940992549821,0.0064800387338605145,0.013164675711524985,0.026338049541677736
664875,2024,"Lawrence, Justin",R,1081,56,3,1.0390448699036086,0.9452565259113833,0.9444015893138008,0.008247199748480021,0.005492745674354617,0.08554114424374522,0.011154461097221518,0.001155233077483374,0.0017925286990008401,-0.00018307343516449622,0.002649321300598191
664875,2025,"Lawrence, Justin",R,270,17,3,1.3725403419937576,1.2112892165494846,1.2088711910445493,0.07134479166312496,0.02182226555273668,0.08990633378114829,0.01617596627668968,0.003216093036120575,0.004470358508026341,-0.0033259606458284864,0.01080209145455087
664875,2026,"Lawrence, Justin",R,684,37,3,1.4472959884037508,1.3400034723760823,1.3335330342346154,0.009619288148873717,0.006512679607499455,0.09767322787879472,0.012778442944423901,0.00871216474166008,0.004363074178058636,0.01034714359102605,0.0072709611633300746
664991,2025,"Wolfram, Grant",L,520,21,6,2.1376646281139933,2.0645928778148863,2.0459312770360847,0.09652198740849505,0.04099403747457712,-0.02345023710938826,0.02166227483591334,0.025010392796332208,0.013173945720251398,0.0009204756199804106,0.04500956932009596
664991,2026,"Wolfram, Grant",L,901,60,6,2.2017667100288394,1.8088093726428582,1.7916074132451167,0.32529402324840884,0.03125577749870104,0.06766331413757204,0.01640941817637128,0.02292746363515539,0.01167572430677076,0.010678937396045909,0.037649633609850484
665152,2024,"Kremer, Dean",R,2171,24,5,2.238442774550031,1.9998073093113342,1.98667727494023,0.14183672878831793,0.021323065636609767,0.0967987364503784,0.009167402276042264,0.01761761719386169,0.007647446074565839,0.016410045556094023,0.018801539937866457
665152,2025,"Kremer, Dean",R,2692,31,6,2.306916443226775,2.0575382214553057,2.0590145095871257,0.16147537085300215,0.01976526411235055,0.08790285091846711,0.013042207791158871,-0.0019890728983285094,0.00821547765569781,-0.0024237442951815205,-0.0015630173864478048
665152,2026,"Kremer, Dean",R,1465,17,6,2.318473006505606,2.090037361498589,2.0862610666575963,0.10531426905314438,0.026115492695306858,0.12312137595387249,0.01692672253764306,0.005029338129139805,0.006485298785360325,0.007838612370039041,0.0020080431908142122
665620,2024,"García, Deivi",R,283,14,4,1.7113211702658369,1.402200161922466,1.3931372470769896,0.2625092340022974,0.03542519075208724,0.046611774341073366,0.01843429129226013,0.011985069632102243,0.0037881094112479467,0.009835917959916065,0.01462673522916442
665622,2024,"Medina, Luis",R,720,8,5,2.0928821709390615,1.9007634450991324,1.8994780869560906,0.13078757985612127,0.0299819702207907,0.06133114598380794,0.015861396861124744,0.0017106429999814037,0.0055693486065126144,-0.0031718268749871114,0.00710605718088046
665622,2026,"Medina, Luis",R,1270,60,5,2.25893135255033,1.9225518562073598,1.9168324995021118,0.15178107829407864,0.024577955733431984,0.1845984180488915,0.016278975281374678,0.007605846089701098,0.006505325314144805,0.00409845713916009,0.011135340432787532
665625,2024,"Peguero, Elvis",R,829,52,3,1.0193019654340434,1.0277066498104894,1.0285502613142072,-0.0052865202144605355,0.005457277950868374,-0.0031181641619854117,0.006465577685091019,-0.0011578707559305444,0.0019008418015360722,0.001526205099649621,-0.0037717746937177645
665660,2025,"Alvarado, Elvis",R,765,37,4,1.6455679329654567,1.5105420773748728,1.5062195987108844,0.05875621716824667,0.01406176691751143,0.07626963842233722,0.014769319549090072,0.0056913875696231785,0.004977396166484151,0.00045992020274891775,0.012473685183594554
665660,2026,"Alvarado, Elvis",R,951,56,4,1.586382238644068,1.4481618510931633,1.428180737842522,0.06596465581183011,0.012381369901164308,0.07225573173907461,0.009189609261913988,0.026282211205200866,0.006907374210585297,0.018653239828444943,0.03272402121975753
665665,2026,"Sanmartin, Reiver",L,345,24,4,1.867169605384742,1.571067304261685,1.5648924567253875,0.22315609336282938,0.04295970824174876,0.07294620776022759,0.02177270884015968,0.00842024664040549,0.007231496903246902,0.005795792803286488,0.011724246560349951
665795,2024,"Cabrera, Edward",R,1734,20,5,2.156496054887974,2.0406099125957273,2.0339400159303644,0.07932420937489416,0.01824804517342201,0.03656193291735216,0.01268562971769258,0.008808530706579902,0.005694621348723067,0.013819408117125665,0.004129743846070311
665795,2025,"Cabrera, Edward",R,2252,26,5,2.290199024665358,2.195850367075144,2.1880981539552264,0.025507319011143406,0.008487006232672695,0.06884133857907054,0.007716084551152177,0.010460146163004723,0.005679761055072769,0.011119004540353134,0.00981302516767559
665795,2026,"Cabrera, Edward",R,1353,18,5,2.264903553784175,2.080526851052197,2.0684594612151685,0.08602707309511762,0.014713685126678758,0.0983496296368603,0.01428843162861087,0.016294589270958032,0.005741643407753061,0.019930551422037198,0.012800934836163761
665871,2024,"Assad, Javier",R,2538,29,7,2.421839231243683,2.0659550043537624,2.062261656622002,0.25596862376278,0.01890691852854477,0.09991560312714073,0.011585315238612736,0.004941337134005541,0.00559798649929878,0.01883797702670292,-0.008536816199098666
665871,2025,"Assad, Javier",R,567,8,7,2.343932659871459,2.04905983758784,2.047710914815905,0.27153423440026936,0.03775099198339707,0.023338587883349325,0.02074984677476128,0.0018474377093890782,0.006237600259663994,0.008137831925082335,-0.004948716845254389
665871,2026,"Assad, Javier",R,1506,28,7,2.3892415451925366,1.9488651801395782,1.9407028604345773,0.31782999588014316,0.020411545423526002,0.12254636917281504,0.00901856955809869,0.01089756513806032,0.0065641455379129,0.003967547726707633,0.020670666615608978
665896,2024,"Marte, José",R,311,14,4,1.886837753554528,1.6805783224700386,1.6637991388941202,0.18554278640370975,0.034202480803377164,0.020716644680780053,0.00939159898308911,0.022590156242902757,0.006716989057141391,0.03424845457399413,0.01020321426611818
666129,2024,"Garrett, Braxton",L,588,7,6,2.3682806199836683,2.193641364778615,2.185906870959072,0.0843978664242184,0.028821310309604168,0.09024138878083535,0.012151714727069763,0.010650778374451986,0.005663277082024198,0.010360632565298813,0.01098320673870788
666142,2024,"Ragans, Cole",L,3118,32,6,2.111291092149087,1.908633156581882,1.9007408085453252,0.08509744914018595,0.012096677243258774,0.11756048642701915,0.016027782100889315,0.010449401774090601,0.003425608353093928,0.015887410873176612,0.004913536470136716
666142,2025,"Ragans, Cole",L,1079,13,5,1.9581123459996057,1.7858642386504824,1.7866757346861013,0.09422782499578757,0.013511020023071451,0.07802028235333547,0.017876732271860936,-0.001066509406129745,0.006634706188006917,0.0062548690679839,-0.00999067614079259
666142,2026,"Ragans, Cole",L,638,8,5,1.8570939866059366,1.7289623202017108,1.7293741865062373,0.09900162839143133,0.0158301667630858,0.02913003801279399,0.009292913884192278,-0.0005406804573819008,0.0040653321906220195,0.0009665264651955639,-0.001839996769948682
666157,2024,"Lodolo, Nick",L,1863,21,4,1.97259005499596,1.7072861840780722,1.6812617778601817,0.07159376644865413,0.009433110669360594,0.19371010446923378,0.014201419863107112,0.03544113215199543,0.007941874798268267,0.042119453935465644,0.02759490035869737
666157,2025,"Lodolo, Nick",L,2478,29,4,1.9932699661112043,1.8304153819129825,1.824276450181266,0.09265642172419891,0.012279861512807978,0.07019816247402344,0.008008526781535493,0.008294587148959962,0.005495231144763782,0.013547422586264958,0.0030187884966284937
666157,2026,"Lodolo, Nick",L,1899,21,4,2.002935429412523,1.7471749509679582,1.7374132932699677,0.11589319352586078,0.012417700333980387,0.13986728491870418,0.01822977251169726,0.01314708366559129,0.007225561576550628,0.010587382040069902,0.015998445446344496
666159,2024,"Manning, Matt",R,438,5,5,1.7747380090378588,1.6687629000810627,1.66955031147136,0.09182102958177676,0.02442606157602553,0.01415407937501945,0.003947389689945128,-0.0010948767903182252,0.0032241904557968517,0.002250092673492031,-0.006530452169009892
666171,2025,"Zeferjahn, Ryan",R,1029,62,6,2.144169332906127,2.0925951729980397,1.9889334283358606,-0.006746675690276599,0.008014430314641025,0.05832083559836377,0.016851726513272856,0.1378138698415793,0.014077664733551942,0.13765781857856899,0.13795458437112426
666171,2026,"Zeferjahn, Ryan",R,1269,64,5,1.9409352867002692,1.8958530980954815,1.861658728152758,0.006505667384258031,0.005933007343220408,0.03857652122052967,0.012269842557542467,0.04464264964744463,0.0089433403710928,0.04925484233992205,0.04017983971423774
666200,2024,"Luzardo, Jesús",L,1083,12,4,1.9145194122345068,1.8174533446725731,1.812157296569017,0.015602843990904535,0.006032402620224517,0.08146322357102939,0.011528350485909347,0.007116153965448573,0.005120394433454591,0.014109211846787739,-0.0003061453203717722
666200,2025,"Luzardo, Jesús",L,3013,32,5,2.1033356578494975,1.880675301200559,1.8720159602497657,0.12305873382024815,0.014980619991297609,0.09960162282868992,0.010024068041211349,0.011585521440825952,0.005169651227844763,0.0197989568829708,0.0033574843356728424
666200,2026,"Luzardo, Jesús",L,2864,30,4,1.9286876921962555,1.6956789945763544,1.6924499989691837,0.09944605461629194,0.012760313487931085,0.13356264300360934,0.011654383490896739,0.004339673120101521,0.004887288966340867,0.003583753038064656,0.0051599425633293925
666201,2024,"Manoah, Alek",R,394,5,4,1.9986283669549731,1.8218343438796458,1.806705092219732,0.1252433088180322,0.04248922467915092,0.051550714257294725,0.011012816160045825,0.020626038595176692,0.00524970870374874,0.020018738672550114,0.02141167262206662
666204,2024,"Jiménez, Dany",R,450,25,3,1.181737174429644,1.0925217006196128,1.0814350921472788,0.049381327792062564,0.011208661021636108,0.03983414601796887,0.013063380935078094,0.014981903340991731,0.006343966908482626,0.020892060980723576,0.010137511833014812
666205,2024,"Muller, Kyle",L,725,21,4,1.6803218225419883,1.5066971336082413,1.4959112648337358,0.12458528212855159,0.018649940772956727,0.049039406805195716,0.01674690184005657,0.014894771164793139,0.005426329685192097,0.005885000298259195,0.02366744279799724
666214,2024,"Wentz, Joey",L,1224,46,4,1.9028576566357118,1.671515878166882,1.6615372473760217,0.18107202921321813,0.013923689819188088,0.05026974925561159,0.009004801869334346,0.01327591748697097,0.005545981526984453,0.01031112926426925,0.016468251532633992
666214,2025,"Wentz, Joey",L,1815,39,5,1.9763525170600955,1.9189634195524339,1.8351054815491543,0.037885370845404984,0.010331818943623465,0.019503726662256332,0.009216836878100378,0.11069247816432945,0.01628761421869918,0.13204387379091936,0.09081049038282793
666215,2025,"Whitley, Forrest",R,256,10,6,2.3435849030623253,2.139980538076522,2.1175384586141135,0.19928393774819003,0.04457791295660661,0.00432042723761338,0.020321498078100544,0.030397737261251626,0.01668370240369598,0.040435984247995146,0.02146369744304988
666277,2024,"Soriano, George",R,519,22,4,1.5819667029939244,1.5232512160204095,1.5298258741068216,0.07337176782670758,0.016893557094668405,-0.01465628085319268,0.010711201125555061,-0.008794452440329458,0.004324773056355322,-0.005357599864294421,-0.013295092718470574
666277,2025,"Soriano, George",R,692,24,5,2.299394977210165,2.1775579635366684,2.179329108922024,0.07428963021407302,0.020471667124048385,0.047547383459423186,0.01718987418563343,-0.002361527180473987,0.007720218898613054,0.004404699592608707,-0.010106340470324838
666277,2026,"Soriano, George",R,1149,70,5,2.123256315265693,1.8875392714446142,1.8754503478632156,0.18262555389128113,0.01685488026885527,0.05309148992979813,0.014369446147611526,0.016095218070714557,0.007057877597807819,0.022597551423663893,0.00933156162793038
666374,2025,"Brash, Matt",R,822,53,5,1.5621567444192226,1.4231336451624361,1.4231005981753646,0.07469662462166297,0.016895756933843632,0.06432647463512364,0.01517589178975867,4.3533050276882705e-05,0.005357718176099354,0.003620158090582629,-0.0031021733104739544
666374,2026,"Brash, Matt",R,262,20,4,1.5840962231099494,1.5036476419822562,1.5024408464402497,0.0677839432419896,0.020663259231546122,0.012664637885703687,0.01749488077069369,0.0016131654694171796,0.00439201586402764,0.0036868512589268796,-0.0005914899489036598
666661,2025,"Morillo, Juan",R,617,42,4,1.8524297434847836,1.5774047287590542,1.5678937367132137,0.21173032298507793,0.031855172070098914,0.06329469174065146,0.015369599344885097,0.012647159681645556,0.00827536780664571,0.01492988077744468,0.01018018307138731
666661,2026,"Morillo, Juan",R,1041,70,4,1.8174216941807633,1.5664320122687778,1.557637821892119,0.20092848872189167,0.023077578268743407,0.050061193190093764,0.011658885218344094,0.01176703365308705,0.007901633120208598,0.017496452246522586,0.007296251638529801
666711,2025,"Peguero, Joel",R,315,17,3,1.6116474969854553,1.5052432076774813,1.484164913743445,0.058491621274077615,0.03481883682887034,0.04791266803389637,0.014786314946228472,0.028868098214006245,0.010261145180362252,0.02566649224391794,0.032360759272284385
666720,2024,"Rodríguez, Yerry",R,438,16,4,1.4759939496437267,1.36478216806864,1.37021391311381,0.09854877720807263,0.024119399015654065,0.012663004367014162,0.017510369031055417,-0.0071230668556420615,0.005195189222676207,-0.014407917946480588,-0.00224221662478025
666745,2024,"Brito, Jhony",R,626,26,6,2.1411354470781125,2.022379636402007,2.0167568134704554,0.07473254223417967,0.01704198965663337,0.04402326844192584,0.01893485679215398,0.00796354559988964,0.0067147201633596335,0.015098120011903571,0.0016217016780994788
666808,2024,"Doval, Camilo",R,1116,62,4,1.4496162347594805,1.3792284285139533,1.3636825437461548,0.018481087982494166,0.010644098610904451,0.05190671826303273,0.010145204838429712,0.02053160639155422,0.007105296490898963,0.01673752464009655,0.024673165927180052
666808,2025,"Doval, Camilo",R,1103,69,3,1.4193001474961653,1.3920568451872155,1.3694934809982544,-0.0007644777842452345,0.006468035069314538,0.02800778009319493,0.008747165027318498,0.03013001295450826,0.010373871747776795,0.0371947751824192,0.022927064668349668
666808,2026,"Doval, Camilo",R,1038,66,4,1.7065063010614032,1.6022763723876858,1.5513191896859786,0.007121269238145802,0.007508895110773582,0.0971086594355714,0.01328062323420698,0.06914190280310066,0.011127539047874193,0.07424712387571622,0.06443432457784963
666974,2024,"Cano, Yennier",R,1008,70,5,1.8546618906941301,1.5798351647248405,1.5419204823992516,0.16135063803715402,0.02776719312204685,0.11347608793213572,0.015583328411620917,0.05035309589485308,0.012724461548153832,0.04363143467171726,0.05928094653785252
666974,2025,"Cano, Yennier",R,986,65,7,2.235296288680682,1.888204611619962,1.8427828767597236,0.23017601240414107,0.031735401226197495,0.11691566465657911,0.015284505649848961,0.06101611794576977,0.012705986475379008,0.06059016769086957,0.06142836470721469
666974,2026,"Cano, Yennier",R,794,68,5,1.628063934649931,1.375623868753339,1.3636871326365465,0.15532512080724936,0.02218982956476035,0.09711494508934282,0.015254037163641,0.01611865387199546,0.007779788761237154,0.01920699786880156,0.013423729492616885
667297,2024,"Nance, Tommy",R,322,20,4,1.630718596868851,1.3020016848919014,1.2906952235215565,0.231088520713392,0.04149357922482089,0.09762839126355756,0.015117810127264972,0.015898168389742087,0.008032906234701149,0.020588430897026517,0.010160565710928124
667297,2025,"Nance, Tommy",R,461,30,3,1.565461847869394,1.2807888835772017,1.2690583023143749,0.11008156306950874,0.026820788843822573,0.17459140122268368,0.02485257875307494,0.016142680484069274,0.006627527489275864,0.015760592421400824,0.016437838458405744
667297,2026,"Nance, Tommy",R,981,57,4,1.5837939357728552,1.4013677788765373,1.3930436287410128,0.06540112940275233,0.016406396598460007,0.11702502749356515,0.01432164985766077,0.011294593752351156,0.005172254650640071,0.006682730251531556,0.015457407385985692
667463,2024,"King, John",L,857,56,4,1.4242949713674418,1.1993784956053626,1.2108747695421225,0.1820648711139926,0.02163099622106286,0.04285160464808638,0.011138752253624689,-0.016177843618724177,0.006098295745619702,-0.024594178611400317,-0.007040931999962745
667463,2025,"King, John",L,782,51,6,1.6517203868084902,1.357821566069195,1.348568562350375,0.19975904492296973,0.028216373577758393,0.09413977581632538,0.012997138633147366,0.012944273538671381,0.006083066998562247,0.020841139570544995,0.005406355962792021
667463,2026,"King, John",L,714,50,6,2.3211576138276984,2.277825204991073,2.2587204263538285,0.03706199987467913,0.010814777757986931,0.006270408961946137,0.013467915030326315,0.02628287465701851,0.006499759572616462,0.030106733033177527,0.02270157446143674
667652,2026,"Ralston, Jack",R,311,16,3,1.5124942484304034,1.497165091178005,1.480396355953575,0.0007412984219805847,0.008710634412407972,0.01458785883041831,0.01260704390008445,0.02228665237093005,0.0054423765890998675,0.031640736811996396,0.01493191422261071
667725,2024,"Tyler, Kyle",R,580,8,6,1.9061925324107836,1.9115254910185355,1.9079889941214008,0.038098531817342296,0.0493019452121927,-0.04343149042509448,0.008945241687374606,0.004683032420863513,0.006718409192860464,-0.003940648735276593,0.01227039137798249
667755,2024,"Soriano, José",R,1736,22,5,1.9548731470928784,1.7952977137446076,1.7643355775605807,0.092688173597134,0.0135580662002954,0.0668872597511368,0.012505298023062173,0.042389801589488,0.009342216957257047,0.03554200638498914,0.04887995464812978
667755,2025,"Soriano, José",R,2784,31,6,1.9162735169697622,1.7230455010183423,1.7101600117829125,0.08032744511408352,0.008524773198942124,0.11290057083733629,0.011244589565928657,0.01742263333241232,0.005377591853258101,0.017748301394642542,0.01709474336332478
667755,2026,"Soriano, José",R,2916,32,5,2.165764677114693,2.0357242963574085,2.0311999011631894,0.08235633980273681,0.012148307631457208,0.04768404095454774,0.0073244730329521225,0.006079786353153252,0.003531812420142868,0.0033347727737518067,0.008886198185961626
668338,2024,"Miller, Tyson",R,934,58,5,1.4919103249705339,1.3664713375013913,1.3706871901607525,0.08609724201449326,0.01933037234083814,0.03934174545464954,0.01094082671688298,-0.005641269890893041,0.004107027602609133,-0.01395784726059696,0.002440375914694948
668390,2024,"Winn, Cole",R,286,13,5,1.9983838661140192,1.8266354932387983,1.8216020366848444,0.13151257318011164,0.04114162293044744,0.04023579969510921,0.027867065880096686,0.00688788791593684,0.004242150491196483,0.00474134698741025,0.009565293805281835
668390,2025,"Winn, Cole",R,619,33,6,2.3586834290216823,2.2984653568215916,2.2864109763341056,0.0127938063084185,0.024666184358141857,0.047424265891671924,0.019602355501603906,0.01629183738374238,0.008973016741406584,0.016750497085731713,0.015791290950977775
668390,2026,"Winn, Cole",R,787,51,6,2.0564899714450484,1.8137087163442192,1.8087987800950098,0.10970271838584612,0.018784454907373762,0.1330785367149831,0.015086704460226487,0.006755454244978657,0.006335528781072267,0.01335920931286807,-0.0001313188972488761
668674,2024,"Erceg, Lucas",R,947,61,4,1.9842137915930285,1.6559807571948946,1.641891729014962,0.24575277398584194,0.02603220800003417,0.0824802604122922,0.013053440645823476,0.019169985181603923,0.007406525680689808,0.024478176279088912,0.014546721967665389
668674,2025,"Erceg, Lucas",R,963,61,4,1.9739241624359338,1.7463245854567768,1.7446650277324978,0.16921390810329856,0.01949006287565674,0.058385668875858214,0.011133427439713389,0.002232058782794783,0.005578945876980508,-0.0007959530461881601,0.005979223421161174
668674,2026,"Erceg, Lucas",R,901,52,5,2.0561750376661383,1.86139774574141,1.853012423461618,0.12936805875332694,0.012780905234971761,0.06540923317140145,0.016014038713085273,0.011209459012006642,0.004987723646050176,0.011062994914026429,0.011352487002116354
668678,2024,"Gallen, Zac",R,2506,28,6,1.925246530200477,1.7710946629008748,1.7697218995665602,0.10132463525940844,0.018194322906481677,0.05282723204019384,0.010776760602892696,0.0018269489728051118,0.00515996623031443,-0.001031612289479126,0.004511818047164762
668678,2025,"Gallen, Zac",R,3134,33,6,1.9662492421860296,1.8803931150402042,1.8550472818094201,0.06357083646187929,0.013199086587550861,0.022285290683946093,0.007463058627901322,0.03423872471779205,0.009069960197326952,0.033447841559390235,0.03507592401501775
668678,2026,"Gallen, Zac",R,1779,22,5,2.154066616246053,1.9637087426851112,1.9625706163010341,0.1501842601795255,0.023487431035936496,0.040173613381416486,0.015343588845215254,0.0015455930055520099,0.005544078395585971,0.007664277369401094,-0.0054543421341051255
668716,2025,"Murdock, Noah",R,391,14,4,1.4772013896254288,1.3609420511386907,1.3492420127611569,0.0012298168739594002,0.01640076499699385,0.11502952161277866,0.020409746849889242,0.01545511826221545,0.006643313274906119,0.016803215559350028,0.01450990061709811
668820,2025,"Kranick, Max",R,529,24,4,1.7268756620511656,1.5060697810793968,1.4968868317730712,0.1539748427462612,0.027854763578563795,0.06683103822550726,0.016935225648236234,0.01285127032551923,0.007500833496952397,0.014140158195666242,0.011307602294994317
668820,2026,"Kranick, Max",R,340,17,5,2.012063518775245,1.7335693534764325,1.7345164012805168,0.23593224725602965,0.02368342356698701,0.042561918042782594,0.01557392858612867,-0.0013089278593037812,0.008261880529734976,-0.008685118742368497,0.015508787354083769
668868,2024,"Thompson, Zack",L,317,5,4,1.9711663356004476,1.9128161845578462,1.9144965887219234,0.06258216638786583,0.036872147149983214,-0.004232015345264489,0.02072218714483033,-0.0022764449573180086,0.004599508559766818,-0.007726074694300771,0.006764986197221573
668873,2026,"Kilian, Caleb",R,786,49,4,1.7721565513526047,1.6798673132614677,1.68064327289447,0.06820032515612667,0.018926508058648796,0.024088912935010233,0.009584791330594136,-0.0010533752530910605,0.005415484608783838,-0.0008315987342366436,-0.0012774619440168767
668881,2024,"Greene, Hunter",R,2563,26,4,1.4122949512570961,1.3550669734128544,1.348027244026301,0.0236344589978439,0.0060118090920114765,0.03359351884639792,0.00654043552003436,0.009243251238594149,0.005082078088307812,0.004978461201847103,0.013473226662796312
668881,2025,"Greene, Hunter",R,1748,19,4,1.3736179087873899,1.293429400181205,1.2898446842068203,0.046586534034823254,0.012394736388922772,0.03360197457136164,0.007818264138182996,0.0047219921049167085,0.005922975992304345,0.0003603270496616965,0.009710778630151844
668881,2026,"Greene, Hunter",R,456,5,4,1.6309749507789177,1.453761015564849,1.4527624151912404,0.14973965312781606,0.023000129899465326,0.027474282086252796,0.012886770108496095,0.0013592888667626009,0.002165758144888579,-0.0006355499588678059,0.004465755434919875
668909,2024,"Williams, Gavin",R,1368,16,5,1.9328651282558749,1.900767549439796,1.8923281772654683,0.023410170584863835,0.01062791862034574,0.00868740823121476,0.007609777083322861,0.011154648439111552,0.005168874417192902,0.01211814928897002,0.010250689776603893
668909,2025,"Williams, Gavin",R,2925,31,6,2.1520279428190805,1.929295481374103,1.9058058017868893,0.13185261020848135,0.022036002574799124,0.09087985123649593,0.013523856593710207,0.030963187378368534,0.009131266022809413,0.0175769716113672,0.04624879862582275
668909,2026,"Williams, Gavin",R,2960,32,5,2.180593899790965,2.0884884172050833,2.076697984292095,0.03862973164741573,0.016574695687090444,0.053475750938465995,0.009120104082733648,0.015713499064585953,0.007525677694563117,0.020025233166975468,0.011436568197103618
668933,2024,"Ashcraft, Graham",R,1342,15,4,1.6622538499045691,1.5735497035539998,1.556406373223347,0.05293268183096636,0.021661173895162804,0.03577146451960304,0.011684026174055366,0.02319188437876629,0.005896554511788264,0.033165204675343195,0.011421174490278824
668933,2025,"Ashcraft, Graham",R,1039,62,2,1.0003251852505497,0.9295026641717011,0.9140677214501947,0.01014144550961994,0.006294362551042372,0.06068107556922847,0.01054596194827991,0.021240934420722283,0.006330001354069988,0.010205138781561804,0.031514667445413876
668933,2026,"Ashcraft, Graham",R,612,35,2,1.0032234176707338,0.9223994857502524,0.913915695709594,0.01860579170749247,0.010428307302386043,0.062218140212988826,0.012219535301138446,0.0112871293584413,0.006343334650839217,0.009216626062402327,0.013752014234678174
668941,2024,"Romero, JoJo",L,919,65,5,1.8445099083157843,1.5860741887004506,1.5763844808089158,0.12245691102347636,0.015554974530388241,0.13597880859185735,0.015187960999168797,0.013192357855289523,0.006583678587408017,0.012643389150501581,0.013759515282224062
668941,2025,"Romero, JoJo",L,990,65,5,1.8010585389653704,1.4932149595229018,1.488438795335414,0.21488817699798532,0.017536442565875172,0.0929554024444833,0.01663313301957685,0.006415742938416644,0.005182606267096394,0.008956391191469501,0.003726062245938897
668941,2026,"Romero, JoJo",L,922,55,4,1.5821800494161997,1.2939884489952023,1.2839206681957867,0.1585162802803737,0.016287962267226414,0.12967532014062352,0.016392019522542867,0.013531332211459692,0.005709141828960059,0.017406930024730226,0.009301258988438801
668964,2024,"Myers, Tobias",R,2152,27,6,2.049585377432083,1.919374145738774,1.917439044335195,0.0791509646507556,0.011336620128334075,0.051060267042553106,0.010706206489287032,0.0026356571015838837,0.006773340275275308,0.003790708265420637,0.0014922437328487585
668964,2025,"Myers, Tobias",R,826,22,6,2.0429032745168363,1.9872455309547055,1.9843219584014122,0.04250878826257815,0.020165616978874243,0.013148955299552822,0.019313847308633714,0.00398493552643613,0.007299957072704428,-0.006854296988278686,0.015718125361952173
668964,2026,"Myers, Tobias",R,836,32,6,1.944033184072807,1.8103948905832947,1.801520129640397,0.07419443918532512,0.015169476148862123,0.059443854304187096,0.013706039387276457,0.012222899750020864,0.007156919078045164,0.00678727142197991,0.01804811236095895
668968,2024,"Crouse, Hans",R,437,25,4,1.4259213143610276,1.2862581655414291,1.2871458856801399,0.09520404140120425,0.02665450707872859,0.044459107418394345,0.011211817793074685,-0.0011720051378142648,0.0032409436291132875,-0.0012960193633819444,-0.0009919548547678559
668970,2026,"Hollowell, Gavin",R,259,15,4,1.895904247703039,1.605919854579475,1.5980857464646014,0.22871511924571467,0.04451944716640095,0.06126927387784892,0.012188979644958903,0.010458938153362452,0.005554105253405856,0.006002068926808305,0.01768629365588269
668984,2025,"Legumina, Casey",R,861,48,4,1.7845955230788708,1.6179041015103093,1.6065740575026317,0.09162392016415931,0.018727618651852483,0.07506750140440238,0.015055799470745297,0.015147776227655322,0.00743420290589467,0.02738734983169241,0.00120035514398514
668984,2026,"Legumina, Casey",R,1118,54,5,2.100458966678529,1.7649659733629977,1.7616857641891979,0.26204294203218187,0.030211280887249593,0.07345005128334973,0.016941488319621528,0.004466837827415172,0.00820814538460793,-0.0013266101599856152,0.011256513643337256
669020,2025,"Rolison, Ryan",L,676,31,4,1.6503257643042362,1.4823115022464561,1.4660774723305299,0.13591266488434967,0.023344375282579023,0.032101597173430266,0.00979252246797126,0.022720919716700188,0.007754882263931609,0.01635833684308484,0.030327098333794905
669020,2026,"Rolison, Ryan",L,990,60,6,2.2367709083777036,1.9306237168148748,1.9099122359061642,0.27708387746286645,0.029439620938811747,0.029063314099962528,0.01641107961534005,0.02789709673418151,0.008752485122928791,0.03305567192888521,0.024070949729579006
669022,2024,"Gore, MacKenzie",L,2994,32,6,1.7753045920317088,1.6258150606824961,1.6170302815135422,0.10184810176993583,0.008446713355403755,0.04764142957927704,0.007028008819387964,0.011632741632838502,0.005419510296288224,0.006313343433945616,0.017071088807556364
669022,2025,"Gore, MacKenzie",L,2818,30,5,1.9080100744709079,1.5654354836224957,1.569752343743085,0.2824301915512623,0.021169158137479827,0.06014439929714972,0.009270673616487816,-0.00569518343624524,0.004346034201661055,-0.0024444133873400492,-0.008939871595442463
669022,2026,"Gore, MacKenzie",L,2962,34,6,2.1517651388225816,1.732811153972118,1.7403794538370447,0.3640667982339264,0.02269930985963685,0.05488718661653698,0.00899486600265099,-0.010129825666476227,0.0068480516086650055,-0.005184542388681363,-0.015758370305357726
669060,2024,"Wilson, Bryse",R,1643,34,5,2.054677883603076,1.8689461991658973,1.8441704801094048,0.045888099280508146,0.008340872175960688,0.13984358515667084,0.015650499638151162,0.03389384380500998,0.007115979747267606,0.027558446810311027,0.040367894269289877
669060,2025,"Wilson, Bryse",R,854,20,7,2.3488082597581066,2.139168863251486,2.1341748953577167,0.138272428438464,0.026351748936126233,0.07136696806815622,0.01957773662490435,0.00679116016127312,0.005092299500265258,0.006485204051682623,0.0071299706182021945
669060,2026,"Wilson, Bryse",R,558,16,5,2.099492815003999,2.030876977737127,2.030321277164115,0.0638066405109377,0.019872936804064004,0.0048091967559350576,0.019505414082922726,0.0007618695816718372,0.007579572432377708,-0.0036812464282356067,0.0052268728625640476
669062,2024,"Miller, Erik",L,1269,73,3,1.4621517178279688,1.2923076882642366,1.2901070031177764,0.13363501095259092,0.019922666073568587,0.036209018611141654,0.008191972681124147,0.0028380787102213127,0.003874911670310815,0.005583678479976365,-0.00016455593159591368
669062,2025,"Miller, Erik",L,482,36,4,1.9754322193032008,1.7425440469704796,1.7225328651794607,0.21871224394723343,0.04194154283145299,0.014175928385487653,0.014374032082349764,0.02701789810440059,0.006704363908668225,0.03929758521476954,0.01704454816704511
669062,2026,"Miller, Erik",L,970,57,4,1.4578654169227288,1.4088970452682537,1.3879131920940329,0.022252946683347027,0.010477461615739442,0.026715424971127808,0.010632366011874854,0.027357980616927808,0.007873146669915952,0.035893231125256164,0.018868495526874682
669084,2024,"Hall, DL",L,782,13,6,1.9192222563123216,1.7852802718671685,1.786819772914973,0.08256648264426764,0.019401173515214535,0.05137550180088564,0.01780758161670542,-0.002057931315185079,0.003979017250202601,-0.001808225304792667,-0.0024044621051174057
669084,2025,"Hall, DL",L,588,20,6,2.4593644690280705,2.2509832346323657,2.247896574957547,0.15381824052252094,0.03671868306799624,0.05456299387318377,0.022084260082845926,0.004191584038784074,0.004034519303917748,-0.00023752264814398048,0.00949751895307352
669084,2026,"Hall, DL",L,997,47,7,2.461936691259558,2.06566918543041,2.060875856439832,0.3077258463158102,0.025174825600715472,0.08854165951333819,0.01363774400248633,0.006329733779610789,0.006331599888449602,0.008533994775044993,0.004084216562336908
669093,2024,"Estrada, Jeremiah",R,1003,62,4,1.4387672643804439,1.336704998609354,1.336460848857206,0.053686020802790675,0.01738748638032849,0.04837624496829927,0.012411890858695615,0.00032564122527186843,0.005621110822883716,0.004342229206044206,-0.0038879456210424383
669093,2025,"Estrada, Jeremiah",R,1236,77,3,1.42246305642247,1.2804645254497997,1.274649870793747,0.06582142795220133,0.012593620854111882,0.07617710302046937,0.01112901552267866,0.007694767831778315,0.0050578297372753395,0.011118990636086106,0.004285178458258163
669093,2026,"Estrada, Jeremiah",R,512,33,3,1.3154102132612984,1.2541803117343648,1.2436144539469967,0.021593863412382622,0.01362283632376863,0.039636038114550805,0.012418784826174917,0.01401481654697528,0.005173311790199385,0.017055954342805015,0.010270525503554857
669160,2025,"May, Dustin",R,2169,25,5,1.8869591733258801,1.778701335930712,1.7670163361491185,0.02834027086062114,0.011436297642051752,0.07991756653454701,0.01399981004207086,0.01596017917271826,0.004739239190780464,0.02158433134233192,0.010666050602299535
669160,2026,"May, Dustin",R,2398,31,6,2.4337606537515617,2.1800277078868016,2.163423700135107,0.16368302146975008,0.016610901807038163,0.0900499243950097,0.011916390530718704,0.022444425359957252,0.00538153616026805,0.025091442959884823,0.019953796108384277
669165,2026,"Hurt, Kyle",R,742,44,3,1.3315751492836208,1.2776432634359154,1.2777297827496477,0.03808915365466089,0.011328070006636352,0.015842732193044187,0.010036465604818664,-0.00011800979924500331,0.005118528308003084,0.0038205225037196864,-0.003858909656899637
669194,2024,"Nelson, Ryne",R,2406,28,6,1.907064826469078,1.6796217849577744,1.682985588714748,0.1826994797473987,0.01486862028353665,0.044743561763905086,0.009969110933534621,-0.00455448049481073,0.006068479327981028,-0.003415466611266849,-0.005736599261562125
669194,2025,"Nelson, Ryne",R,2466,33,5,1.6667867370065501,1.5359960387008216,1.5234799021270016,0.0931175127407179,0.013138012292682808,0.03767318556501077,0.00826964330880122,0.0167107703254141,0.004222119363216476,0.021039018278600975,0.012433771809778418
669194,2026,"Nelson, Ryne",R,1374,19,5,1.7624007312417984,1.5829471070435186,1.5816773493849592,0.11996006718039448,0.029832760901133317,0.05949355701788548,0.014988299670946087,0.001742904118741538,0.00382497427039456,0.008604377115826652,-0.005215209343091254
669199,2025,"Bachar, Lake",R,1143,53,4,1.9077586746985844,1.8181200030804545,1.815755082599466,0.02570654410702947,0.008798696784244409,0.0639321275111001,0.012055346150371972,0.003183868209387501,0.005027964287320288,0.002204441832515083,0.004124841356682942
669199,2026,"Bachar, Lake",R,1448,53,6,2.3702777919427187,2.31622321038185,2.3177305834844457,0.04135534866272825,0.009203767798881615,0.012699232898140239,0.009267065413571439,-0.0020024552775764343,0.005884658991635423,-0.0025784426363138456,-0.0014327743497741035
669203,2024,"Burnes, Corbin",R,2995,32,7,2.139560803317327,1.7652469292299207,1.751701460450819,0.24887923963359015,0.016011428862182646,0.12543463445381578,0.011669933458905407,0.01837349592092844,0.008848864003963917,0.03072858448181768,0.0065226966890550835
669203,2025,"Burnes, Corbin",R,1009,11,5,1.8556039489390883,1.4014674979167392,1.3979638785809638,0.30249756418631624,0.01644808292964143,0.15163888683603322,0.015976969643487396,0.004751548265856292,0.005503513199318943,0.005646985028542445,0.003738088319549615
669211,2024,"Akin, Keegan",L,1241,66,3,1.348559185342338,1.2426388633137926,1.2425428096655333,0.07117212451352847,0.0134263807503523,0.03474819751501725,0.008726775933784072,0.00012845105332932034,0.004280928922525244,0.00031795621062781645,-7.284553597886144e-05
669211,2025,"Akin, Keegan",L,1058,64,3,1.4808792788857175,1.352503606931978,1.3474657120179492,0.08728079220528774,0.018057680880189112,0.041094879748451676,0.011730454631768613,0.006738423285768021,0.0071780596441543155,0.005310864449995858,0.00851881626560887
669211,2026,"Akin, Keegan",L,443,24,3,1.5214641572638752,1.3197996076796032,1.317536644456748,0.1843297539509124,0.04544429706778463,0.017334795633359504,0.01206358675251985,0.003047090297036392,0.0057834437835937395,0.014865265023998833,-0.00710185071142853
669212,2024,"Morgan, Eli",R,646,32,3,1.558923003436002,1.4913639194538464,1.4892714232779634,0.040025530569974134,0.011195632923755411,0.027533553412181097,0.014065798217563182,0.00282793416238604,0.0034937602280801275,0.004866596224523459,0.0005162370026409328
669212,2026,"Morgan, Eli",R,339,16,3,1.5878719042912703,1.4978984371058168,1.4917964673987387,0.0557017214831416,0.01727602482224777,0.03427174570231224,0.012981277338206254,0.008340998914110727,0.003868906303625119,0.009294905921460575,0.007371581223714539
669270,2026,"Kuhnel, Joel",R,748,45,6,1.833752072192151,1.7110452292135583,1.7092601552666093,0.05005054865244422,0.013763722697667057,0.07265629432614834,0.015756005658399207,0.002445485919995917,0.005518292470471168,0.004230927439104111,0.0006988583469552924
669276,2024,"Lee, Dylan",L,858,52,3,1.382252830398944,1.2822743488395614,1.2603254960244918,0.04773534147345529,0.010008428926066706,0.05224314008592757,0.011966162673182715,0.03032546814062729,0.010138348757272727,0.03137365179387144,0.02941304321355633
669276,2025,"Lee, Dylan",L,1102,74,3,1.3869591277284419,1.2681556781919516,1.237844582889121,0.10549907827877548,0.011256417307916515,0.013304371257714873,0.007906001050681512,0.04000338565714909,0.005533611016256628,0.042331132114816594,0.037821460903326186
669276,2026,"Lee, Dylan",L,1054,71,3,1.444694749576905,1.2954674785966283,1.286122276191108,0.12004226256605381,0.011955001118093903,0.02918500841422276,0.009381275014675235,0.012420987812633604,0.003908653677547734,0.014195909295152001,0.010391820820457162
669302,2024,"Gilbert, Logan",R,3041,33,6,2.2431716481875967,2.06243480823125,2.0349971168155454,0.015595483991686818,0.005113078718689764,0.16514135596465976,0.012226573546449277,0.03731575116062523,0.005688413282620334,0.044680819242328626,0.029404110308480017
669302,2025,"Gilbert, Logan",R,2156,25,5,1.863851545575652,1.5852694191817784,1.5740677409263693,0.021455030303031048,0.006453306835152643,0.2571270960908423,0.013939440834188962,0.014898715804233352,0.006481900202772038,0.023257216755031954,0.005864238524936274
669302,2026,"Gilbert, Logan",R,2982,32,8,2.271758609370223,2.0157958995661653,2.0009686553107855,0.06319253335247679,0.008078591710825082,0.19277017645158062,0.017792329153578975,0.019836178721194385,0.0073478250732034985,0.025587802164325664,0.014027505811990564
669308,2025,"Reynolds, Sean",R,494,19,4,1.6196990903810589,1.463929680882479,1.4574893655142858,0.08042551407070354,0.02275885161064989,0.07534389542787595,0.01086491640168513,0.008439033930735744,0.0035726573555212083,0.006935168000653936,0.010067529634028752
669330,2024,"Wells, Tyler",R,259,3,5,2.325315835730846,2.2813284436522068,2.2820666775082916,0.019065699004909988,0.032137352339639484,0.024921693073729687,0.013229565961268138,-0.0009958467121143403,0.0009673113821887698,-0.0018928226512116436,0.0008849092892187153
669330,2025,"Wells, Tyler",R,342,4,5,2.192240287336746,1.9062779036378903,1.901302334014995,0.23649086827107024,0.025729889119769766,0.04947151542778494,0.01331491575567715,0.0065447877347316556,0.008242605810613785,0.013594355779177468,-0.0008378307685068723
669330,2026,"Wells, Tyler",R,1068,57,5,2.1364943748154874,1.8325053695042524,1.8281949780128905,0.23284185083392975,0.01989690053574741,0.07114715447730509,0.015390728471192201,0.005812497617139544,0.006533353012634191,0.002936957321177878,0.008898810500239763
669358,2024,"Baz, Shane",R,1206,14,4,1.8060017503336538,1.6931786973903817,1.69140078450364,0.08172777680110924,0.022699165159425088,0.031095276142162523,0.01265659769006429,0.0024173201143297667,0.005578354531445518,-0.0005882316977539871,0.005182167560510706
669358,2025,"Baz, Shane",R,2718,31,5,1.9629765731368753,1.7933569205259055,1.7829586030536486,0.1059404048239215,0.01193159507633167,0.06367924778704874,0.00909065801868845,0.014089046305879179,0.00669172322929925,0.027285809366970074,0.0005457015886384268
669358,2026,"Baz, Shane",R,2911,31,5,2.0976505564043046,1.816030324332677,1.81611719235442,0.20939495949455103,0.0196203113903917,0.07222527257707691,0.010160521905548444,-0.00011810967365408625,0.005627161075862377,-0.004297523563861969,0.004492383252380741
669371,2025,"Henry, Cole",R,967,57,5,1.689301170327345,1.5298946405484044,1.5132214280197078,0.10804740399539153,0.029022868035261863,0.05135912578354883,0.010260146353642178,0.02220798418078501,0.006634206319804769,0.028108858756915933,0.016241725952841
669371,2026,"Henry, Cole",R,282,11,5,1.7148251566689048,1.7133804986433068,1.7068791189054824,0.01023906192230265,0.034746247131687315,-0.008794403896704873,0.017990674092693865,0.008689047801262898,0.00478594189657745,0.013274911167050167,0.004711927360137655
669372,2024,"Ginn, J.T.",R,515,8,5,1.664672893414938,1.5165491812771807,1.5132784046727703,0.11121615399402701,0.02275786602612493,0.03690755814373026,0.00982513799677939,0.004503876875056904,0.008143174077672956,-0.0010103850138849142,0.010137366048083952
669372,2025,"Ginn, J.T.",R,1575,23,4,1.7152359351280606,1.5203134420100104,1.5067136398019823,0.15672387133063567,0.029071371501539222,0.03819862178741441,0.015296432547665004,0.018106245543232743,0.007159292283812132,0.019865717343182696,0.016233160380982364
669372,2026,"Ginn, J.T.",R,2185,27,6,2.316797288382862,2.0296102124044535,2.0152747329020846,0.16255243230075883,0.015187850719217131,0.12463464367764915,0.014317217724002882,0.019552448634629713,0.006019483076650463,0.015392078469977892,0.02392589793703578
669373,2024,"Skubal, Tarik",L,2838,31,6,2.1248281710175716,1.9513264788438693,1.925245569990983,0.11700048407431177,0.014884375318246188,0.05650120809939031,0.007215650282701132,0.03543208201268143,0.005232913606831541,0.0321880141444448,0.03893787248781765
669373,2025,"Skubal, Tarik",L,2849,31,6,2.0744077578067643,1.9736384209168183,1.9758908479184507,0.03326754343061729,0.011034481937538023,0.06750179345932855,0.012188121888146965,-0.0030572484648175276,0.00570675828143291,-0.008013661494711867,0.0017640743603146514
669373,2026,"Skubal, Tarik",L,2356,26,5,2.0914823149962833,1.964396508988609,1.958489552958064,0.07461753919021656,0.014195956382081779,0.05246826681745764,0.009969154267555064,0.008021203693351289,0.005547710107635797,0.01106503850653979,0.005043312849889788
669387,2024,"Mlodzinski, Carmen",R,866,40,5,1.930976236173549,1.8557961704018233,1.846661920535475,0.00435806061479729,0.005431242780208864,0.07082200515692845,0.01687931055308191,0.01203997014346634,0.005456720312850529,0.0117245181440099,0.01234503300521613
669387,2025,"Mlodzinski, Carmen",R,1647,34,7,2.436179389002902,2.243278556555968,2.2123351442702464,0.14513622434731385,0.016836334053072142,0.04776460809962008,0.010286868232824438,0.04153528935173881,0.006930420116604897,0.04606970610944735,0.03622239750465376
669387,2026,"Mlodzinski, Carmen",R,2080,37,7,2.5592949591823015,2.439972675110625,2.4112310340834866,0.08755461834348016,0.01990272733525882,0.03176766572819634,0.008869316014862317,0.03876952875256075,0.009615290164605978,0.03960895956992214,0.037880785577437105
669422,2024,"Sauer, Matt",R,327,14,5,2.0151899484785636,1.8095625494386878,1.8005494415823649,0.11681855696004664,0.02800932098888039,0.08880884207982903,0.01758439935602924,0.01212875007826153,0.0046634392120402345,0.019532356420726343,0.004785829033685775
669422,2025,"Sauer, Matt",R,512,10,6,2.3233911107778193,2.2213547664458138,2.2212522337879266,0.0528117071661617,0.0452003787973424,0.049224637165844125,0.013523102278570632,0.0001370671562350526,0.005449094246065536,0.00033308966813397117,-4.229344215245789e-05
669432,2024,"Rogers, Trevor",L,2243,25,4,1.9868825845652722,1.892283648521141,1.8789775930222214,0.015609251904128188,0.006133729742581051,0.0789896841400029,0.013604523663393724,0.017765168145283606,0.0068565488993424,0.011586493402735657,0.024168521969378753
669432,2025,"Rogers, Trevor",L,1627,18,5,2.0870960229583693,2.0193531114970367,2.011812536342106,0.03976730831754312,0.01228153727129527,0.027975603143789506,0.010767290400634694,0.010189797157036133,0.004016714166882389,0.01335308572303634,0.0068315113506660485
669432,2026,"Rogers, Trevor",L,2689,30,5,2.021464230057717,1.9285892123941408,1.9224934922905448,0.04857040345220583,0.012471292395307181,0.04430461421137023,0.008406728789707938,0.008241021296415027,0.0038448273258199954,0.008298906891843488,0.008182374048415137
669438,2024,"Englert, Mason",R,365,12,6,2.4445796000284994,2.3654548314019896,2.3644378654590503,0.07839371490358682,0.0289405383032787,0.0007310537229229773,0.007926213383516692,0.0013596797405599687,0.007540033234015845,0.008658139594697042,-0.006436402376359177
669438,2025,"Englert, Mason",R,724,29,6,2.275714337515378,2.0753942966864085,2.0618981280036386,0.10281103744595589,0.02051368432477076,0.09750900338301396,0.01904939373826274,0.018128434371661045,0.006501472241630957,0.02341132718359293,0.012200779051186286
669438,2026,"Englert, Mason",R,663,15,7,2.496751858397712,2.392627456035576,2.3700874844614406,0.03619906623789294,0.019018690826318078,0.06792533612424266,0.011350307735384679,0.03062295318371282,0.005483385352252259,0.021309288024508235,0.04358903605240941
669456,2025,"Bieber, Shane",R,645,7,5,2.219824385235647,2.0225699259990417,2.015945864035559,0.11437947926994003,0.030596678636728426,0.08287497996666562,0.013436167282119764,0.008791193346597516,0.0048740233733193,0.011762430994011565,0.004649024606606495
669456,2026,"Bieber, Shane",R,930,11,6,2.352082669083463,2.1860106342929773,2.186385164932548,0.09127085891937782,0.015452797297638253,0.07480117587110821,0.01877029014781624,-0.0005062696145364035,0.003984982666998535,0.003049583955397238,-0.004454794130843085
669461,2024,"Liberatore, Matthew",L,1358,60,6,2.3452732363145206,2.1768758617359443,2.173599770493156,0.05362202973882873,0.009205872737827449,0.11477534483974754,0.020062652225253157,0.004435625032608966,0.005649998876455343,-0.0026084209297757457,0.011110371497936616
669461,2025,"Liberatore, Matthew",L,2386,29,6,2.490944978040138,2.2745343820870914,2.2532062771410937,0.10895169847054295,0.014487063848582959,0.10745889748250392,0.011544548626450192,0.029313858526007704,0.004940657932653516,0.02917755838334991,0.029468242717077094
669461,2026,"Liberatore, Matthew",L,2609,31,8,2.410952521841693,2.208351740534221,2.2023094005056536,0.09070798186101273,0.01067315322425035,0.11189279944645956,0.0110629584517238,0.008163886656929494,0.004076143611326587,0.005219686834536301,0.011372554645187017
669467,2024,"Pallante, Andre",R,1934,29,4,1.7802553685474969,1.2887865679820028,1.2902025409479512,0.35781336083141974,0.02465102932833623,0.1336554397340745,0.013295880376537355,-0.0019083565966163403,0.006229152121855601,-0.005167441409530786,0.0015811685566051864
669467,2025,"Pallante, Andre",R,2720,31,5,1.8371405673997572,1.5403068218653386,1.5366504145666784,0.18110383633081037,0.012731801178026471,0.1157299092036083,0.009975733899134748,0.0049652660271368755,0.004982919754665402,0.013639114206506597,-0.003327407183412888
669467,2026,"Pallante, Andre",R,2642,29,5,2.0662589234165787,1.6541975393432877,1.6504688256383049,0.30320951099042326,0.010878733380480803,0.10885187308286795,0.00737173730565654,0.005023590825376711,0.005032685829896767,0.0023936890159598186,0.007816651632433563
669620,2024,"Basso, Brady",L,350,7,5,1.9489253504087345,1.7642783329316674,1.7681844143460317,0.11641733743951399,0.02694154609305235,0.06822968003755299,0.01697160407635657,-0.005340345683700851,0.004562800164976983,-0.0018780768526212965,-0.008347717880040028
669620,2026,"Basso, Brady",L,696,26,7,2.272023728421284,1.9969132662547868,1.992430255172017,0.20817553413040396,0.043977321879647056,0.06693492803609355,0.021357387740132322,0.006278019544482348,0.0075549860550648525,0.004224231655225255,0.008120157536754932
669622,2024,"Bender, Anthony",R,954,59,6,1.5622802021322,1.4056346501845798,1.385419460635441,0.10949375459383794,0.020965568736711467,0.04715179735378222,0.012065169397922203,0.026563761473661605,0.007387227112520422,0.03620407809337725,0.017133587995520144
669622,2025,"Bender, Anthony",R,783,51,5,1.7718407107740504,1.5491792370274036,1.5579482258292228,0.2077459517802459,0.023837418171834227,0.01491552196640087,0.010608472338313132,-0.011838134882455598,0.004354542167476533,-0.0107137575132621,-0.01305117283273245
669622,2026,"Bender, Anthony",R,539,35,5,1.6249487597382728,1.5074259647904478,1.4933071402120746,0.08631733972404415,0.01563510243201735,0.031205455223781035,0.014395008902981916,0.01902511611935767,0.005671920675838471,0.01512267059119656,0.023168950030704006
669674,2024,"Long, Sam",L,702,43,5,1.8644209259987334,1.6730572676526656,1.6676050141735606,0.09929087717103917,0.016535684646093257,0.0920727811750287,0.01975808944696215,0.007276581639413712,0.007429663954929142,0.006740077905900116,0.007789152120874656
669674,2025,"Long, Sam",L,786,39,6,2.2341586562829696,2.108761904402449,2.1113582080570668,0.11894934802641056,0.023442137008899765,0.006447403854110491,0.014565422701748442,-0.003418249032713122,0.005409225390748736,-0.007126749732049865,0.0011964642435292163
669684,2025,"Murphy, Chris",L,569,23,7,2.30154313384884,1.9778684651434755,1.9803973029130937,0.21445734832175714,0.02340674910425868,0.10921732038360783,0.0209485588312176,-0.0034097362343906666,0.007237787404525837,0.009365664063800396,-0.02291708399510157
669684,2026,"Murphy, Chris",L,614,33,6,2.1421970505781642,1.9995921139942687,1.9847778879436107,0.09159716329134934,0.023629800540432504,0.051007773292545903,0.020328088320287055,0.019645647505624513,0.006975519642077788,0.018499245051850303,0.020787108569511763
669704,2025,"Strowd, Kade",R,406,25,5,2.1875091167229868,1.86777949428101,1.8539493202800408,0.19076923238538387,0.03112543438457869,0.1289603900565928,0.02279328879054785,0.018654653303632435,0.006952891498304617,0.015728951436778618,0.022156953348625323
669711,2024,"Weissert, Greg",R,1029,62,6,2.183414300412653,1.8333593957741978,1.824580855883874,0.18217180787605064,0.020889791476005875,0.16788309676240443,0.020506238884373494,0.011777206710747293,0.008249927947190065,0.007145976284905498,0.018754321829417445
669711,2025,"Weissert, Greg",R,1069,72,6,2.300666434437876,2.0016331370511447,2.0043086891046316,0.10148070445592546,0.016818930308498303,0.19755259293080574,0.017537912034283374,-0.003620462209085273,0.005898268552831832,-0.0010108500022799095,-0.006256635354382294
669711,2026,"Weissert, Greg",R,991,63,6,2.2400545501235847,2.030909226023424,2.0314746215196497,0.08419510390410959,0.016093450537246052,0.12495022019605116,0.01839512888568724,-0.000761286598859125,0.006188923780084641,0.0012289094049511844,-0.0028972434367513116
669713,2024,"Wesneski, Hayden",R,1075,28,5,1.884568591945162,1.6850852920906887,1.6786416459363718,0.14618696291734548,0.0210579113788619,0.05329633693712802,0.01158507735758635,0.00874611062612469,0.0051990409373267495,0.006947401298590557,0.010600164856044491
669713,2025,"Wesneski, Hayden",R,508,6,6,2.374167152331479,1.980156734957325,1.9590575416537357,0.30991218066364024,0.026023247860078848,0.08409823671051316,0.019293140972049167,0.028506356910168975,0.00981121532947096,0.03932414614758305,0.01697530684391442
669713,2026,"Wesneski, Hayden",R,898,11,6,2.2895726049003584,2.139048818799307,2.137880864120929,0.0852719046808866,0.01769174912471347,0.06525188142016515,0.01627300477212859,0.001608624695066541,0.0053861541301061956,0.01403941853490129,-0.012533950591565122
669721,2024,"Daniel, Davis",R,508,6,5,2.125077890639706,2.136849743177203,2.14743336262083,0.04136048867470802,0.11493117954118531,-0.05313234121220562,0.04248754916512009,-0.01441415195003369,0.021959608820506585,-0.0030157281970130206,-0.024931254278851716
669724,2024,"Hanifee, Brenan",R,446,21,4,1.6994028642434442,1.4492513891520435,1.4488169377221858,0.18476654208278426,0.03221977410968469,0.06538493300861666,0.014042741431504557,0.0005943722015844076,0.005858912025988098,0.007042951331753993,-0.004571616604352555
669724,2025,"Hanifee, Brenan",R,946,54,4,1.465307879663711,1.2658211714662049,1.2672138694423711,0.11229068536723805,0.0177256550658833,0.08719602283026807,0.013612726067440763,-0.0019149597172287978,0.003576834435972893,-0.0010889570699423579,-0.0027506232141911013
669724,2026,"Hanifee, Brenan",R,321,23,4,1.5310374626817145,1.3273886818653708,1.3306994682550457,0.13852519338356303,0.03254082256855722,0.0651235874327805,0.018428068303163212,-0.004661238732831838,0.004025696510441902,-0.007865163484200511,-0.0013428880974857098
669854,2024,"Blanco, Ronel",R,2751,30,4,1.8603083686936726,1.7577154154131547,1.7480192938983097,0.05442263674492482,0.010042083737828372,0.04817031653559254,0.00862456675543628,0.01285495435534429,0.005257501999354687,0.02827900935577366,-0.002406430841628972
669854,2025,"Blanco, Ronel",R,793,9,4,1.9100918293249902,1.8025366610468017,1.8033247724881059,0.08440188726536808,0.020844609259761775,0.023153281012820603,0.012747310950872833,-0.001052142042010518,0.004185544616926348,-0.0022465890719118435,0.0005688932128555667
669854,2026,"Blanco, Ronel",R,570,8,4,1.951654375034263,1.8324247537069,1.8304161596624762,0.0775848126527437,0.011088759084211502,0.0416448086746193,0.02356477849223959,0.0026812613707768813,0.010155578472229119,-0.013021058717525475,0.01802010182740557
669920,2025,"Alexander, Jason",R,1252,18,6,1.9101448383020225,1.7520338572416434,1.7535147059980458,0.012586268214259847,0.011022722183385996,0.14552471284611973,0.02066567882466108,-0.0020240421866991273,0.004221235224158726,0.0019038112227522644,-0.005529894816622684
669920,2026,"Alexander, Jason",R,299,4,6,2.566786762693178,2.4356931274910827,2.4361775613277796,0.10487771833942115,0.026893132146517715,0.02621591686267427,0.02397182994909748,-0.000673701010103614,0.009215815411329023,0.015708813171788516,-0.00981466906811589
669923,2024,"Kirby, George",R,2966,33,6,2.1777339769353663,2.0071926926787342,2.0003487032087954,0.07918588341634811,0.00990074331020104,0.09135540084028422,0.008034532594258122,0.009286035117949926,0.005361283976763294,0.0004228461472013677,0.0191425863308307
669923,2025,"Kirby, George",R,2086,23,6,2.172120533513404,1.981998050642335,1.9751056655759263,0.10638747450264648,0.01400110993380726,0.08373500836842275,0.014058695517928283,0.009216355928543668,0.00670616320802558,0.013179354085558075,0.0051504227544639505
669923,2026,"Kirby, George",R,2758,30,7,2.4075571171969883,2.186370245157475,2.171789403047887,0.14833028008845428,0.01883708862158458,0.07285659195105933,0.010744486714539033,0.019967210793566635,0.006490917934086388,0.012433840170213423,0.027728405125287372
669947,2026,"Scholtens, Jesse",R,773,12,5,2.2625119834115277,1.9640789344819858,1.9604852216310307,0.23131257639012615,0.025179754792856973,0.06712047253941596,0.023450529637312856,0.004934174127510385,0.008853688902601117,0.0030013728206971877,0.006534383001657674
669952,2024,"White, Mitch",R,413,13,5,2.2559738288238407,2.0845338657867325,2.0628533959749022,0.18169304614890935,0.05097469165194441,-0.010253083111801094,0.01886748721810486,0.02945405931673025,0.012393349178360123,0.03185635817617769,0.026819814360508565
670036,2024,"Festa, Matt",R,385,19,3,1.5923865680233729,1.543451179613426,1.539953921812416,0.0506252627872988,0.019884922276532997,-0.001689874377352417,0.015246791292140403,0.004707847039821612,0.004130207546798475,0.0035190421841381075,0.006019028865943125
670036,2025,"Festa, Matt",R,817,63,4,1.7709192801224145,1.7166565437909413,1.6813177563366575,0.0722446661745185,0.018465669946390165,-0.017981929843045155,0.008836324034428347,0.04885243544864614,0.010629890511629667,0.0583779661867087,0.03961267063272544
670036,2026,"Festa, Matt",R,1101,66,4,1.4923428219796058,1.4811127652619536,1.4789609781330015,0.02953040792789286,0.0075232420345145035,-0.018300351210240415,0.007388790491519236,0.0029248365789830387,0.003941876544268144,0.005824610548654415,-0.0002446838064717218
670046,2024,"Rosenberg, Kenny",L,403,7,4,1.6522905465932989,1.4644991771746194,1.4592476921602926,0.11719862159343486,0.024145545339076594,0.0705927478252445,0.009131467468475289,0.0071018404723946806,0.0027595002174425724,0.005068161089242873,0.009557320023903903
670059,2024,"Holderman, Colin",R,869,55,5,1.6112319647224809,1.5222633086606328,1.524225467106914,0.006685540859471575,0.007055938735878115,0.0822831152023769,0.014056653007300284,-0.0026435902167731722,0.005605106964548046,-0.0031691304590943338,-0.002160280886781387
670059,2025,"Holderman, Colin",R,492,24,6,2.093145518171288,1.9667607363841504,1.9514939007160297,0.10763154309609886,0.03946110993756058,0.0187532386910387,0.018027086090525904,0.020411095512813667,0.007047330138258609,0.019426908099569113,0.021284246397384483
670059,2026,"Holderman, Colin",R,860,54,5,1.5926661685584682,1.4289307011704742,1.4237499956804378,0.04136371331002843,0.01375502767579138,0.12237175407796576,0.017085046829734486,0.006983396115095734,0.005409861247703767,0.004803409855890877,0.008721244316095665
670062,2026,"Garcia, Julian",R,712,33,3,1.47080823316175,1.378878689665607,1.3743555195759174,0.010332250634984564,0.007049773643862467,0.08159729286115815,0.012455821049993447,0.006053565984697228,0.0047192363286773596,0.008204820214073157,0.003140805833418315
670102,2024,"Francis, Bowden",R,1558,27,5,1.8744080560315333,1.7083817953701612,1.7035397958657101,0.10486340755959425,0.03051717756523977,0.06116285310177777,0.012036737803517588,0.006559856719943582,0.011224181506588526,0.0013113031152788175,0.01135429254184201
670102,2025,"Francis, Bowden",R,1141,14,5,1.7267577530512024,1.64511126160536,1.6393795910292313,0.03436870726750698,0.014016809927550214,0.047277784178335364,0.01262897942103677,0.007675863999252307,0.004093153143332513,0.009809825456082477,0.005253095728715798
670103,2026,"Burgos, Raymond",L,292,9,5,1.9082319520206532,1.7178262059419052,1.7086773026848137,0.041159931453042926,0.03431608736476294,0.149245814625705,0.028123637793682148,0.012721332147955846,0.004997811520617289,0.01736349648131488,0.0071018700602054384
670124,2024,"Oller, Adam",R,710,8,6,2.1168545800527587,2.0291606967968643,2.025773763468423,0.050819782561489654,0.02999057057060651,0.03687410069440485,0.02632938894184311,0.0046244666599871325,0.005503349515052234,-0.006290758141974033,0.01545604989258461
670167,2024,"Schreiber, John",R,895,59,5,2.1987646612570435,1.9633943905592153,1.9645503107568412,0.1637472212804266,0.032009218229353806,0.07162304941740202,0.014901091572895766,-0.001539506810826525,0.006517330714912153,-0.010439814783965074,0.008250831959625882
670167,2025,"Schreiber, John",R,1047,74,5,2.0747427413875137,1.910515418222008,1.9094110535407707,0.08620695811658739,0.01448262401747895,0.07802036504891867,0.013787671770309807,0.0014767175239535674,0.005995306626552277,0.0019447709619115601,0.0010002198229396332
670167,2026,"Schreiber, John",R,997,66,5,2.1728640832809596,1.9661384884758422,1.9551448995174767,0.1187451482496259,0.014760200993598182,0.08798044655549163,0.0161020060148942,0.014575276850386044,0.005629389160235217,0.015985733671654925,0.01270194565433542
670174,2024,"Winckowski, Josh",R,1240,40,5,2.055131762746187,1.8443799818672948,1.8464867138671877,0.1124892475986754,0.01972691639224211,0.09826253328021714,0.0172424936948016,-0.0028802069237784753,0.005360636145621487,-0.01011399913225068,0.005695758778795802
670241,2024,"Vines, Darius",R,257,4,5,2.265316624325322,2.2195056195516947,2.194464728208851,0.0357726167870501,0.024343414251386454,0.01003838798657758,0.014646411305199886,0.03369376479115636,0.004497272760026024,0.030877718482697346,0.038561501981492656
670245,2026,"Watson, Ryan",R,1138,53,6,2.36271741466001,2.1184123963437638,2.107970125827118,0.11267064458765119,0.02001467510153807,0.13163437372859477,0.019643958724504012,0.014265670885885654,0.006642200704156963,0.010293839316231653,0.018266214490982934
670280,2024,"Bednar, David",R,1023,62,3,1.4389909654506057,1.3922095748574639,1.3885331332387187,0.00011218001880030453,0.0015926283616296358,0.046669210574341174,0.011165821894208821,0.00494218104596132,0.0048224343491069166,0.00833187629470179,0.0016663515290906864
670280,2025,"Bednar, David",R,1024,64,3,1.5192022407960342,1.471561789285889,1.4599269803440396,0.018243708987248523,0.0077018467536289145,0.029396742522896566,0.008845736728948868,0.015392822165961223,0.005377417068814096,0.019424306411779127,0.01156443536325757
670280,2026,"Bednar, David",R,1154,64,3,1.508305275518201,1.4320281541253657,1.4332294157912224,0.0018659146193216846,0.0028159484850249525,0.07441120677351373,0.011217183570027335,-0.0015842925284556269,0.005799587619869974,0.004836633414647864,-0.008572221478468018
670329,2025,"Garcia, Rico",R,586,29,4,1.9470640021326358,1.5671653644607466,1.5614302126976625,0.3454706397427771,0.03607397487414145,0.03442799792911184,0.014197705151227234,0.007569366966593381,0.006849235286981564,0.014998322560843146,0.00033851685485693987
670329,2026,"Garcia, Rico",R,997,75,4,1.9606589201840916,1.5870187792863446,1.5741326132563243,0.3337748070081661,0.027696864348696223,0.03986533388958097,0.01049989365359454,0.017527295405088756,0.007422810337942391,0.015838052964706983,0.018964857784908612
670766,2024,"McCaughan, Darren",R,714,12,4,1.8827550628539704,1.8316302748772653,1.830641252137109,0.03293483894165945,0.021047221952418378,0.0181899490350458,0.015200327923689142,0.0013658844032339269,0.007698629843988843,-0.0025096972240088978,0.004856757560125443
670871,2024,"Zuñiga, Guillo",R,271,15,4,1.9243125131963494,1.7111215356238947,1.7047588205777204,0.135327735908228,0.037216347813345305,0.07786324166422667,0.016658286723762912,0.008797427436292022,0.00623679873541857,0.010248520932666419,0.00655482839644068
670912,2025,"Oviedo, Johan",R,665,9,5,2.0482163729458955,1.8475210178164643,1.8370650630086403,0.0985591895122776,0.023304605877201765,0.10213616561715404,0.018587360686823987,0.01407532377976326,0.003972074603530282,0.021621339850392586,0.005892513104017538
670950,2024,"Richards, Trevor",R,1182,55,4,1.1050403444320163,1.0835931022449226,1.0747755566606425,0.003927269391483711,0.0027004383752737976,0.017519972795610156,0.008935354380460997,0.011541903522280102,0.003971475819327719,0.013622767514232246,0.009529041621568224
670950,2026,"Richards, Trevor",R,1302,54,4,1.2905834301813943,1.1703630848374056,1.1602781828757818,0.056497385221050495,0.012911972300857461,0.06372296012293827,0.01326315713665582,0.013677648285452279,0.005766018607268381,0.017572380383074265,0.010168533227198807
670955,2024,"Uceta, Edwin",R,672,30,6,1.7946043760242647,1.6801823512185892,1.662212833100916,0.06933650655188386,0.014155475267192186,0.04508551825379149,0.01572901878724617,0.02358499252944582,0.007100828967561291,0.018468508596694282,0.028782051012319423
670955,2025,"Uceta, Edwin",R,1214,70,5,1.7356763117953464,1.6499504657079749,1.6267585495704444,0.033124029049595285,0.007597794653166652,0.05260181703777617,0.011637744726568979,0.03152853996748292,0.00683118680021374,0.03357628525241722,0.02942029311731192
670970,2024,"Morejon, Adrian",L,981,60,5,1.7683363996269272,1.7131850081289737,1.7031463936873494,-0.0017407211539059225,0.004929681507661364,0.056892112651859506,0.015552416883800664,0.013870254601737169,0.0075089928896373585,-0.0006030959436568154,0.02926922640294124
670970,2025,"Morejon, Adrian",L,994,75,5,1.5195229678147457,1.4031586335912505,1.3975651811348737,0.07448511001939129,0.01120848299314746,0.041879224204104296,0.013125782338818424,0.00784187833799487,0.005568206819360269,0.013421934501073296,0.0007821267706496435
670970,2026,"Morejon, Adrian",L,1318,76,4,1.8180298512377908,1.5248061691502137,1.5165576949938326,0.15987584282233816,0.015737674147837246,0.13334783926523888,0.01431710054927228,0.011207720554753001,0.007597851532455811,0.0023439854547136828,0.01971332494367963
670990,2024,"Ramírez, Yohan",R,769,38,4,1.9035533179096242,1.3952584893054418,1.3593217368412833,0.41758784676854,0.06617782259763583,0.09070698183564226,0.016037765975701973,0.049348861865960936,0.012996597238688004,0.057010133439918634,0.040445221928658716
670990,2025,"Ramírez, Yohan",R,604,24,6,2.068105848697102,1.936503021385966,1.9163911886781757,0.15431882022957344,0.03532337343225167,-0.022715992918437115,0.012300486688502183,0.0269945487900116,0.007075141247078283,0.02490241552264362,0.029428665379930115
670990,2026,"Ramírez, Yohan",R,1410,66,5,1.870063023610313,1.7261779333530665,1.688819234892553,0.09837056904962475,0.02436994471521148,0.045514521207621915,0.009728056157481244,0.049977006479434274,0.008724879176652565,0.05889639059657765,0.041615083869612365
671096,2024,"Abbott, Andrew",L,2333,25,5,1.742537682608937,1.5676875273054782,1.55675116662806,0.04357889965020947,0.009147353272978767,0.13127125565324943,0.017984266543661538,0.0146047678651496,0.0070860661171585106,0.0038314286640852772,0.025767353587464504
671096,2025,"Abbott, Andrew",L,2677,29,5,1.9709295822500912,1.7769266258316898,1.7738256669448957,0.1361504827599328,0.015419351690401734,0.057852473658468004,0.009302494774115096,0.004165211710962582,0.006773660645874084,0.007513489379990035,0.0006410718780624178
671096,2026,"Abbott, Andrew",L,2858,32,5,1.9908632929167025,1.7435796289989718,1.741889624519133,0.15030602335594825,0.019400381189748277,0.09697764056178228,0.011045449572000009,0.0022686861453167597,0.005723485458153274,0.006347973506845584,-0.0019708031145096506
671106,2024,"Allen, Logan",L,1665,20,5,2.2038470193586575,2.148541884739892,2.141844078950401,0.03537990884336709,0.007573786901720572,0.019925225775398153,0.011198392231796762,0.009051823571024508,0.005972164503660318,0.012834972226318969,0.005053938598067255
671106,2025,"Allen, Logan",L,2709,30,6,2.237208599021509,2.0848218053048266,2.0742417740971715,0.09603794768628782,0.013658263243356825,0.0563488460303951,0.009953804922650505,0.01413279316643834,0.008845356843008268,0.01603959679102907,0.012377667102894603
671106,2026,"Allen, Logan",L,325,7,5,2.3743001500279757,2.2484898645437084,2.248420590458251,0.11429046791923278,0.036069880693625864,0.011519817565034705,0.02074491430012252,9.227081054799296e-05,0.0037833033590312895,-0.004145313417565688,0.00801904601372535
671109,2025,"Eder, Jake",L,302,8,4,1.909228487644999,1.7137483908614617,1.6904134937651027,0.15319876361542553,0.0602833382574847,0.04228133316811131,0.01633936736520177,0.03146044162098401,0.007373541486426011,0.026274033805910146,0.03445540951419569
671111,2024,"Peralta, Sammy",L,282,9,4,1.7880974538898633,1.7262770009814712,1.715764196078326,0.04975809135240112,0.01871209751197298,0.012062361555990891,0.005188037297826229,0.014117195155651867,0.008341184362348682,0.02379918797325702,0.0038656733487758208
671111,2026,"Peralta, Sammy",L,400,16,5,2.321458089365078,1.9828498297950496,1.9576094003822444,0.20206114548202733,0.02367321118350423,0.13654711408800074,0.02357582424783544,0.035178298833178315,0.006673989320635457,0.0403452440902829,0.03191960040398167
671131,2025,"Rutledge, Jackson",R,1339,63,5,2.2061872187862646,1.964938284373742,1.918724019710586,0.16773949101234903,0.032867526228284316,0.07350944340017347,0.013099027605845545,0.06145074516779149,0.011007744112306355,0.06624342293436525,0.05685387719323731
671162,2026,"Thomas, Connor",L,418,19,5,2.3292532494494034,2.017694842797983,2.0199718969048184,0.2765199564697098,0.07716072796446806,0.03503845018171056,0.038086786727019234,-0.003172695388858076,0.008960022180240593,0.0004176637165665449,-0.006231149441627195
671212,2024,"Boyle, Joe",R,966,13,4,1.326105474884346,1.2167401216359035,1.2008676866661923,0.06614700448476618,0.015057628510837796,0.04321834876367575,0.009834654882287273,0.020719962406406882,0.004410837519427431,0.012418895279327056,0.028169638033273395
671212,2025,"Boyle, Joe",R,934,13,4,1.4864835400455447,1.394546759348457,1.3945177470804186,-0.0046689543434095294,0.005572513400765449,0.09660573504049687,0.011032662295021997,3.827324625442159e-05,0.003459385278428758,-0.0012745541228049348,0.0012930750962393297
671212,2026,"Boyle, Joe",R,347,4,5,2.289644089963625,2.0211304967055446,2.0039054364839797,0.1737475157344595,0.013895300754560951,0.0947660775236212,0.03061699571456598,0.022555078856161596,0.0021170745215037504,0.023254101256369956,0.02200247331005093
671305,2024,"Otañez, Michel",R,601,36,3,1.518481132059696,1.3149107671383635,1.298700888712962,0.12726048157401024,0.02005910675858256,0.07630988334732224,0.012454956826508995,0.02169740965181805,0.007448038100457194,0.016105039392859448,0.026312251776080625
671345,2024,"Foley, Jason",R,905,69,4,1.503443396143522,1.2955080935297434,1.2874176778828903,0.1439971629623365,0.022396335090449138,0.06393813965144167,0.01162236137645791,0.011144332055406775,0.005343530017622358,0.013959857129102317,0.008371337571948332
671345,2026,"Foley, Jason",R,448,24,4,1.8918934425292342,1.5476520272509566,1.5317174971796697,0.22030472268101933,0.02872646208559797,0.12393669259725815,0.022215325462557063,0.021437445861671452,0.00558670223002365,0.016233300608072466,0.027132548214666565
671737,2024,"Bradley, Taj",R,2294,25,4,1.8371563169045135,1.769661905598335,1.7672588046451216,0.01665561186079163,0.004951291730653653,0.05083879944538717,0.007750381903199683,0.003212537055169654,0.003591410362169621,0.001769325058001744,0.004735255342001906
671737,2025,"Bradley, Taj",R,2272,27,5,2.155947214140677,1.938075783933537,1.9303519946300303,0.12197629666487478,0.025703228865228557,0.09589513354226537,0.012535234413243628,0.010439291670177063,0.00589925324824444,0.004350021669081358,0.01635009537581275
671737,2026,"Bradley, Taj",R,2997,31,4,1.7926239225863105,1.6854962816949333,1.684394449425858,0.042926352917449,0.007688754400964586,0.06420128797392827,0.008090337135665891,0.0014682931571445995,0.0024054141860241364,0.0036504058821028897,-0.0009706595778134888
671922,2024,"Smith, Cade",R,1166,74,3,1.1789207770745753,1.15405818667149,1.150543351282121,0.017183043772755067,0.010213744165543433,0.007679546630329954,0.00665723960884307,0.004673087872296447,0.0032434913922354163,0.0028320680513412087,0.0063117542215518655
671922,2025,"Smith, Cade",R,1182,76,3,1.151980546070778,1.0450974180427828,1.040934764128822,0.06782809100411026,0.012849534703847169,0.03905503702388501,0.009513692193821628,0.0055659015003413125,0.003688322892187704,0.006705164783296504,0.004462160903268908
671922,2026,"Smith, Cade",R,1226,68,3,1.2553988148175885,1.1209435571910542,1.1187950393038664,0.07612490429199438,0.0144418726776118,0.05833035333453968,0.00901978056434171,0.00281720099432343,0.004538302971366738,0.006761210641117242,-0.0007646036849076834
671936,2026,"Macko, Adam",L,577,30,4,1.705746897221657,1.4973263771042329,1.4921718331157328,0.16417998981416587,0.01842329413271391,0.04424053030325846,0.01533792464863391,0.006868757231788858,0.005701881423636939,0.0008419610272237364,0.011899599826277536
672282,2024,"Detmers, Reid",L,1557,17,5,2.033117880135044,1.8241366997511075,1.8156109132387515,0.12378356268042373,0.021814885638816478,0.08519761770351271,0.017357922841590684,0.011394549012650546,0.0061304736296191355,0.005421014910643702,0.018804028812255198
672282,2025,"Detmers, Reid",L,1083,61,5,1.6534760165731865,1.4911883759523457,1.477351128428072,0.08407314558129546,0.018850844704048384,0.07821449503954565,0.015470345807581224,0.01829760570059594,0.006510008130459507,0.017988482625978516,0.018695666419586546
672282,2026,"Detmers, Reid",L,2957,32,5,1.784647917814095,1.7360584828419459,1.717613636657819,0.021639376627849143,0.023261013721375692,0.02695005834429987,0.01658098672274418,0.024601447977656506,0.004466084038911788,0.017482815104084753,0.031700841302921307
672335,2024,"Pérez, Cionel",L,864,62,4,1.5790066543613601,1.5357553584783872,1.5027538406031777,0.030731907973400193,0.018114250380830105,0.012519387909572898,0.007635806867076775,0.04562129831068895,0.009812262782725472,0.046569072352459745,0.04456107650125043
672335,2025,"Pérez, Cionel",L,437,19,5,1.9925437048746506,1.8809934188708908,1.8811616610177062,0.04355218280136949,0.024288047702424667,0.06799810320239069,0.014264075388225,-0.00022415188462983923,0.009721321706603291,-0.014152783154978945,0.01968863207964703
672335,2026,"Pérez, Cionel",L,790,40,4,1.9648694577212293,1.7275638825120332,1.6364670377249337,0.19536507093497302,0.05092298814059815,0.0419405042742232,0.013828255768001032,0.12156504625305492,0.012801928869357887,0.09551241524593604,0.14641392533245215
672391,2024,"Ort, Kaleb",R,366,22,4,1.688483147240532,1.6432068276277163,1.6365775057924554,0.06326929509272934,0.02100620446375128,-0.017992975479914144,0.01958012538621033,0.008887662240679491,0.007474770728696755,0.014922259707972322,0.0028971129300822307
672391,2025,"Ort, Kaleb",R,788,49,4,1.6773098849824137,1.5810984960671417,1.5728435482335557,0.08898268560388552,0.01464838552187117,0.00722870331138636,0.01129289815479309,0.010932603181287153,0.00614236867195335,0.007509204925752133,0.013796001104898233
672442,2026,"Cruz, Yovanny",R,256,17,4,1.8053824092560968,1.7057662146547234,1.678071835337723,0.061281113139881334,0.016686112828931374,0.038335081461492004,0.023874582179101215,0.038116995188989956,0.01153298494836484,0.035732693319756044,0.040950106821844384
672456,2024,"Montero, Keider",R,1539,19,5,2.0500195780856973,1.8206658652908738,1.8060643592401604,0.17300905652911056,0.02182534377132013,0.05634465626571288,0.010588785976230163,0.019974860277375866,0.006915391906672135,0.02197740375226301,0.017426168582064964
672456,2025,"Montero, Keider",R,1473,20,6,2.268481842839113,1.9687332107622058,1.9682216071410363,0.26106524840984385,0.02885617972665295,0.0386833836670632,0.010845465946863236,0.0006964807153259114,0.007331667932955833,-0.00047779291636278263,0.0017204148163139795
672456,2026,"Montero, Keider",R,2304,32,5,2.2616136993633,2.091826279554684,2.0798090128792666,0.12835913579746397,0.017027565233458237,0.041428284011152075,0.007453923577148657,0.016490638725527793,0.005939105467098614,0.015625040933923872,0.017313006894554506
672578,2024,"Hernández, Carlos",R,560,27,5,1.8418016196134508,1.6893464406628063,1.6884527027292335,0.1219431302705688,0.023443551854275293,0.0305120486800755,0.014257647614634935,0.0011612372222759805,0.003781049615145926,0.00868884834620895,-0.006331523850157298
672578,2025,"Hernández, Carlos",R,759,41,5,1.8103490772496473,1.6822720394593496,1.6714790338181091,0.09900765865862661,0.026573923916711255,0.029069379131671173,0.013034376636469537,0.014733617413132146,0.008121843381899639,0.020492340414471722,0.008409887626755475
672582,2024,"Zerpa, Angel",L,951,60,5,1.8610460932859878,1.6810554247006828,1.6688077192180055,0.13526258443520478,0.021856465694055593,0.04472808415010037,0.012125144620265179,0.016381952059108532,0.006569896000981403,0.012827673553511802,0.018931760552254016
672582,2025,"Zerpa, Angel",L,1099,69,4,1.6972879456443246,1.5618252906546324,1.561091861874779,0.10131697860502906,0.014786468707437139,0.03414567638466286,0.008570972066770374,0.0009793903147741385,0.00438458036083352,-3.7443929878490825e-06,0.0019649170777861534
672629,2026,"Carrillo, Gerardo",R,316,13,5,2.2596700355875954,1.9747842754048495,1.9543763881904102,0.10369310967504566,0.018544215162007886,0.18119265050770028,0.024404273552397045,0.02732581508374059,0.005909181454984436,0.025359456321457117,0.029656314357558045
672710,2024,"Contreras, Roansy",R,1074,49,6,2.3396389147987087,2.1623119115929383,2.1167866273205647,0.16103685810247034,0.03413703583851904,0.016290145103299417,0.019409453106131354,0.06252449527945039,0.011432752734790155,0.055557746572026404,0.06938515136696438
672782,2025,"Gómez, Yoendrys",R,1099,21,7,2.488958965502535,2.2300710449090806,2.228746941795934,0.22000988678943448,0.030869383109485695,0.038878033804019774,0.01988554394475329,0.001770303310642536,0.008210010712154051,0.008228250161677102,-0.005076091471281323
672782,2026,"Gómez, Yoendrys",R,1123,64,5,1.9891172121239475,1.8391923525015075,1.8234674966263666,0.0940149825430728,0.015282190359793741,0.055909877079367086,0.01429667597970412,0.021097984644902354,0.006860718374978452,0.02025370812007637,0.021885716090698417
672841,2025,"Vargas, Carlos",R,1095,70,5,1.5793988623076503,1.5223229828021723,1.5016423886332948,-0.00013140621136467656,0.005235351842637179,0.05720728571684299,0.016001193243521627,0.029562990358904265,0.008672424466852487,0.018481781690062808,0.03888612265240067
672841,2026,"Vargas, Carlos",R,282,16,3,1.5194938684748527,1.4041337834198324,1.4012501866507818,0.014636224999148,0.016946214451479785,0.10072386005587225,0.020152587677901828,0.004045643228220113,0.006705873959950877,0.003549528626744863,0.004780627822998261
672860,2024,"Berroa, Prelander",R,348,17,3,1.0303202424697635,1.0045663891488894,0.9938797592629354,-0.002362861774455348,0.010824786023493797,0.028116715095329446,0.012615651706722832,0.013981004512451038,0.00643311029711803,0.009431099447535281,0.01881307423255537
673380,2024,"Núñez, Dedniel",R,521,25,4,1.209079448093989,1.158019251163758,1.1592649423768009,0.01922131619718114,0.017824965915166212,0.031838880733049905,0.011621852905623006,-0.0016857275895979463,0.00447259960299765,-0.007612277517099137,0.0050639542722784115
673513,2024,"Matsui, Yuki",L,1049,64,6,1.873579302372687,1.7316802089181715,1.7326852281012937,0.045997381089138305,0.013005988085767362,0.09590171236537752,0.017368838668850847,-0.0013277898275760086,0.005742727717378322,0.00011802264276229344,-0.0028179750591523166
673513,2025,"Matsui, Yuki",L,1063,61,6,1.947682159718435,1.7994417368718274,1.789568949982265,0.07287195196337352,0.014286399193840699,0.07536847088323395,0.014911371559354332,0.013234265401771837,0.006566414164037763,0.02195120285636892,0.0038555709152812622
673513,2026,"Matsui, Yuki",L,1086,54,5,1.8598370748866517,1.5755972837953194,1.5699445705869812,0.1553663897355718,0.01794821026107731,0.12887340135576061,0.016132992845295586,0.007432017608057142,0.006179754970328552,0.008471191840101037,0.006325297050930394
673540,2025,"Senga, Kodai",R,1900,22,7,2.339007856651785,2.1591588416513314,2.151355165884965,0.01642694169020791,0.00789827894308031,0.16342207331024608,0.020414225473472,0.010471033867299884,0.009440280281259882,0.011973114928904736,0.009027205256837614
673540,2026,"Senga, Kodai",R,1129,31,7,2.157624154081903,2.025565401913673,2.0031031854633534,0.015406705228291738,0.010996618626500223,0.11665204693993846,0.016120691246847847,0.030011647777999882,0.014817719489886881,0.01179359035750495,0.04686023846756923
673929,2024,"Leasure, Jordan",R,560,33,3,1.3308054650359356,1.2253746020102108,1.2167676995572643,0.10361687003015058,0.026038706985950337,0.0018139929955743055,0.01274181236443443,0.011558430152638076,0.0047456353784878155,0.01031667238842102,0.013745897472384671
673929,2025,"Leasure, Jordan",R,1130,68,4,1.2369170569077887,1.1723877642319642,1.1730778090236162,0.053503528209032966,0.009931419581810564,0.011025764466791642,0.009248387541243207,-0.0009056336986839308,0.003150579859868376,-0.0050418688109768245,0.002854580039764153
673929,2026,"Leasure, Jordan",R,313,18,4,1.3571168339208857,1.2880016463777615,1.2877252517121094,0.07522391933073447,0.020195981616974442,-0.006108731787610201,0.010724405118038129,0.0003665742811401746,0.00614211996810496,0.0006395945104312483,9.814262713130387e-05
674003,2024,"Bradford, Cody",L,1175,14,5,1.6964058576606078,1.6278981896092437,1.5937089104698339,0.05608956697344608,0.01497104650933615,0.01241810107791796,0.011656406673955337,0.04638845610716682,0.01268513873846645,0.04802429327823222,0.044706646931293954
674003,2026,"Bradford, Cody",L,719,10,5,1.703545789288964,1.5924954982475708,1.589731559563994,0.0809213010301839,0.037135727105722605,0.030128990011209004,0.020992323730534352,0.0037780834857253326,0.00403621729593344,0.005314709879819047,0.002029077833911346
674072,2024,"Henry, Tommy",L,706,9,5,2.2095914616776637,1.9875326741691177,1.9810780423968684,0.14167602827877404,0.023281548074764364,0.08038275922977216,0.015752393011010352,0.008729827645992741,0.010536041659901532,0.011646736387347348,0.005249146626897335
674285,2024,"Salazar, Eduardo",R,494,26,5,1.3771050639797784,1.2873508646725524,1.2871991221885137,0.022379518363435897,0.02855592778734803,0.06737468094378998,0.01964763550400709,0.00020822440865334702,0.007330002350808184,-0.0018724620999914056,0.001835692073830927
674285,2025,"Salazar, Eduardo",R,545,30,4,1.630759255795818,1.431384903153198,1.4144238140994305,0.1252446706427303,0.02276528985472799,0.07412968199988933,0.01606032484510359,0.023461404909399325,0.008874347886408094,0.02855054873636923,0.017026855243115525
674370,2024,"Bido, Osvaldo",R,1055,16,5,2.1512319162368594,1.8597325405521503,1.8509779308193772,0.21094180639443447,0.017109490293834864,0.08055756929027486,0.021437686590005906,0.011603157371953872,0.008866671652543715,0.012484958840572094,0.01078951447095831
674370,2025,"Bido, Osvaldo",R,1378,26,5,2.0906343224872446,1.9843770703707921,1.955143724372351,0.07510668874611522,0.021768958317184325,0.03115056337033704,0.009182849633437427,0.039649164159303064,0.006440105151914056,0.04552019346229132,0.033731723557476966
674370,2026,"Bido, Osvaldo",R,317,11,5,2.296004328271169,1.8982983528276778,1.8871955245350924,0.37595403292251134,0.03389621768847218,0.02175194252098018,0.02197727342122085,0.014913544782836468,0.004885016447077723,0.018178562814246322,0.0087816816506765
674444,2025,"Cruz, Steven",R,642,47,3,1.5073837628274196,1.4045447887212839,1.3811182844555272,0.01864338618726876,0.011070039206160558,0.08419558791886662,0.01359116256864718,0.033200476244185186,0.005866796339878531,0.02496067191315958,0.04362382872293259
674444,2026,"Cruz, Steven",R,930,56,4,1.4370459157008755,1.366060675953941,1.3562453214836674,-0.0013086609671892162,0.016309805146702456,0.07229390071412359,0.01593842916870119,0.013306530112761466,0.005569231217185675,0.012922849081670794,0.013619159101057569
674841,2025,"Alvarez, Andrew",L,417,5,5,2.0278067432851197,1.8875726021050039,1.878639252413378,0.054718949711537145,0.020650619840591862,0.08551519146857858,0.025137032932148234,0.011677764330432695,0.005787620912338927,0.017043670153616658,0.003876562787496008
674841,2026,"Alvarez, Andrew",L,1857,25,5,2.1459244553801127,1.9499679700801495,1.9360355592307408,0.08044356644913657,0.015161779460397507,0.11551291885082686,0.011879638295933963,0.0187210469951897,0.005330167221273665,0.010963367043388942,0.027741322745092622
675512,2025,"Melton, Troy",R,656,16,6,2.253443895702522,2.0247156878335613,2.030872608576129,0.1966122475119997,0.02732487403889312,0.03211596035696102,0.02096917392209636,-0.008503031593946234,0.005897702888228334,-0.019246387864447986,0.0027497079480017263
675512,2026,"Melton, Troy",R,1773,20,6,2.4116947199812904,2.295335230828017,2.3017386614740545,0.05965197511151227,0.018788022081445872,0.05670751404176099,0.006989151238926126,-0.008719879059465838,0.005869432474418714,-0.013800804350904663,-0.003623320151745666
675540,2024,"Curry, Xzavion",R,639,16,6,1.614554105940347,1.594288853204385,1.6000295290531688,0.03512170309915467,0.016027057386071034,-0.014856450363193021,0.010668274680447527,-0.007855014705295212,0.0047441254133332705,-0.00754483662414589,-0.00815862121692866
675540,2026,"Curry, Xzavion",R,348,9,5,2.134419891989986,2.0919801478508964,2.0819312065959665,0.04181907085411806,0.035470024873198405,0.0006206732849718591,0.015197118291308272,0.013822259117452402,0.0037897889037106615,0.018387886090472295,0.006479601305172989
675627,2024,"Grove, Michael",R,827,39,5,1.7441965367035714,1.5045798362165306,1.5007818969656102,0.18148970537529502,0.0282909575761691,0.05812699511174601,0.017961314649425165,0.00514900944346076,0.007904671256063176,-0.0030428721229628307,0.013340891009884347
675650,2024,"Mercado, Michael",R,260,5,5,1.8182754426383918,1.7356350403377432,1.7374376554577717,0.04806152316857209,0.0145255330834777,0.03457887913207666,0.01728792909971606,-0.002391224138813541,0.006433208448800739,0.004113456323222775,-0.006783273339675668
675660,2026,"Drohan, Shane",L,2001,33,6,2.4374929456318166,2.240483196330734,2.2272454619656514,0.11812661542276584,0.01640495585912815,0.0788831338783168,0.016588335441402195,0.017995045152534455,0.0072111912391255376,0.03060915163724336,0.006742873044066614
675848,2025,"Mejia, Juan",R,1074,55,3,0.9299813873597343,0.8655189102269363,0.8656735674704331,0.039134876051343824,0.010423687407238123,0.02532760108145418,0.007475590088748446,-0.00020405636304125877,0.003522047470188026,-0.0012338452128414653,0.0006414302317611464
675848,2026,"Mejia, Juan",R,1303,65,5,1.4520115320079339,1.4069833302342045,1.4060092691120012,0.026983949855713608,0.010297793604708352,0.018044251918016046,0.010330991335917255,0.0012937835292874704,0.0047895935671957955,0.0029733440173935837,-0.00036874287678916425
675911,2025,"Strider, Spencer",R,2110,23,4,1.5459745075509754,1.4463012222461922,1.408165811300713,0.050155121651728925,0.008652349672123118,0.04951816365305411,0.006448910165387601,0.051350170449879766,0.008249328045500841,0.05321219805676148,0.04932180171011661
675911,2026,"Strider, Spencer",R,691,8,4,1.7837422634402023,1.6820238387699693,1.6621453649066114,0.09783736923287857,0.01580178753724431,0.003881055437354263,0.006584540310471975,0.026163857980153277,0.006899982379236482,0.012948383107810579,0.03932908389860874
675921,2024,"Howard, Spencer",R,537,9,4,1.7191664353829768,1.6888812779438502,1.6808997931785274,0.019609182406897182,0.023035795060164944,0.010675975032229317,0.013184449067443451,0.010905998267120178,0.0032597284397042374,0.010231203624223447,0.011531175656862737
675989,2024,"Bolton, Cody",R,312,17,5,2.1209780517328487,1.996315565779438,1.9935234638823056,0.11417715856052275,0.04006191590543645,0.010485327392887513,0.016445065886176915,0.0038207710171292097,0.008364229831422857,-0.005328644125298701,0.012654689085680295
675989,2026,"Bolton, Cody",R,391,8,6,2.5438244703557533,2.432473048558869,2.42839957045284,0.10803223958665534,0.02688707108943873,0.003319182210229005,0.013552102841417559,0.005399084540533286,0.003742249660184262,-0.0015384692990142647,0.013509901161769025
676083,2025,"Junk, Janson",R,1622,21,5,2.1142883607213143,1.9520105602848652,1.9525574909607,0.15666779911963538,0.02138856558181253,0.0056100013168135674,0.00867004228055852,-0.0007556401671240031,0.004233728504372017,0.004944342407422179,-0.006775061344797117
676083,2026,"Junk, Janson",R,1981,26,6,2.3425127764992038,2.2533224650388615,2.2436221562682723,0.07308680157307317,0.012740841790513104,0.01610350988726901,0.00903051552342919,0.01318895790977131,0.005819552325453874,0.014272829769991693,0.011974137920878009
676092,2024,"Snider, Collin",R,676,42,4,1.7012157572551225,1.5889382238316152,1.5828381513039276,0.10820131181225623,0.02553499969903734,0.0040762216112512,0.010210132394753359,0.008117419347867392,0.007160964770965377,0.00603325992855051,0.01039026809732819
676092,2025,"Snider, Collin",R,477,24,4,1.8912309781809624,1.9208494044451305,1.9059166643487615,-0.011978216227795357,0.00656129702737531,-0.01764021003637264,0.012903926761066373,0.019840994501303826,0.0057646423563013985,0.03340773152057134,0.0070809283318305945
676105,2024,"Criswell, Jeff",R,354,13,4,1.5562851482130327,1.3629220527053094,1.3537550251559605,0.15145559036646156,0.03343592449687634,0.04190750514126172,0.010735407095913738,0.012199728392742606,0.004599837384363812,0.01612074056549303,0.008219306944647481
676106,2024,"Hancock, Emerson",R,1014,12,6,2.15051251141464,2.11479615098214,2.107790564615818,0.026385670940931288,0.01659408834326833,0.00933068949156854,0.014238985769640378,0.009496877774665933,0.006726748771567205,0.011181725087266623,0.007908307451356716
676106,2025,"Hancock, Emerson",R,1423,22,6,2.054036800606481,1.876378131176706,1.8727564905363552,0.08793138536681462,0.024232553139134545,0.08972728406296027,0.01770639307397406,0.004974512192297023,0.007610304571660495,-0.0031813047656679846,0.012943554716110158
676106,2026,"Hancock, Emerson",R,2171,25,6,2.23254048704055,1.957216144007997,1.942473660964453,0.11380124595770261,0.024031071408770102,0.16152309707485052,0.011565094640036697,0.01996626992360171,0.007369013596198474,0.01584933675887497,0.024803806043891208
676130,2024,"Buttó, José",R,1222,30,5,2.2315948585567305,2.0801330683663837,2.0656528176222415,0.01883761269354123,0.012077979897133044,0.13262417749680533,0.014563823405417458,0.019108927007928374,0.008242737517363324,0.022201047301259495,0.015526680421015638
676130,2025,"Buttó, José",R,1095,55,5,2.172447645941174,1.947001040566713,1.9268813575559993,0.0955310378255352,0.01721082541874138,0.12991556754892591,0.018563783109659716,0.02709846604764063,0.0069281396526771595,0.0300993752517843,0.024060416878099143
676254,2024,"Walker, Ryan",R,1220,76,3,1.042120364824111,1.0212734101433947,1.0180869074541767,0.002750776930790696,0.00378816223056379,0.018096177749925862,0.007404572796148963,0.004267325225955678,0.0036570773380917095,0.0062058328644305875,0.0027566522811285485
676254,2025,"Walker, Ryan",R,1018,68,4,1.0144954697498627,1.0045426507631032,1.010133731628119,-0.0018226390041726972,0.004804383502037888,0.01177545799093207,0.0073052604046375084,-0.0075587255253467284,0.00452108284064299,-0.00908664916511857,-0.006144126145302208
676254,2026,"Walker, Ryan",R,609,33,3,1.12670519135912,1.0838730052132155,1.0770583282258748,0.024991050157255956,0.011111020854484377,0.017841135988648567,0.011198112160202932,0.009121183044594522,0.005394670416713156,0.012416887938409102,0.004267182902074139
676263,2025,"Dreyer, Jack",L,1146,67,3,1.3454880142013232,1.3102258978721564,1.3004549187929306,0.006427648479357644,0.004278420507972082,0.028834467849809097,0.008252429995303833,0.01329874349737829,0.004701086909270468,0.01487113842417567,0.011784992670414845
676263,2026,"Dreyer, Jack",L,1037,67,3,1.4726525476130763,1.4335598021276563,1.4274944006931358,0.03012537522096219,0.008568525101326305,0.008967370264457701,0.008434140163327452,0.008105439803605249,0.00429879031532123,0.008733665376650908,0.007493199614097647
676272,2024,"Miller, Bobby",R,1053,13,5,2.198842263252864,2.0181165956260756,2.0047493404054357,0.12698693178372863,0.037109083720675194,0.0537387358430595,0.016169762103861812,0.01772760673467793,0.005882824951381566,0.014527864496416429,0.02135742185442619
676282,2024,"Cantillo, Joey",L,711,9,4,1.7473376651058312,1.6766001630155134,1.668854756783269,0.05653457507495975,0.01650997500783177,0.014202927015358125,0.009404359069038389,0.010049240567747801,0.00439543748022818,0.0059112309404966475,0.013981086014281816
676282,2025,"Cantillo, Joey",L,1637,34,4,1.8147891478841065,1.7226360243864478,1.689895148165304,0.053856629939892556,0.01488306263365924,0.03829649355776559,0.008629503777003476,0.04339823026235863,0.005442298823628708,0.04537877652698558,0.04136239781300481
676282,2026,"Cantillo, Joey",L,2747,33,5,2.0429775523782836,1.9077216662974443,1.8856491651643048,0.047797453524706074,0.009112757901960906,0.08745843255613289,0.012469396346817064,0.02946217716848107,0.004940114389030949,0.031184430178567802,0.027625798958930758
676395,2024,"Garcia, Robert",L,946,72,4,1.4524141337700969,1.1171785911236911,1.1119185361347905,0.3160297434468706,0.02317804209294278,0.01920579919953487,0.008657691894081927,0.007159729524460632,0.007689302425589312,0.0012469120777090846,0.013192865930884454
676395,2025,"Garcia, Robert",L,972,71,3,1.5499936562905883,1.4259404984770823,1.4191019107067513,0.09823214833960468,0.017203584811718364,0.025821009473901632,0.008720258771629083,0.009455344683871516,0.00558136162068827,0.008398876399008723,0.010705389455712274
676395,2026,"Garcia, Robert",L,287,20,3,1.538829695290579,1.421594289640393,1.4152211408256214,0.04393996103044526,0.017998000651256636,0.0732954446197407,0.014069261578126843,0.008468026434441958,0.0050361678877550746,0.013716652490700771,0.0029194788892540715
676428,2024,"Hurter, Brant",L,645,10,4,1.6683156212172972,1.4681299535247854,1.463313553927679,0.12795044003462955,0.016419174374236633,0.07223522765788218,0.013957096885866192,0.006609739872624479,0.0038525915143136033,0.0006770133306883636,0.011875332506230424
676428,2025,"Hurter, Brant",L,1052,43,4,1.5883429353036242,1.3832436808750241,1.3770268946128397,0.09709901051342212,0.012880252704088655,0.10800024391517772,0.015153902614381336,0.00842791127296186,0.0045154518193912165,0.010988014398303065,0.006130703823083566
676428,2026,"Hurter, Brant",L,507,29,4,1.554926530777911,1.3621350787666173,1.3598505424224265,0.13934634313575064,0.019829196809366418,0.05344510887554316,0.00823179221825518,0.003173314867136086,0.005539744747514421,0.004899238520447723,0.0020487311292316673
676440,2024,"Bibee, Tanner",R,2851,31,6,2.010809567977212,1.9849483794973406,1.975163346276518,0.016481398892868336,0.008471100789694182,0.009379789587003327,0.005878264355242065,0.01306657129394177,0.0042627479128306365,0.012782737126995852,0.013351738015662076
676440,2025,"Bibee, Tanner",R,2969,31,6,2.4624853927914145,2.2741547262865036,2.2465343060531806,0.13437431554457033,0.018310865993399487,0.053956350960340294,0.010793232814750253,0.03715678643984416,0.008085186604216681,0.04157786939882252,0.032424651677935776
676440,2026,"Bibee, Tanner",R,2968,33,6,2.4539654569416998,2.3592566543759297,2.3583609983332745,0.06270821973165003,0.014324006074948934,0.032000582834120286,0.009129986012485962,0.001216059988380587,0.005140375350238606,-0.0053604588614677325,0.008543090660552026
676467,2025,"Gordon, Colton",L,1451,20,6,2.1893200610850876,2.018855567766647,1.9924912714009566,0.10103133587424208,0.0326842495877521,0.06943315744419912,0.021539054172093113,0.035651998160872785,0.010002320626031699,0.040389284922275566,0.0316853316774379
676467,2026,"Gordon, Colton",L,272,5,6,2.4553027684407596,2.0430052879042466,2.024425764459017,0.34082587082560134,0.044281061029548006,0.07147160971091168,0.018396727982286372,0.025017972163873456,0.012367688304276854,0.020484732184808185,0.030438150399712365
676477,2024,"Whitlock, Garrett",R,321,4,5,2.3500401604230112,1.8476727543081608,1.844836980529305,0.4320300987781032,0.06362538396078617,0.07033730733674694,0.006479472132062084,0.0037003389553364224,0.008312832010478615,-0.008430428929174295,0.016646620647209204
676477,2025,"Whitlock, Garrett",R,1180,62,4,1.584829194815744,1.4507380799108454,1.452484034642184,0.0495213468701742,0.012264747840971568,0.08456976803472457,0.01339457300683501,-0.0023174652226990904,0.0042434783337387295,-0.007356181355771709,0.002709927952771115
676477,2026,"Whitlock, Garrett",R,743,54,3,1.4288834498357594,1.2433052623098853,1.2425591240312415,0.1455427703203365,0.02454067458178592,0.040035417205538104,0.011003734822250795,0.0010172123688662537,0.004703933781300858,0.000320782984995691,0.001780606116570526
676508,2025,"Casparius, Ben",R,1262,46,5,2.0217967515246222,1.8140830178616731,1.8180171906661822,0.14475518755686725,0.03926734340233727,0.06295854610608165,0.012940110112247782,-0.005344376834542355,0.005859025325601575,-0.015045642916340866,0.004294434744583632
676534,2024,"Faucher, Calvin",R,987,53,4,1.8147372482771695,1.7096901702793426,1.6956188772060052,0.051479134407249036,0.016122369715687552,0.053567943590577656,0.012950825565645058,0.018444045502502244,0.00557108336448654,0.015502690193864648,0.020852546588560564
676534,2025,"Faucher, Calvin",R,1054,65,7,2.2693457555696286,1.997824138891823,1.9820764573793335,0.18465649353048616,0.033891091833159005,0.08686512314731895,0.014874303237328173,0.020825666642614673,0.008209201747665327,0.016944487045229474,0.025193287416205485
676534,2026,"Faucher, Calvin",R,1166,69,6,2.3243851126193196,2.2029757466396735,2.195967784597481,0.06127809566666539,0.01350668655453732,0.06013127031298089,0.015492412411284868,0.009360004285448243,0.005095490600636729,0.015881301992437313,0.0028833730011097753
676571,2025,"Poulin, PJ",L,419,28,4,1.8324710471079937,1.47935281952809,1.4725734219541526,0.34557914347275853,0.03547653555115315,0.007539084107145298,0.009833974148787766,0.009192775351067536,0.006229322544590086,0.014961327957590479,0.0047171741908342175
676571,2026,"Poulin, PJ",L,635,35,4,1.9199174645446409,1.7285861937407976,1.7196863185048645,0.1558947422712153,0.034197227340460955,0.03543652853262807,0.011371984961218147,0.01170066413005726,0.00643140769838272,0.012874904263952113,0.010186951729965312
676596,2024,"Fleming, Josh",L,532,25,4,1.8320782912923526,1.692989384120199,1.691963994031372,0.0677122680032707,0.022017452750654216,0.0713766391688827,0.010499508902862643,0.0013880598657911788,0.009419001818679095,0.01930734398057274,-0.017757280530528066
676604,2026,"Zuber, Tyler",R,694,44,5,2.0978446703382576,2.065547939655781,2.0663128548076823,0.036884451161714786,0.013582453055942221,-0.004587720479238257,0.011166438525511732,-0.0010228345191129215,0.00550172468044636,0.00869959080417058,-0.011812355304708026
676614,2024,"Sammons, Bryan",L,374,6,5,2.11459591298736,1.9531229559323082,1.9523703032920503,0.11664298971812394,0.032227929418788354,0.04482996733692828,0.01981789796320149,0.0010464389868267553,0.005113265263730022,-0.00330500536569462,0.00840037994258788
676617,2025,"O'Brien, Riley",R,758,42,4,1.5277589566123013,1.4300302526915067,1.4265734895072035,0.023299777800576033,0.011929337128607165,0.07442892612021838,0.014086354321872545,0.004678975881610596,0.0036820643379868187,0.001635803223854422,0.007594462973307071
676617,2026,"O'Brien, Riley",R,1063,66,4,1.3462511600107299,1.2817745961235758,1.2807954410215403,0.019994140900840042,0.009991000300736016,0.044482422986314066,0.013013388372154168,0.0013225436765738393,0.0043919099006509196,0.006776564757181072,-0.0032756942368186727
676620,2026,"Weiman, Blake",L,284,18,5,1.9327787234996667,1.7785685675683622,1.7700975949861986,0.07495271020383062,0.020418095915601446,0.07925744572747362,0.02014773770775066,0.011566135641031148,0.005101311770618629,0.01981488552493455,0.004764534859566936
676661,2025,"Lazar, Max",R,646,36,4,1.5675650654979845,1.4467319657841233,1.451012409520926,0.10046779753083897,0.02304686412550669,0.0203653021830224,0.012141205894220835,-0.0058091736428038405,0.0038249209335685565,-0.0064314922853648095,-0.005202348410431116
676664,2024,"Sears, JP",L,2856,32,6,2.185929416735937,1.9516178836015672,1.9427651512889437,0.11172205099170383,0.009994866927876758,0.12258948214266621,0.011936034405983295,0.012056940145375136,0.008456596003461127,0.012505903800805093,0.01157925342143834
676664,2025,"Sears, JP",L,2366,27,7,2.25099767411321,2.1348566874712396,2.118319935031997,0.015191883449199589,0.04647238806428765,0.10094910319277048,0.03172940818264295,0.021980874309689924,0.014433071147115964,0.002970900253541827,0.042780022394651965
676664,2026,"Sears, JP",L,529,8,6,2.3733561950024518,2.187303417186913,2.181530904519522,0.10637100489280014,0.02653399603501113,0.07968177292273866,0.01484003317009808,0.00791103419961151,0.008880156572666472,0.006400551472515257,0.009518446299569558
676680,2024,"Cosgrove, Tom",L,323,18,3,1.505104937900124,1.4438895899843747,1.440800703534863,0.010569065573046483,0.005782025671864599,0.05064628234270287,0.016805227956867015,0.004039313049361533,0.004121516224033381,0.007311255138044081,0.0014122062628281018
676680,2026,"Cosgrove, Tom",L,268,18,3,1.1636431754351764,1.173697211880188,1.1712487060406636,0.0033625798718058793,0.009975296294650575,-0.01341661631681737,0.012861891478901901,0.0033824719844976554,0.00913867245147592,-0.007734557108813847,0.013204313222277723
676684,2024,"Vest, Will",R,1162,69,4,1.6565080793701017,1.4396271316085085,1.4378178977146279,0.1771232462238591,0.015750871067843654,0.03975770153773409,0.010333764968863766,0.00240541165296205,0.00410705654917558,0.005436854109547827,-0.00024872680688129274
676684,2025,"Vest, Will",R,1137,64,4,1.6894474876713357,1.423843836725765,1.4248170894180339,0.2229868897626111,0.016120281305282886,0.04261676118295952,0.011129623700383966,-0.0012972899309606914,0.0040089985129470014,-0.004578609177268117,0.0021335378661377193
676684,2026,"Vest, Will",R,484,27,4,1.826526854730514,1.5069869330205197,1.5013616050411058,0.2784165237854025,0.024420990626865813,0.04112339792459183,0.014659774818349205,0.0073985291903160885,0.004250844821884348,0.008787073921622058,0.005238570719395689
676702,2024,"Stratton, Hunter",R,587,36,4,1.6391022951490894,1.632718090988838,1.6246152115844454,0.00303343823229444,0.004988999864377124,0.0033507659279569794,0.009879340784047138,0.011139087143743162,0.005215874464205532,0.008026707926507838,0.014807248364056225
676702,2025,"Stratton, Hunter",R,343,15,5,1.7293493032782092,1.7805589774196517,1.7791650148851486,-0.04506729090362262,0.02396209589531924,-0.006142383237819438,0.014852365848418952,0.0018823982257265704,0.004571986298488548,0.005452734109980062,-0.003102599046627362
676710,2024,"Crawford, Kutter",R,2823,33,5,2.0873009662127724,1.8638944301884628,1.8657274002341533,0.11375028241405664,0.017230205662366122,0.10965625361025308,0.009315000011963434,-0.0025082280363477004,0.005085242426234928,0.00319313142759108,-0.008315581462923308
676714,2024,"Hughes, Brandon",L,350,15,3,1.593548256944041,1.5530101774004061,1.5539804454896193,0.01819902722993364,0.012081758865095252,0.022339052313701094,0.012493263171879227,-0.0013011257901327374,0.005361466613840381,-0.001878362703911939,-0.0006633721031347497
676742,2026,"Sanders, Cam",R,547,28,4,1.591177378919921,1.522753359242897,1.5040782940359398,0.05890824123563813,0.02597434282940411,0.009515778441386003,0.01169590722872137,0.024497027981308525,0.005922926868493953,0.02743080760353176,0.01992537139207722
676755,2025,"Mattson, Isaac",R,777,44,4,1.0269773909780628,0.9466461727794383,0.9489605094446393,0.08544804974606061,0.020845304428248775,-0.005116831547436226,0.01085576466856737,-0.003095076745027649,0.004385398592857978,-0.0005054566804132297,-0.005438470639563977
676755,2026,"Mattson, Isaac",R,728,38,4,1.3611259661966904,1.3154936240751225,1.3125294385911883,0.061060463508320714,0.02187980297539064,-0.015428121386752699,0.009168764024628984,0.003909288101999944,0.0048307471697691855,0.005691040945157093,0.0022279157007108028
676760,2024,"Marinaccio, Ron",R,395,16,4,1.4749298044653039,1.3933437592565279,1.3811048986304333,0.07484230138677582,0.02784986416769989,0.006743743821999965,0.008919420840203713,0.016332263335497706,0.004274269829385102,0.02165915700600987,0.012649096854743578
676760,2026,"Marinaccio, Ron",R,1042,41,4,1.8387066831949723,1.7111172075830399,1.7077226971647892,0.089379823856396,0.018145299833294506,0.03820965175553647,0.011346291156690778,0.004528911467115357,0.006503578058813279,0.00856281659775011,0.0006470379368814114
676775,2024,"Winn, Keaton",R,847,12,4,1.906199519774856,1.7553082516182368,1.7514370733825393,0.08727073883175568,0.020733767987169877,0.0636205293248636,0.016687266525018105,0.005314243056135743,0.006239962364242723,0.005920552440618022,0.004492716981741818
676775,2026,"Winn, Keaton",R,644,44,4,1.7901613076171663,1.6131954126168393,1.613082173736343,0.1254798213363816,0.024879197616886235,0.051486073663945385,0.013704187745038893,0.0001558244423924563,0.007954076412558887,-0.0015746426130150242,0.002174702673701182
676879,2024,"Ashby, Aaron",L,484,14,5,2.01786646420012,1.8978599645908958,1.8807825309240827,0.08950594184176403,0.020852353507536794,0.030500557767459996,0.016565803045879034,0.022645144917089407,0.010083382915511646,0.015720107181631367,0.030855668699249248
676879,2025,"Ashby, Aaron",L,1033,43,5,1.8006519076132719,1.576180763460595,1.5739105842581875,0.12430141745665224,0.018573977694773248,0.10016972669602435,0.01426494161367024,0.003077552645783501,0.005221236866845753,0.004101438013234695,0.002265671777945733
676879,2026,"Ashby, Aaron",L,1582,75,5,1.8121784510369512,1.5144207300498465,1.5081411461647873,0.20330957149473164,0.01724313551079913,0.09444814949237311,0.010590837758978884,0.00827858475513613,0.004837269499085532,0.006266547661036624,0.010263972351300544
676917,2025,"Cavalli, Cade",R,788,10,5,2.199913929965531,2.123161842787278,2.113490502373051,0.0402495124572928,0.01578305982778163,0.0365025747209607,0.016883140205389034,0.01339370166328744,0.007529016285851005,0.014464864631578938,0.012311183610526424
676917,2026,"Cavalli, Cade",R,2776,32,6,2.356234635521333,2.2526745417435867,2.240012249611021,0.07830856916000808,0.011684318534765594,0.02525152461773844,0.007641794924035245,0.016989136278396714,0.006779520441203997,0.01774385585723416,0.01620085703449239
676961,2025,"Boushley, Caleb",R,742,25,6,2.496089008160533,2.09966723838851,2.0728461403649794,0.30872644819820627,0.05487870122776881,0.08769532157381704,0.028243821074772253,0.03625000862196628,0.010585641958508375,0.05605180387234059,0.009394354977681797
676962,2024,"Brown, Ben",R,849,15,3,1.0587536336694745,0.9796206887543906,0.9787652757978298,0.026743701236213866,0.00977679541912092,0.05238924367887012,0.011191141082771597,0.001158286443572491,0.005023478882024044,0.007211841906365013,-0.005611061050293472
676962,2025,"Brown, Ben",R,1759,25,3,1.2070327544144637,1.1199788185915456,1.119432316096981,0.03659466534046117,0.007183105588636196,0.05045927048245672,0.00995654124943394,0.0007469292058581848,0.004041150549462506,-0.0007645928687946327,0.0022797403238159677
676962,2026,"Brown, Ben",R,1004,20,4,1.7845431833461431,1.510013758900974,1.5103878957639387,0.21746736994939886,0.026129199167451198,0.05706205449577005,0.01334814712120884,-0.0005082996081416504,0.004455948470228672,-0.0038447983249611014,0.0031401097535929336
676974,2024,"Meyer, Max",R,968,11,5,1.6330646857228914,1.577262770011039,1.5776887648032196,0.040438748024685424,0.01097636788875767,0.015363167687166923,0.013572390532319067,-0.0005735228912801319,0.00507645942278374,-0.005994783848402784,0.006072976610331539
676974,2025,"Meyer, Max",R,1039,12,5,2.214360426297787,1.9941918580617755,1.9854090796375095,0.15574028001289375,0.016653946908926034,0.06442828822311783,0.016114741088759387,0.012102528889671465,0.005206835384231867,0.010264458403148016,0.013873586389707078
676974,2026,"Meyer, Max",R,1789,20,5,2.190079034849403,2.0835449878281014,2.06032552569109,0.04018626274429351,0.011749654440972897,0.06634778427700799,0.009944438087607024,0.03137433365794096,0.00702700687098087,0.03052265027106309,0.03221578661374522
676979,2024,"Crochet, Garrett",L,2395,32,5,1.707626877448617,1.6408018316451778,1.6202532413825679,0.0271972065901436,0.00781693458118852,0.039627839213295435,0.007009267136481365,0.02735623884321873,0.005337373517621482,0.027825049322039403,0.026874214991263305
676979,2025,"Crochet, Garrett",L,3150,32,6,2.0941170281360035,1.8829254940845848,1.8804076970616717,0.04794387196486187,0.01090277434626413,0.16324766208655703,0.013387680390992803,0.003400969392013758,0.005338827927840486,-0.0017755272933731034,0.00870328370517044
676979,2026,"Crochet, Garrett",L,518,6,6,2.2227042014101883,2.034944144083525,2.0128282896333456,0.039468375661712074,0.015461012108571441,0.14829168166495205,0.01657711320116168,0.03014740159261246,0.007974722230713025,0.025422064895244737,0.03568279600952893
677020,2026,"Walker, Josh",L,505,31,4,1.8856860360961933,1.703882484964283,1.7119765267156763,0.15656280205597015,0.02956548179203185,0.025240749075939928,0.012119759502745344,-0.010728323056308295,0.0037385107957190926,-0.01409769474290612,-0.006677286577624202
677053,2024,"Nardi, Andrew",L,906,59,4,1.077216729505486,1.0655905721774124,1.0651732943936325,0.015504168056489716,0.008756340440227663,-0.003878010728416283,0.008421805635277028,0.0005439621181359754,0.002986966265097582,0.0007192715577467905,0.0003455290407850822
677053,2026,"Nardi, Andrew",L,378,25,5,1.9142983679571246,1.8620021353327088,1.8654943531109565,0.04422620356689833,0.017187208430397886,0.008070029057517024,0.010791969771546272,-0.0047313918285933855,0.0065213676705588915,-0.013002003998719551,0.004885599066902157
677161,2024,"Kelly, Zack",R,955,49,4,1.9945137303407685,1.7660420176006213,1.75944669516174,0.13834343899669077,0.017821498085091782,0.0901282737434563,0.020847245816737442,0.008796833699904189,0.006995149492745982,0.006774631017381291,0.010730634079365975
677161,2025,"Kelly, Zack",R,581,28,6,2.331355184800149,2.0132813603135338,2.0160003804995736,0.21918025341663347,0.028608456724909595,0.09889357106998184,0.025165345541057694,-0.003673838902533043,0.0067960460131503975,0.0019892046677099204,-0.007869535150931674
677161,2026,"Kelly, Zack",R,283,17,5,2.0355833701954547,1.7473691632501678,1.7485309213681586,0.14219536427433657,0.03688038757113293,0.14601884267095025,0.026029252267246897,-0.0015508374876953212,0.00542856194916329,0.0021886877222850303,-0.00495346853461438
677865,2026,"Bruihl, Justin",L,1314,73,5,1.6675505618228714,1.440570932001661,1.4357292734099611,0.0981145311182845,0.008992589518586136,0.12886509870292587,0.014307810878879676,0.006558700401539699,0.0049023815004708565,0.01714428243376234,-0.0018705593648598129
677944,2024,"Cecconi, Slade",R,1290,20,6,1.7002292856885144,1.471040154897474,1.4773004694481418,0.22408197610399627,0.033802356937593446,0.005107154687043786,0.01324778807718642,-0.008474087901743097,0.007116936611607494,-0.004575930282166655,-0.012035657614408323
677944,2025,"Cecconi, Slade",R,2063,23,7,2.211094810453956,2.065992521669822,2.0551262138840496,0.1180228950439026,0.020181705014009416,0.02707939374023103,0.012422694703135317,0.014757862384495689,0.007162737446082271,0.015756381901685393,0.013720474322341556
677944,2026,"Cecconi, Slade",R,2003,28,8,2.4905960534068665,2.4249278244942656,2.407566450039063,0.02907965016365511,0.017546354189475324,0.03658857874894642,0.01214711443165615,0.02357615798899615,0.010695612412642583,0.013170187250222253,0.034195950044320175
677952,2025,"Ashcraft, Braxton",R,1102,26,5,2.0977814428130626,1.9027145321919072,1.896336814188642,0.1501467336630192,0.01915409429372063,0.04492017695813589,0.008047692081638377,0.008676845974812344,0.004990486209012971,0.006847150165110275,0.010543044444059593
677952,2026,"Ashcraft, Braxton",R,2413,28,5,2.1398954209999106,2.023893817873983,2.0189800379339253,0.07994661316291514,0.010086239742765738,0.036054989963012665,0.006632895646659702,0.006794814323987911,0.004917218575033943,0.006545957687901594,0.007053264732259801
677955,2025,"Hill, Jaden",R,488,28,4,2.0076905670747993,1.6577069088431113,1.6523077986354717,0.26399336493789816,0.04173588082258552,0.08599029329378963,0.016561295458520184,0.007339180449381966,0.005043243838489736,0.01624855411924826,-0.002677275155793156
677955,2026,"Hill, Jaden",R,692,46,4,1.98613076013806,1.960896255079096,1.9602338420529433,-0.0017761059499664157,0.004700269209312009,0.02701061100893093,0.01114754843427369,0.0008935473959013682,0.005261380714221843,-0.009643027421933773,0.010831453189995878
677958,2025,"Rocker, Kumar",R,1127,14,6,2.464919546385047,2.3949814786696946,2.3437617358578664,0.041656611330662646,0.017470453218233813,0.028281456384690335,0.014694656343990996,0.068719821605869,0.015882072061200677,0.05566979041623184,0.08140224628312201
677958,2026,"Rocker, Kumar",R,2496,30,6,2.0847034785290917,1.9205825255264641,1.9208311181595104,0.06440507306713877,0.012131790523629593,0.09971587993548892,0.011799105341237508,-0.00033539849301809563,0.0060218924598064855,-0.0011447622384632985,0.0005024577055120837
677960,2024,"Weathers, Ryan",L,1413,16,5,1.9502995290228298,1.8173754970057465,1.8004584255392666,0.03763735128965111,0.013537960702858138,0.09528668072743238,0.01777599939955607,0.022874470796302292,0.008796160401100882,0.044135852931238846,0.0018960348114504413
677960,2025,"Weathers, Ryan",L,642,8,5,1.840800231423721,1.7697147453387974,1.7647125209425065,0.004350643161952289,0.011135242401719739,0.06673484292297137,0.014644885273022356,0.0067466976101235865,0.007035994754485967,0.008346729632864768,0.005275700427926052
677960,2026,"Weathers, Ryan",L,2280,25,5,2.292760489053161,2.1166254796187856,2.097746275570966,0.051521357357974,0.008839453734574605,0.12461365207640161,0.013354386206089959,0.02515756004034427,0.00649103749438131,0.03141964781928449,0.018093239623057224
677961,2026,"Wilcox, Cole",R,488,23,5,2.291008743259188,2.24605952289941,2.2156208544238116,0.023537011378332095,0.022855134732745183,0.021412208981446367,0.01424694657222144,0.040696082783813696,0.008640629873281984,0.03409076520964377,0.04719370496275259
677976,2026,"Dobnak, Randy",R,1264,15,5,2.0630464937757655,1.9152889106339672,1.915107804556005,0.05082953270342501,0.019851072485133025,0.09692805043837348,0.014934359909218022,0.0002437892252869249,0.0069560416181085084,-0.0028959469504190195,0.0036411090783789474
678020,2025,"Halvorsen, Seth",R,636,42,3,1.4567089723141013,1.338716803459405,1.3277668144191206,0.11370401392952237,0.017966924077668023,0.0042881549251740534,0.009523805749727592,0.01500903670176875,0.006308317159935936,0.031242591125948797,-0.00122451772241129
678020,2026,"Halvorsen, Seth",R,522,32,4,1.3997861901187214,1.3332023151238104,1.3331487579127645,0.01933204489337567,0.011409030281042032,0.0472518301015354,0.01190131506280554,7.299442340973488e-05,0.0042870768184017066,-0.0022164880016295927,0.0028816036773823997
678022,2025,"Perkins, Jack",R,637,12,5,1.8705125599271102,1.7705949775307703,1.7645858135978478,0.005799736408207732,0.05998498329940024,0.09411784598813215,0.020551262171428726,0.008041675263175466,0.002792348688514316,0.006580525738374496,0.009442695177902317
678022,2026,"Perkins, Jack",R,2066,37,6,2.288699851772107,2.138360723490863,2.1221043762701606,0.04428431374845363,0.007157976404839541,0.10605481453279021,0.008427478390432737,0.021908423586413095,0.007585755821515009,0.032887768722109995,0.009607912438536908
678024,2025,"Vasil, Mike",R,1646,47,6,2.336584514513116,2.0584140757268248,2.044972783380131,0.19175506422339328,0.021320715888866467,0.08641537456289812,0.014290970845379742,0.018031269113820653,0.005464729252131318,0.019490227402333478,0.01661218589107104
678061,2024,"Kerr, Ray",L,383,10,4,1.5393833317806607,1.5932540895918181,1.5898554167476615,-0.010874913408218289,0.033836718484193035,-0.0429958444029393,0.020983859322436505,0.004665561646279405,0.01292427853119308,0.027760539769018096,-0.0157766149353339
678226,2024,"Hernández, Daysbel",R,330,16,3,1.12531004112054,1.1382645533883253,1.1289521582676136,-0.01040158423854931,0.018117760450518883,-0.0025529280292360163,0.011487926522072454,0.011957550154999252,0.007257623363929055,0.028955361990656583,-0.004391490236549023
678226,2025,"Hernández, Daysbel",R,717,39,2,0.9948000322084154,1.002834163664041,0.9748307068950622,0.0007731732292647062,0.0010583410868754612,-0.008807304684890294,0.004267736525180455,0.036308279391243765,0.006593223466682198,0.04300931528935891,0.029182177783173557
678368,2024,"Bellozo, Valente",R,1094,13,6,2.2042643100653905,1.9950319926831988,1.9907958681513072,0.14908807264381682,0.018084656101186956,0.06014424473837464,0.01086546960399137,0.005800150485468945,0.004494435434032421,0.011107778536165848,0.00014965240565725712
678368,2025,"Bellozo, Valente",R,1322,32,6,2.1915643712864155,1.7738673491402477,1.7671157960852502,0.3201560593405835,0.01744431761761413,0.0975409628055845,0.009148909948457221,0.00917323035838312,0.006348266252688505,0.012368069732598264,0.0056540768360295
678394,2024,"Bello, Brayan",R,2710,30,5,1.7872417001358194,1.648416120313268,1.6534095142843506,0.05505978051352912,0.009674939916261463,0.08376579930902239,0.012586757865677123,-0.006745811396627182,0.0037400201199415074,-0.008492428898890868,-0.004920854271428121
678394,2025,"Bello, Brayan",R,2697,29,5,2.242100340253927,2.058225996450809,2.051835954693569,0.10936084594257633,0.018601675381224318,0.0745134978605421,0.011704424678973629,0.008647236637870748,0.004646047744848014,0.014369423767132933,0.001669736741944141
678394,2026,"Bello, Brayan",R,1906,26,6,2.2999902654906426,2.060674150793529,2.0613567048297825,0.13226928904697466,0.017434242811944542,0.10704682565013957,0.01606364741278627,-0.0009259416320996267,0.008544367970158886,-0.0003290181442225726,-0.0016212793159748897
678495,2024,"Rodríguez, Randy",R,879,35,4,1.5242392709648118,1.4415481332453277,1.439333198144266,0.06378654137055162,0.015526017100037747,0.018904596348932566,0.013598538734810326,0.0029678779784040976,0.005087889397579686,0.0020630355658295143,0.004495726642259543
678495,2025,"Rodríguez, Randy",R,808,50,2,0.9962681090451667,1.0014369309788564,0.9994188320553784,0.00030705611151933705,0.0008134363374223824,-0.005475878045209157,0.00447434532128766,0.002677543399294451,0.0026083130463939942,0.0037623723562636782,0.0014604182280606838
678606,2024,"Ferrer, José A.",L,476,31,4,1.646756060417017,1.354578405464684,1.3376574964484451,0.15553129705443952,0.030379687741883876,0.1366463578978937,0.018086345273443723,0.02321139104244864,0.007998902960205086,0.011739419618610004,0.03410331896732915
678606,2025,"Ferrer, José A.",L,1208,72,4,1.5033834356646074,1.245315060092389,1.2288939024246712,0.1265178277375473,0.016370347323672554,0.13155054783467118,0.013635128806612079,0.022439772016518974,0.005832473482217436,0.018891944695896112,0.026219700189892864
678606,2026,"Ferrer, José A.",L,1090,73,4,1.244089656856896,1.027721320698844,1.0274455867503205,0.07795553882260366,0.01830448610925483,0.1384127973354483,0.014660993011140771,0.0003780503193593123,0.006765796833459552,-0.0012241108850349217,0.002227699839879483
678692,2024,"Henriquez, Ronny",R,303,16,4,1.7515518289861154,1.7346717965234946,1.731651062467961,0.03776309047770844,0.020314950471491774,-0.02088305801508758,0.017631465198757513,0.004141549406455892,0.003311806416903277,0.004382427374681583,0.0038553577610392306
678692,2025,"Henriquez, Ronny",R,1158,69,5,2.0824948038410187,1.9231489350306863,1.9130865785062876,0.12190817407771135,0.016149079809343176,0.03743769473262084,0.009981822810579891,0.01361239352249288,0.0053271247434909805,0.010879841269908319,0.01705151601453202
678821,2025,"Peralta, Luis",L,436,22,3,1.0009907483224243,0.9261382916808626,0.92370015298544,0.029591824461060547,0.013399905201781751,0.0452606321805011,0.016763427094203448,0.0031827199736655194,0.0025315245143931607,0.005484865253793906,0.00018199267749817154
678906,2025,"Teng, Kai-Wei",R,573,8,5,2.1772066247001187,2.092426017444282,2.080050458696621,0.06443613305560901,0.02436140580596882,0.020344474200227253,0.01003172473349474,0.016339159360391386,0.004738913655081601,0.015397330620035735,0.01720597519222313
678906,2026,"Teng, Kai-Wei",R,1266,30,6,2.232547805982071,2.0440700361324113,2.026793268658076,0.11923945032256163,0.013160888612959935,0.069238319527098,0.014686608012389371,0.023417973899901995,0.006796757264412095,0.01243245489772533,0.034982948849446215
679156,2024,"Pennington, Walter",L,330,16,4,1.6977042830248759,1.5329638569948996,1.52835850108446,0.1494850653900851,0.04931868261215797,0.015255360639890875,0.014281653211880222,0.006177916465223634,0.007441470418787868,0.009216438610745389,0.003089582481250704
679358,2025,"Orze, Eric",R,681,33,3,1.5229677301542035,1.4255357379771065,1.424618361906588,0.0087997239636989,0.010945063419813862,0.08863226821339798,0.015224144866308251,0.0012420141233067613,0.0038624405284820806,0.0020392277831507897,0.00022475506413927013
679358,2026,"Orze, Eric",R,677,36,4,1.7391429853338722,1.6400194797327337,1.6353840865106253,0.03735394573116491,0.0132833816141559,0.061769559869973616,0.01542642515471169,0.006404410635443347,0.006594107826281965,0.012107243171351782,0.0015623830106154307
679525,2024,"Marsh, Alec",R,2161,26,6,2.355479451436859,2.1319899034877996,2.130341139182257,0.17313493102742605,0.021210643262441573,0.05035461692163365,0.007577125180166596,0.0022116571472855866,0.0053349901919243084,0.0040149868408607,0.00018736610785738826
679775,2025,"Backhus, Kyle",L,430,32,3,1.2738273890294063,1.189353635797423,1.1687899422576764,0.06687682488379633,0.023365452727643364,0.0175969283481871,0.00988590944101604,0.028071073720924173,0.006049475085345285,0.023569517222535842,0.03328177953070245
679775,2026,"Backhus, Kyle",L,354,21,3,1.3603273774116549,1.268661334756127,1.2703267175357966,0.06558192820302775,0.013238585506777565,0.02608411445250001,0.009362017894061101,-0.002267482707704055,0.002918795870206987,0.001795591762718138,-0.006330557178126248
679883,2026,"Avila, Luinder",R,1293,21,5,2.2521293409391,2.05438910056364,2.0479084863635886,0.14278632422164064,0.022332317572790365,0.054953916153819886,0.015502705947412232,0.00854172697315698,0.008648445400343924,0.00016454005773165016,0.01721437483788155
679885,2024,"Martinez, Justin",R,1177,64,4,1.8511597285288548,1.5993174003339599,1.570053248098351,0.06045146583077385,0.017364212507846512,0.19139086236412114,0.016766078594660193,0.03945464740127354,0.007862752248379049,0.044179514883586436,0.03315061297968495
679885,2025,"Martinez, Justin",R,269,17,4,1.9225420346798758,1.5952410901782055,1.5754244237413157,0.1460959024267835,0.05442683499866231,0.18120504207488736,0.01892773643533475,0.026389521146155347,0.008084793355149725,0.0330018780610026,0.02015864636101083
680570,2024,"Rodriguez, Grayson",R,1879,20,4,1.824989787723841,1.632306087010463,1.6194800020280309,0.11991436471072091,0.015991255882044506,0.07276933600265692,0.008137256023538838,0.01737578491852197,0.0065526137880858055,0.029032460616284457,0.005869410196805132
680570,2026,"Rodriguez, Grayson",R,1771,20,4,1.721369021386872,1.5794833079948494,1.5683322654201788,0.1213060748194947,0.02225639699224539,0.020579638572527887,0.008425886707499969,0.014882062094756125,0.007719286262456902,0.021263645030123884,0.008791832724920607
680573,2024,"Woods Richardson, Simeon",R,2295,28,4,1.834132962197911,1.7779424872188474,1.7791475845715934,0.03223484001835598,0.010249645222414139,0.023955634960707243,0.008350014914715735,-0.0016033034345225804,0.004369211598884025,-0.007285171771426102,0.004032637560165785
680573,2025,"Woods Richardson, Simeon",R,1878,23,5,1.959321248136896,1.891843701648353,1.884213824891737,0.03110653783897659,0.010694331438651946,0.03637100864956632,0.007864285106305078,0.01019125785841024,0.005340596762201856,0.01725027999518563,0.0020045271160670456
680573,2026,"Woods Richardson, Simeon",R,1161,20,5,1.8510505436727644,1.7564076685724985,1.755864595283204,0.056717896097913265,0.017222358705194382,0.03792497900235282,0.009772545338246834,0.0007365748701761771,0.005703985492465012,0.0008052244722220246,0.0006611949149885806
680604,2026,"Castaño, Blas",R,460,15,6,2.2089675683008467,2.131349088763608,2.133837577838919,0.026348814206719983,0.03241341229558742,0.05126966533051924,0.014132096964144334,-0.0032893821110438685,0.006693107988673225,-0.0002014469321923353,-0.00736545654712789
680684,2025,"Hoglund, Gunnar",R,547,6,5,2.2284801755972987,2.1473918827409015,2.139976034499177,0.0755866071607873,0.07563189324491414,0.005501685695609684,0.025989392667681993,0.0099423259515277,0.010376187821500245,0.028823349088937432,-0.00785978157803005
680689,2025,"Richardson, Lyon",R,674,34,5,1.880160102045763,1.6809765686233178,1.6661573772713572,0.12112834099457327,0.031679328060225304,0.0780551924278718,0.018179969491663363,0.01981772811750328,0.007277079680977401,0.034967082283852396,0.005935620307274611
680694,2024,"Bradish, Kyle",R,674,8,4,1.8950426017855302,1.8352249411276844,1.8292365229273149,0.037977556715778925,0.01945207023017571,0.021840103942066997,0.015962157734796277,0.007898618135125112,0.003715849390226073,0.009791807253699446,0.005639791633135133
680694,2025,"Bradish, Kyle",R,494,6,4,1.9343833830827235,1.846589067210894,1.8458467746566534,0.0719407660225316,0.01693781744915886,0.01585354984929793,0.007880485704454664,0.0009964470700949712,0.003657526254984148,-0.001773869493429894,0.003707186933328979
680694,2026,"Bradish, Kyle",R,2629,29,5,1.9912401153786399,1.7804858928585405,1.7734966720016339,0.14094055734510383,0.018596741860649746,0.06981366517499497,0.008584872129409832,0.009374827363677708,0.005640315830130819,0.005848589289476646,0.013264283093590469
680704,2024,"Sandlin, Nick",R,1003,68,4,1.8747751676702458,1.8132442016642987,1.8106183038902455,0.034440776161797367,0.014612827649220577,0.02709018984415022,0.010684838837947219,0.003474637819755887,0.005583906795545373,0.006258406477473185,0.0005861036749201929
680704,2025,"Sandlin, Nick",R,289,19,4,1.8062416330037783,1.6598722886374897,1.6519933860164795,0.08945503204207629,0.02601909973941384,0.05691431232421244,0.01902063188321097,0.010350012988509058,0.0052264300726580885,0.005695455316217332,0.015176961685700477
680723,2026,"Rom, Drew",L,300,18,4,1.6489891157649321,1.583972427263976,1.573844896070106,0.0473726419903637,0.02789806490215112,0.017644046510592582,0.037005035429418194,0.01393696953284881,0.005787471062598905,0.020085438596675637,0.007320045683206606
680730,2024,"Parker, Mitchell",L,2404,29,4,1.7828814591748194,1.5459646152048592,1.5019671247624353,0.17784019140133786,0.02569827944126267,0.05907665256862299,0.01226880295167226,0.060164941424110385,0.01146101774588928,0.06655018271658462,0.05318678486876355
680730,2025,"Parker, Mitchell",L,2705,33,4,1.6698964696529608,1.5121352865155364,1.489818638673036,0.10653793417573763,0.02157789604687209,0.051223248961687125,0.008341863941637755,0.030488147683819557,0.009635822244182815,0.03207845082635464,0.028907453623716706
680730,2026,"Parker, Mitchell",L,663,22,4,1.5023931887575563,1.4426209206381013,1.4342292503299665,0.038026795291556746,0.009860609265709395,0.021745472827898137,0.010841679053511126,0.01147149982328555,0.005976539090676255,0.0008546391094166538,0.022132231862418368
680732,2024,"Burke, Sean",R,309,4,4,1.8252646047546144,1.7485773925690384,1.7456904062430914,0.06865382810923565,0.019671789434041832,0.008033384076340478,0.033911942109413416,0.003828664269174693,0.003457260517767867,0.007575575001002334,0.0007550265594723311
680732,2025,"Burke, Sean",R,2376,28,5,1.9705336927183257,1.7829445260040837,1.760419146571922,0.14440647706769663,0.01857259899062022,0.04318268964654535,0.01053724313916229,0.03011834638762867,0.008400749567484846,0.022790716417051105,0.03784412503868849
680732,2026,"Burke, Sean",R,2878,32,6,2.2740028493886557,2.118828179179346,2.1011280536363723,0.07221375237420422,0.011901829484578685,0.08296091783510527,0.009668374954769349,0.02362753307638154,0.0050076154171762475,0.029052980073567512,0.018181917131250634
680735,2025,"Cox, Austin",L,427,13,6,2.0713658760603875,1.9354491942116057,1.91837238734393,0.07727417926745135,0.024810675462384437,0.0586425025813305,0.017676433242711957,0.022436297023069412,0.005729410698129342,0.020162949413725827,0.025366033730885446
680736,2024,"Wrobleski, Justin",L,592,8,6,1.9114720350601004,1.8562938598074825,1.8440237293914756,0.0402207179073059,0.02282166456144704,0.01495745734531198,0.014324119466803814,0.016660360564853958,0.008608182135081124,0.014712633828973193,0.01847019514244228
680736,2025,"Wrobleski, Justin",L,1092,24,6,2.3804388698915058,2.131477846711309,2.112464920219799,0.09155194313175477,0.01671752938389885,0.15740908004844217,0.024216886481133088,0.025537657722913908,0.009305326286982992,0.028359404980041348,0.021878951533587647
680736,2026,"Wrobleski, Justin",L,2137,28,8,2.012506676812922,1.8718565815811703,1.8656673955269565,0.07769062170363653,0.01315017796693604,0.06295947352811498,0.01157049664734739,0.008483829761292984,0.007876850373327204,0.00837201763792766,0.008610805446594155
680742,2025,"Bowlan, Jonathan",R,727,34,5,2.12914471492873,1.9146688825469003,1.9096203307247102,0.1611371954129582,0.025289187761691465,0.05333863696887161,0.015526302085787374,0.006734490228867068,0.007262096269904478,0.012350872796003878,8.41917064274242e-06
680742,2026,"Bowlan, Jonathan",R,966,59,6,2.062576682316618,1.738972130024357,1.7384531498524058,0.27964741368968804,0.024196249739963878,0.04395713860257281,0.012772447950131239,0.0006848836695421431,0.006792383216331574,-0.004223894419711529,0.006664667887360258
680744,2024,"Madden, Ty",R,403,6,6,2.2659442333501794,2.182384805827133,2.189136695252883,0.07137265715833482,0.03715159641944869,0.012186770364711604,0.009736005279445983,-0.009009971650917561,0.002111933566174854,-0.00865852910296135,-0.00941126420567607
680744,2026,"Madden, Ty",R,755,20,6,2.2906258643048028,2.1441920318926146,2.145519147722925,0.07547888010726853,0.020390905848748878,0.07095495230491952,0.01909940526393368,-0.0017734025697072606,0.004805473789302443,-0.004663187842339064,0.0009283487297053499
680755,2025,"Fisher, Braydon",R,833,52,4,1.7050152278749078,1.5368653343026535,1.535595731269723,0.14444106836596035,0.021434786308698196,0.023708825206293353,0.00892079584260095,0.0016760369674032871,0.006410845350643878,0.0006392906880915871,0.0026337629510357436
680755,2026,"Fisher, Braydon",R,1256,75,5,1.6387380677888375,1.5726450173928799,1.5798874486602201,0.06077530693143164,0.01271757395811781,0.00531774346452605,0.009758823679212266,-0.009595457459682955,0.00472327635463372,-0.004885002446820077,-0.014386090430211588
680767,2024,"Vodnik, Victor",R,1341,64,4,1.3263583004387038,1.181667960756366,1.1839997654960943,0.11337195511222514,0.01399421484802847,0.03131838457011268,0.008313108789072423,-0.0030626348246578705,0.004074352121155908,0.0015065823042207786,-0.0077865863981399835
680767,2025,"Vodnik, Victor",R,919,52,5,1.6351057896740306,1.441527402783447,1.447908639257325,0.18310455862323913,0.02611828870969026,0.010473828267344415,0.01304814257650231,-0.008330051590190122,0.008522888674359377,-0.009516422617713478,-0.007067140496374941
680767,2026,"Vodnik, Victor",R,1027,53,6,1.982582479443341,1.9478600599409472,1.9433339938250347,0.0018101083828607695,0.005617923525648266,0.032912311119533084,0.012463108185781772,0.006108107622919865,0.006595435036219616,-0.011541607425839429,0.02307548832701063
680802,2026,"Weiss, Ryan",R,530,9,5,2.0487655495942962,1.9851274410247894,1.9756131036379965,0.05711878520457728,0.0312926838752463,0.006519323364929954,0.012829262619287855,0.012638092268171133,0.0056159322388078395,0.014371945714515047,0.010254043779448253
680880,2024,"Holman, Grant",R,292,18,3,1.4197312176490138,1.271458821235053,1.2703254630316971,0.1255313873761936,0.023399891973677624,0.02274100903776752,0.015705517370097212,0.001504275433544547,0.004605554148765714,-0.006955636881431538,0.009370509691329328
680880,2025,"Holman, Grant",R,375,22,3,1.4409986116868676,1.3580237861610795,1.3558155702888457,0.05631839147570668,0.019733833606609304,0.026656434050081383,0.013309316364534012,0.003044415265028323,0.004619428431055465,0.0002736736891473811,0.005104710282991074
680885,2024,"Schwellenbach, Spencer",R,1887,21,6,2.479027762209613,2.259569156735823,2.208912748581529,0.12838497100453353,0.009797341858320109,0.09107363446925609,0.012422463462311427,0.06891755024308151,0.00785211243144239,0.06422024011936528,0.0741822724459622
680885,2025,"Schwellenbach, Spencer",R,1573,17,6,2.433171858873045,2.200934658519722,2.1661471477231493,0.12075038383206375,0.02742736301194416,0.11148681652125926,0.011494097945937231,0.04804280463828719,0.01212410472712148,0.03647275255968403,0.06115119697453234
680897,2024,"Nastrini, Nick",R,734,9,4,1.712292919501617,1.6642927940853138,1.6438448175670748,0.050067144322065285,0.026034168551774404,-0.002067018905762358,0.009182396485075956,0.02680145493640632,0.00928599134716478,0.02569918717868592,0.028168266955979616
680899,2026,"Tolman, Erik",L,289,15,3,1.4914038641134093,1.164753959707877,1.1510063469052867,0.2823778594849489,0.045345974794737856,0.04427204492058329,0.015900219055682067,0.017896667116886047,0.006996504559096857,0.021036211038426036,0.013924182971264019
680916,2026,"Aleman, Franco",R,427,21,3,1.173854907779116,1.1180450315877677,1.1183813826934386,0.05201313931372881,0.013639434327781181,0.0037967368776194222,0.006965206391873831,-0.000446030814041636,0.0026647209161184677,-0.0008089946575958627,3.182805912687878e-05
681006,2025,"Simpson, Josh",L,613,31,6,2.4635971560280585,2.141925603828219,2.123963426350952,0.2647239884927257,0.045186281590546204,0.0569475637071137,0.014322786030466777,0.02388463078864334,0.007078044853090631,0.029621563897488042,0.01598895480894471
681035,2024,"Scott, Christian",R,787,9,5,1.7708911595331063,1.6953936001621415,1.6974613086788888,0.07266695181031259,0.016948289256733487,0.00283060756065232,0.010922729244161185,-0.002758112885898747,0.0028104452905054404,-0.002859938077149549,-0.0026414767577387387
681035,2026,"Scott, Christian",R,1964,23,7,1.9812448859698935,1.8619510422896293,1.8575425461797355,0.0568121110479525,0.014105368825015086,0.062481732632311895,0.011684755039138973,0.005810930442839713,0.004690353586739546,0.0033811488106046655,0.008247243746129162
681066,2024,"Bush, Ky",L,328,4,4,1.7947770369218068,1.736728743369002,1.7349745956484148,0.026932648200068892,0.020336166177187,0.03111564535273617,0.01664292412323624,0.0023775225303827073,0.001720642588097746,0.00264466544326756,0.002082503835283783
681151,2026,"Murray, Jayden",R,304,10,6,1.9031287072471372,1.909347174816908,1.9024028662007104,0.009375109221455492,0.02889979124934756,-0.015593576791225949,0.009149290702704631,0.009382532530328808,0.008820350356782268,-0.018790347375690016,0.025229777477464396
681168,2025,"Curvelo, Luis",R,325,17,4,1.8104976927866476,1.315615056518151,1.2946068443779806,0.3842362208391814,0.0356880778544154,0.11064641542931525,0.023003156601613013,0.028213508039485077,0.00933766776008305,0.03438233180130263,0.023157855482807535
681190,2024,"Vásquez, Randy",R,1687,20,7,2.5527702609445995,2.426277903370738,2.422111258690408,0.10575675098286073,0.014189717974393593,0.020735606591001165,0.009727493464199361,0.0056009000603322485,0.004752483980758435,0.016655848694626173,-0.005056139624683488
681190,2025,"Vásquez, Randy",R,2148,28,7,2.59788520697452,2.3355086197617445,2.3175667063815477,0.20457150095045706,0.03269283907442722,0.05780508626231844,0.01079938794710974,0.024438319556539304,0.006345470674292452,0.030049218050379346,0.01807575807096697
681190,2026,"Vásquez, Randy",R,2226,32,7,2.518064664528214,2.360160383979264,2.3473455669757186,0.08685732229471511,0.013431926161833474,0.07104695825423478,0.012663797701186164,0.017415007722767294,0.00497365126058142,0.015689516610038954,0.01903431476702004
681217,2026,"Silseth, Chase",R,1089,73,4,1.8816961313911305,1.7357110332185592,1.7256926023953572,0.0729081918158704,0.015494129355285269,0.07307690635670107,0.010957837894141065,0.013272592659935507,0.005462457907224086,0.016425757749118333,0.01067874732049687
681293,2024,"Arrighetti, Spencer",R,2505,29,7,2.1561660078221765,1.985236076872691,1.9828871807850723,0.10744917747393257,0.01741292012483039,0.06348075347555243,0.011663549745632523,0.0031465158820777805,0.005751003301035964,0.003732242214718407,0.0025364908587817594
681293,2025,"Arrighetti, Spencer",R,618,7,6,2.4785643701601936,2.209332808312407,2.2021440409477653,0.2279959164801678,0.05313245347855894,0.041235645367618694,0.020608893538636718,0.00961614335789723,0.005282967106507998,0.0024570943305980805,0.01959429977418465
681293,2026,"Arrighetti, Spencer",R,1942,24,7,2.3789012840549177,2.2493068891221326,2.236179099701442,0.0968473544240577,0.018037377291681537,0.032747040508727635,0.01201912195605514,0.01759431818839234,0.007459070671262334,0.01827968113901501,0.0168569147844989
681320,2026,"Lavender, Nate",L,294,21,4,1.276569570660176,1.0805458959702399,1.0788982054490055,0.1562013717133934,0.024017818516356128,0.039822302976542566,0.018399364116449494,0.0022531209918276156,0.01025803156958385,-0.00730282647745649,0.013449988733615054
681343,2025,"Smith, Shane",R,2419,29,6,2.1082531668728337,2.00287871359632,1.995839456393872,0.07965841906143006,0.017276221090471423,0.0257160342150829,0.00795356668570867,0.009439003976010529,0.005250736674299201,0.012634444413078401,0.0061501085880272845
681347,2025,"Burrows, Mike",R,1537,23,5,2.0929970985765314,1.9203143029875034,1.9184125209114176,0.12603058903184286,0.02107666015477718,0.04665220655718533,0.013126133827549513,0.002575364802593404,0.006807031052660076,0.0009928710300822657,0.0041718629447727845
681347,2026,"Burrows, Mike",R,1567,18,5,2.2608642856821497,2.1394645871989955,2.127663930138279,0.08809167553266041,0.019912748596973763,0.033308022950493954,0.00928525192716935,0.016178153643169605,0.007368110056434494,0.017393640294874616,0.015062597941017523
681402,2024,"Varland, Gus",R,455,26,4,1.3200774994420224,1.2231668211915727,1.2246022623353325,0.07915915204500017,0.02223913210020871,0.01775152620544935,0.015810865178689112,-0.0019153246932866875,0.0034058246230391975,-0.005687253411474043,0.0031225253070320405
681402,2026,"Varland, Gus",R,579,34,3,1.1221669163751902,1.067376552054644,1.0585908375835846,0.042802199156737844,0.010002930222329627,0.011988165163808266,0.00925222795984886,0.01196924394998432,0.005091625704691869,0.014106976977705134,0.010156818122134063
681432,2024,"Little, Luke",L,438,30,4,0.9692183907085193,0.9045840187009214,0.8998970830408127,0.01022999179604898,0.010241856933022007,0.054404380211549065,0.015723079220884565,0.0062397502101142616,0.0040295574016212775,0.006687466527477219,0.005698884860279819
681517,2024,"Leahy, Kyle",R,695,33,5,2.0131285116330258,1.7547193617367434,1.747772327227248,0.1531739713666565,0.03294739242107295,0.10523517852962591,0.022345210578909404,0.009579740047816025,0.006680549265697718,0.0028742199988737384,0.019359986363102582
681517,2025,"Leahy, Kyle",R,1350,62,6,2.4453620866738297,2.063311680054667,2.0569407196082596,0.21819034945873692,0.01996548453932895,0.1638600571604264,0.015378960949395025,0.008722917446905882,0.00671163986230118,0.002321697709964056,0.013755760500950724
681517,2026,"Leahy, Kyle",R,2327,30,6,2.5447446413888697,2.282648265255455,2.2636485345777833,0.13465717515903558,0.017252161048306833,0.12743920097437897,0.010110657718516141,0.025571066100023635,0.007224363585185568,0.02830469168371194,0.022737626154622333
681544,2026,"Olds, Wyatt",R,288,14,4,1.5520029354508627,1.395561661901039,1.3977090898782147,0.11335477741006374,0.035866727546691526,0.043086496139760073,0.019138713425832943,-0.0028111784428484364,0.005015589844545287,5.7923811322311784e-05,-0.0074563916162677405
681676,2024,"Fernandez, Ryan",R,1190,62,4,1.4542219363821145,1.4327602232863947,1.4344507777491207,-0.002308432621776952,0.028757391808282913,0.02377014571749687,0.011983334540531573,-0.002210725066641482,0.007714173109204995,-0.009085734369502843,0.003085974707547429
681676,2025,"Fernandez, Ryan",R,524,32,4,1.619044543646074,1.47515052918511,1.483194235630227,0.1352911858275512,0.024275100143273356,0.008602828633413256,0.009891415197381218,-0.010947797862964986,0.0036506921623053624,-0.011178362990999833,-0.01073891955390371
681676,2026,"Fernandez, Ryan",R,387,17,4,1.6272252757414292,1.570025353197155,1.560331166718689,0.048925135745015697,0.016079967208076494,0.008274786799258527,0.015116995155117356,0.013071951801973276,0.004208636911157576,0.018543350983635125,0.007484959679853785
681799,2024,"Roberts, Ethan",R,474,21,4,1.3094110008304412,1.3267635145341807,1.3314220665467869,0.00020881357493045594,0.018310580009065262,-0.01756132727866991,0.013680228745109754,-0.0062201511379585015,0.0033412289952784034,-0.004722721779792832,-0.007659668863487926
681799,2026,"Roberts, Ethan",R,436,23,3,1.4907451301702495,1.438563099818958,1.4376728162419383,0.021955299531197854,0.008222238545199398,0.030226730820093625,0.012166534263456255,0.0011906860109830992,0.002387096955127612,0.003933386799930595,-0.0013572667929503737
681810,2026,"Warren, Austin",R,931,41,6,1.9407348699195655,1.804370671483578,1.7979650620818095,0.04715628225533658,0.015011740452687671,0.08920791618065056,0.01594470705907643,0.00835241225916882,0.005202570628725225,0.005641075746713606,0.011003663751957441
681857,2024,"Olson, Reese",R,1853,22,5,2.2055296224797334,1.7940524187391296,1.7713246020274807,0.3686893669054479,0.01722687352915849,0.04278783683515587,0.009952439194432838,0.03034196280020597,0.008437418074416142,0.03243784461927758,0.028414215345596537
681857,2025,"Olson, Reese",R,1159,13,6,2.233357693763943,2.019031494120218,2.0179566918798173,0.1693941937937745,0.01700189627025158,0.04493200584995081,0.010248340196734075,0.0014252812318360111,0.005676691470846845,-0.0026812247753499824,0.006202652081780107
681867,2024,"Criswell, Cooper",R,1756,26,5,2.07637583750698,1.8312266946956846,1.8303719585217815,0.20091457836595633,0.029433409197476477,0.04423456444533906,0.008803024757087878,0.0011276609476889162,0.006094708782259386,0.005347767229868372,-0.0031627804391935266
681867,2025,"Criswell, Cooper",R,276,7,4,1.9630346703289447,1.8553075760609967,1.8480974304011788,0.055228957818672486,0.036888272946551656,0.05249813644927526,0.014092372294884038,0.01020512924158886,0.004182575805375541,0.01065624275595789,0.009139568009372358
681867,2026,"Criswell, Cooper",R,642,37,5,2.2158869425348433,2.107816054266506,2.111667635596832,0.04696236481715391,0.014446738582426418,0.061108523451183235,0.013388945489398067,-0.005238803419638102,0.004470568824377677,-0.01343983565249753,0.002231772500982835
681869,2024,"Dubin, Shawn",R,840,31,6,2.13700830632415,1.8580390182104225,1.8446907889792916,0.25316934780980016,0.028437674395018372,0.025799940303927335,0.015752100722895415,0.017713289974960567,0.007885540398932992,0.0171166188764972,0.018363129785168193
681869,2025,"Dubin, Shawn",R,551,30,6,2.3991813101130592,2.053183696753289,2.0431297762284815,0.3136657625913471,0.03619138528892928,0.032331850768423306,0.015372428677291,0.01364460642652477,0.010276981053243409,0.018994038889191274,0.008450982676363114
681870,2025,"Sabrowski, Erik",L,503,33,3,1.2386785793827717,1.1458688301561974,1.113338165022947,0.07610931221846343,0.029939896355703537,0.016700437008110604,0.010171622552690506,0.04294730856174548,0.008308284215855891,0.03424216455888421,0.05026467598444047
681870,2026,"Sabrowski, Erik",L,820,59,3,1.2937489813537206,1.1933849516018604,1.174479363093741,0.051195004528961446,0.01641436235317371,0.049169025222898816,0.011612304204266748,0.025004165446222484,0.006272029718403978,0.02935158652482777,0.0196906507945938
681892,2024,"Funderburk, Kody",L,652,27,4,1.7077698340676115,1.3943058691998895,1.374107691433125,0.236590851509911,0.0265232921022665,0.07687311335781122,0.01735156474978093,0.02682120550698649,0.009706321851285478,0.02434189552388487,0.02919186047090837
681892,2025,"Funderburk, Kody",L,725,39,5,2.2259467515620055,1.9858011444702035,1.9789344172505872,0.19205911523663957,0.027828371090629918,0.04808649185516241,0.015600197859827318,0.009168282199303454,0.006409101614500416,0.012163232825380274,0.006049480231546761
681892,2026,"Funderburk, Kody",L,876,58,5,1.9647315632557378,1.7709719772941936,1.7636044846262908,0.07962375785909563,0.013499571926103716,0.11413582810244871,0.01678318962388153,0.009853318438294711,0.006951157543224227,0.010033102588171887,0.00965926570509395
681895,2025,"Sisk, Evan",L,329,19,6,2.311742729839205,1.8253973039990425,1.8132815173552743,0.45299595436380985,0.05547756601797478,0.033349471476352345,0.027451439784161952,0.01600840885863378,0.006577599544123854,0.02107355264199871,0.009395582252574017
681895,2026,"Sisk, Evan",L,833,41,5,2.2240433971748654,2.044067198347687,2.023507070784221,0.13925867271295797,0.026282575095752134,0.04071752611422066,0.01221669117387154,0.026971001984829813,0.0069466673213256,0.02640618665929419,0.027691698242502512
681911,2024,"Vesia, Alex",L,1109,67,4,1.1783578917039708,1.1204737426962061,1.116036944270046,0.03530713732865438,0.008618622940156122,0.022577011679110266,0.007214961128528914,0.005809220135314872,0.0034719876356460976,0.00465772711582132,0.007036543182921415
681911,2025,"Vesia, Alex",L,1023,68,3,1.2432365269871237,1.196614032769008,1.1813623056190405,0.045429429619460275,0.007289087167798748,0.0011930645986554162,0.005503978466851659,0.019825307337251286,0.005267080695173745,0.02053887865622747,0.01910992031517338
681911,2026,"Vesia, Alex",L,1011,72,3,1.3950987349330575,1.2755748324763807,1.2567781489693555,0.11722918017595305,0.015364300915339626,0.00229472228072398,0.008153951430753828,0.024488978125776058,0.005582029991476813,0.03450807791018306,0.014724817267180937
681916,2026,"Smith, Dylan",R,703,42,5,1.7495484781095667,1.552555134847247,1.5470812956396873,0.16207744540091412,0.03331817374055355,0.03491589786140564,0.011735620143346675,0.007274308058439232,0.007591179663976632,0.0068853979151447175,0.0076022392594053394
681982,2024,"Anderson, Grant",R,483,23,5,1.9997271023801604,1.5078885877544639,1.5052811317500865,0.4765110119488732,0.051444365665525224,0.015327502676823052,0.013717587338616959,0.003450414383875038,0.009535150515630815,0.00198740036041161,0.004843015967706535
681982,2025,"Anderson, Grant",R,1158,66,4,1.757645754443051,1.5434142986951085,1.5419285823067466,0.15881463026673912,0.030520847731221334,0.05541682548120374,0.01543402598257725,0.001995892781581303,0.006831145725633297,0.008756485160886866,-0.0036164036521946514
681982,2026,"Anderson, Grant",R,915,52,4,1.7320656902395095,1.510033352612801,1.5011198414912204,0.14507479083266614,0.0359702371314189,0.0769575467940424,0.013657000802372208,0.01197630348934816,0.009157085687508058,-0.0001177323086072099,0.022446756399358832
682052,2025,"Lopez, Jacob",L,1666,21,5,2.108639360773146,1.9918355487365755,1.9823721993633645,0.04690622939185475,0.011736714155098782,0.06989758264471585,0.009626666468719307,0.012463193719976187,0.0039497313731534246,0.016772303812861756,0.007517593681282396
682052,2026,"Lopez, Jacob",L,2226,27,5,1.983932848485675,1.8277199915115627,1.8144429500143073,0.07555621525718541,0.007394232435287113,0.080656641716927,0.01056650873167478,0.017623550609952524,0.005769811411945107,0.02392482538787017,0.00946895972088263
682120,2024,"Herrin, Tim",L,1011,75,4,1.9276366726910636,1.7103145551544707,1.673258043761625,0.10592231268529248,0.02287567167927038,0.11139980485130067,0.014194778511043634,0.04962136823598285,0.007424579423132741,0.0351165479503043,0.06545211392173726
682120,2025,"Herrin, Tim",L,750,54,4,1.9217185488435897,1.7516706862081788,1.7159870284569305,0.10174113533663437,0.029797395829874847,0.06830672729877657,0.012477599790258732,0.048134430419849446,0.010638658550781907,0.059424122857560754,0.03828921041524599
682120,2026,"Herrin, Tim",L,983,67,5,2.025611989869601,1.9067125688345306,1.9000369905536907,0.05730368798968946,0.017016342603962675,0.06159573304538098,0.012654201691445916,0.00880817912760479,0.0048439895395576,0.010293193428240317,0.0073817838125206665
682227,2024,"Williamson, Brandon",L,256,4,5,1.8350177112092894,1.7543893538271105,1.7466702304184525,0.02467384480132124,0.005741227754397473,0.055954512580857464,0.016268611875534498,0.010082120370491996,0.0062824675185381654,0.003601366285867877,0.019283190984464516
682227,2026,"Williamson, Brandon",L,907,12,6,2.431163142081651,2.1998261924715456,2.19300710393324,0.1331901613724455,0.012805294650726655,0.09814678823766035,0.014681346761268267,0.009135765589724341,0.010192623480664994,0.0037309706138792314,0.015094468125205755
682243,2024,"Miller, Bryce",R,2749,31,7,2.335378967354397,2.125781193798968,2.117222327925681,0.06098289419260116,0.010397478256199293,0.14861487936282797,0.013925786601616962,0.011516555205905549,0.007330284652186827,0.00919463245219919,0.01400080082689229
682243,2025,"Miller, Bryce",R,1542,18,7,2.303208043879466,2.161443623903162,2.152929860092854,0.04075398125154836,0.03229957632448948,0.10101043872475582,0.018687354031357937,0.0114158467786907,0.008747504571910444,0.016905919302096183,0.0054057673860373415
682243,2026,"Miller, Bryce",R,1884,22,7,2.404298001934508,2.189140042393525,2.1774404628085557,0.07585690659250803,0.01846174083929152,0.1393010529484744,0.015577024774477264,0.01574429138434502,0.005345653233850971,0.009423821696103814,0.022474939046454385
682254,2025,"Montgomery, Mason",L,859,57,2,0.9271423074317351,0.8746555251053267,0.8740500892357437,0.011306096194242238,0.006220048895400281,0.04118068613216604,0.009057399607853572,0.0008013396178303296,0.0021969624930945355,-0.0017541840896094303,0.004127145293824627
682254,2026,"Montgomery, Mason",L,1169,70,5,1.9232932547477253,1.8232209962236279,1.7202138420127124,0.07370062575406049,0.01709601976793699,0.026371632770036273,0.010625788037802439,0.1348436318841665,0.016981916741284245,0.14334274693631807,0.12719442833723005
682274,2025,"Hiraldo, Yaramil",R,314,18,4,1.646474865149403,1.4606440451968732,1.4570972770271184,0.16481863973017966,0.02673332091838871,0.02101218022235062,0.014904899765023925,0.0048421095882734445,0.0056827947582027815,0.007366989014227662,0.0022729340320393307
682608,2026,"Gray, Peyton",R,944,49,3,1.5112180674228828,1.4098181589350007,1.4102405567028293,0.0584539864813609,0.015333045336238705,0.04294592200652159,0.008210500715211332,-0.0005729073172854052,0.004259139618042218,0.000352560776898371,-0.001536371169001654
682610,2024,"Muñoz, Roddery",R,1485,18,5,2.2639893450877957,2.1524581284352045,2.1483206725712773,0.05037532543767065,0.011756972673121893,0.06115589121492081,0.009634622546536223,0.0055602913646437355,0.005457012357981754,0.0010633964733645287,0.01029958393593613
682790,2025,"González, Wikelman",R,368,16,4,1.6221749618016599,1.5046464572447857,1.5052006642946227,0.099630890922143,0.018706564777147907,0.017897613634731132,0.007324624449808396,-0.0007257942859077627,0.004481716348055288,-0.010144100002147402,0.005798935577752229
682825,2025,"Mey, Luis",R,414,23,3,0.9826263484195112,0.9506729052481772,0.931266779772972,-0.0054994061666491685,0.03413653424146099,0.03745284933798308,0.020459161856535648,0.025185379143369685,0.008591742183208103,0.02221589010660002,0.028489181515404808
682825,2026,"Mey, Luis",R,665,29,3,1.1805730853072594,1.097737870565557,1.0766241077343532,0.026556980662307838,0.01424211957097633,0.05627823407939443,0.011657485620837101,0.028081304565500807,0.009053987254115325,0.031123403117758464,0.024940275979023385
682842,2024,"Uribe, Abner",R,258,14,3,1.0311484825711783,1.0221687612962493,1.0217780284067928,-0.0078079753152047425,0.007629325959648628,0.01678769659013354,0.008272084534710082,0.0005250473202073018,0.005300377266699872,0.00015666017180491435,0.0008433624290210146
682842,2025,"Uribe, Abner",R,1164,75,3,1.1308963804364218,1.0495128347809857,1.0332990795744357,0.011599150831950424,0.00549819844452106,0.06978439482348564,0.011086094220012397,0.021767948166579124,0.005249861255977502,0.027614922091857952,0.016067481560612523
682842,2026,"Uribe, Abner",R,918,61,3,0.9850845854050985,0.9473462291126394,0.9290943183823398,0.013867413504285468,0.0075011044528925895,0.02387094278817364,0.0089223750538484,0.024460224891116895,0.008031666245300054,0.02649498292357591,0.022395543946415835
682847,2024,"Ortiz, Luis",R,2143,37,5,2.061038470599552,1.9524131076274889,1.9354556072297424,0.010970644329187202,0.008856908109837,0.09765471864287611,0.013218659689279192,0.02285529770589317,0.006330031881597079,0.01864333626800573,0.027307008565859606
682847,2025,"Ortiz, Luis",R,1501,16,5,2.2525958267126547,2.086235202481525,2.070009959970041,0.08636523560771725,0.015976284927262083,0.07999538862341221,0.009314432897721032,0.021764154611026064,0.005072576311404175,0.024617270927522274,0.018833507959842448
682982,2026,"Espino, Daniel",R,273,14,3,1.28366402071551,1.2299326313610226,1.2327847430319385,0.0415896503896,0.017597957044068854,0.012141738964887442,0.014096046175272502,-0.0037433965680771994,0.002115501374784912,-0.0027023358876670724,-0.004707341642531021
682989,2025,"Mederos, Victor",R,314,5,6,1.8983913741368128,1.8866159164868517,1.8982021389666504,-0.0029667087336224143,0.06575617153166777,0.014742166383583208,0.0106430465680404,-0.015614050895522686,0.011373962488946062,-0.025907525960924167,0.001980609972082159
682989,2026,"Mederos, Victor",R,586,30,6,2.013094723652657,1.8592639609737587,1.8368599506786312,0.07541198570653529,0.035360410465354125,0.07841877697236331,0.018064897263722422,0.0299743151437092,0.006716203390669277,0.03839020673229363,0.02186033894843723
682990,2024,"Priester, Quinn",R,811,11,6,2.3663360681191423,2.287116364792497,2.286397741149358,0.07971846162297669,0.027846576826685843,-0.0004987582963307179,0.019880172573313787,0.000987803007772347,0.005723654396212972,-0.006919681571330972,0.012438890634772588
682990,2025,"Priester, Quinn",R,2468,29,5,1.9237634826611292,1.8227483115131815,1.8215140612382263,0.06146823841148345,0.01254617306638556,0.03954693273646438,0.006676007644660378,0.0016792335604128834,0.004095472114067406,-0.0001309451278834382,0.00368283436174435
682995,2026,"Barco, Hunter",L,351,7,6,2.3869383982500643,2.3025774983065994,2.303462188930927,0.05110070263977493,0.020061112044978017,0.03326019730369039,0.014508886976822134,-0.0011762363982536436,0.005726114840363822,-0.005670810132575195,0.004470792139740099
683000,2026,"Cornelio, Riley",R,685,18,3,1.467666732320757,1.4165182913612113,1.4034232597914826,-0.003738931887325249,0.005054078406638701,0.054887372846871056,0.011096486219981161,0.017118505010046078,0.009230668087788102,0.024817170206449697,0.006053911774284595
683003,2024,"Jones, Jared",R,1912,22,5,1.6249310292000676,1.5733082029565426,1.5664454371762473,0.0234315817274672,0.007219976342528699,0.02819124451605769,0.006795755759136015,0.00931932398574259,0.004806044460843671,0.009959812835438895,0.008652844284174555
683003,2026,"Jones, Jared",R,1634,21,4,1.703201331330514,1.6608422444543978,1.6495142752489913,0.02868460055265047,0.009041607055453092,0.013674486323465816,0.006702460107861965,0.015196963613821264,0.008049608814512717,0.020152046854175206,0.010241880373467325
683004,2024,"Leiter, Jack",R,669,9,6,1.7884347823163782,1.7103790970245638,1.7006189622458407,0.08232470251212433,0.014986228637404926,-0.004269017220309914,0.014664514523380861,0.013164375336624455,0.0052793080619589474,0.017887595090871972,0.007918586588289976
683004,2025,"Leiter, Jack",R,2583,29,5,2.14756423602695,2.03707643154101,2.0158549309911633,0.050173896547545185,0.00928909826484525,0.06031390793839461,0.009386677051992124,0.028298986019748836,0.005454768314279959,0.025862185465352606,0.031083515856796733
683004,2026,"Leiter, Jack",R,1397,15,6,2.342358874828538,2.176811365042122,2.172065930407973,0.08495355281941518,0.01990399230139101,0.08059395696700075,0.00985925018303082,0.006362161404900853,0.005217967493893331,0.0038359587137442273,0.009111115435558264
683155,2024,"Estes, Joey",R,2027,25,6,1.944523176267585,1.719997897291682,1.7052826999092763,0.14314426396086855,0.012535711578795777,0.0813810150150346,0.01412548981538083,0.020085996696388244,0.006772607754189193,0.016381437678885162,0.023825646259388638
683175,2025,"Phillips, Connor",R,377,21,3,1.2560591424557106,1.2086844148077582,1.1994738510662866,0.04382660686550071,0.022233142049553265,0.003548120782451698,0.008082434041910733,0.012445815521629834,0.00596791700362862,0.016722335678392975,0.0077512896352582615
683175,2026,"Phillips, Connor",R,590,27,3,1.1847115947291682,1.0807112630458084,1.0740888125515886,0.05886907457726225,0.016714159360797932,0.04513125710609762,0.01163488540247363,0.008780327621549996,0.004023346147392403,0.013295044335626626,0.004853662244180828
683232,2024,"Mears, Nick",R,1028,54,3,1.3691536438379595,1.281988013572496,1.2597640739999614,0.055388134888072704,0.015467106396489773,0.031777495377390656,0.011548006701808987,0.029555252109399154,0.0059551580252657456,0.0281159588540068,0.031528761573081314
683232,2025,"Mears, Nick",R,845,63,3,1.2042817366291207,1.201831721238891,1.2081287492092272,0.02132817599237087,0.008653210322466773,-0.018878160602141255,0.009196978157504984,-0.00855464410761091,0.0031429633979882846,-0.010614194211631725,-0.006508296247846637
683232,2026,"Mears, Nick",R,341,21,5,2.1797751707697666,1.9800650779102227,1.9815175645685301,0.1401130846006583,0.05529430432292268,0.059597008258885344,0.021150772538834538,-0.001919759497995503,0.004837773639100313,-0.010939571488383665,0.010607757155321392
683352,2026,"Bratt, Mitch",L,726,10,6,2.130977189896948,1.9492174035911385,1.9459781062039971,0.1296129315172403,0.036773432029261886,0.05214685478856958,0.016882413847241515,0.004412251225262283,0.003739158418310544,0.0052480936928659076,0.003534616634278473
683363,2026,"Wilkinson, Matt",L,419,8,4,1.6040828055247858,1.5473454891697385,1.5486809854758725,0.03283268566682051,0.02322898513780482,0.02390463068822665,0.003685420960497313,-0.0018109157031398367,0.004844272413001241,0.006010205177130153,-0.010542715042071401
683409,2024,"Chivilli, Angel",R,512,30,3,1.517020537384527,1.393065333016358,1.3799614849621644,0.08592532969980869,0.027642695103567174,0.038029874668360476,0.011614194771604325,0.017702296052102953,0.007371790552955328,0.016799269167390895,0.018951767213339767
683409,2025,"Chivilli, Angel",R,1022,43,3,1.4939712349182164,1.3673535120775966,1.3467897606793302,0.0841939285937707,0.01505077494944907,0.04242379424684869,0.012098320010843431,0.028134074871524417,0.007352735626274108,0.03256603556123847,0.022997611760035
683409,2026,"Chivilli, Angel",R,285,15,3,1.546966028655514,1.4959065677497065,1.4942691272752797,0.01109333172136016,0.01191276625996632,0.03996612918444733,0.018040879182703296,0.0022012761094886567,0.004293463299085635,0.002981334490361083,0.0008611758141437186
683618,2025,"Henriquez, Edgardo",R,279,22,5,2.2974618636823623,2.0599280890992637,2.0500941644541992,0.18943055811976914,0.044271951510290584,0.0481032164633286,0.0202347404469048,0.013718324879865842,0.007953927795228945,0.020919400358666698,0.0049170104057759045
683618,2026,"Henriquez, Edgardo",R,968,61,5,2.118862715168544,1.6967621328290496,1.693573041691527,0.314512753195513,0.03658082890048864,0.10758782914398153,0.01916855947479553,0.004252121516696805,0.007927066591092338,0.0040982404027008305,0.004422059790414097
683627,2024,"Molina, Anthony",R,1048,35,5,1.8165933471595455,1.6660366848988983,1.6589047498699163,0.11215452539583876,0.019100138480172127,0.03840213686480844,0.014921269999317205,0.009533504987720789,0.006656700172840454,0.008001832466760162,0.010895401759370123
683627,2025,"Molina, Anthony",R,608,17,6,2.1914248807601666,1.9243743107683735,1.9081157320332178,0.22863526158326666,0.02855798689934688,0.03841530840852635,0.01668655270272428,0.022065213997711306,0.010141622184806577,0.006239060869251804,0.0404908318912318
683627,2026,"Molina, Anthony",R,541,9,6,2.006224981980825,1.9158345838056705,1.9051346513691525,0.08593855722318897,0.03726063012132406,0.004451840951965761,0.024984185207707288,0.014292996168286594,0.010096510448400238,0.020072870711128156,0.007880947847321735
683742,2026,"Franco, Jose",R,348,10,3,1.4497535373718176,1.3477668803300595,1.3493476133180462,0.09481452088464389,0.01985513385656601,0.007172136157114096,0.007000958411944958,-0.0021572356071345154,0.0019091240612839368,-0.0023416536150387838,-0.0019141391421697977
683769,2024,"Gaddis, Hunter",R,1075,78,3,1.4858593286847155,1.448680461251333,1.4510391832443463,0.0210779508064465,0.007187265010698637,0.016100916626935656,0.010147455425821275,-0.003177476369034062,0.002642873420738521,-0.006225492665310406,-5.209925305527164e-05
683769,2025,"Gaddis, Hunter",R,1049,73,3,1.4021860753016984,1.2999962569103338,1.295359138397589,0.06706098216302343,0.014484818884136951,0.035128836228341204,0.009388229052791854,0.00627656428370205,0.005259304409630486,0.005013633654044517,0.007609843834374988
683769,2026,"Gaddis, Hunter",R,983,68,4,1.54304673882661,1.470829254194141,1.4715099658126038,0.04200761295278469,0.012360185708797747,0.030209871679684364,0.011710927305928457,-0.0009216797809217526,0.004098285504450154,-0.005591879045036308,0.00398598724238507
684007,2024,"Imanaga, Shota",L,2590,29,7,1.8130978532785105,1.5827822646109622,1.5700610923994671,0.15865732196900487,0.01943292867309739,0.0716582666985434,0.010404834745973526,0.017386720858982758,0.007239149115132358,0.027672951106016055,0.0054720327482391815
684007,2025,"Imanaga, Shota",L,2176,25,6,1.6873598734696886,1.540320622651933,1.5374116353341625,0.09487211849291581,0.01822258572156225,0.052167132324839646,0.010704753955919981,0.0039389896723519505,0.005414246518958233,0.0018124181531281496,0.006285455366992877
684007,2026,"Imanaga, Shota",L,2810,32,6,1.972007782916087,1.7953803721432298,1.7933989650346243,0.10439321802255612,0.011498666254013199,0.07223419275030091,0.009419795176796295,0.002648788760789944,0.008595714908679988,0.005932038234394455,-0.0008274038748285474
684049,2026,"Bidois, Brandan",R,325,15,3,1.1825784543808504,1.1458827819566095,1.1445537062211923,0.025003180326453104,0.007516215528410088,0.011692492097787577,0.013068304695378051,0.001763059649022799,0.0031999086755317547,0.007018055168026872,-0.004793632007716229
684320,2024,"Rodríguez, Yariel",R,1501,21,5,2.061760941306944,1.7942865760639575,1.791830377006256,0.11080041826633606,0.01636056971000646,0.15667394697665013,0.02062689152831067,0.003259730137585734,0.007320576448450084,-0.0006905993380474886,0.007403282250614058
684320,2025,"Rodríguez, Yariel",R,1158,66,4,1.66932783531574,1.4197278706570813,1.3966758627072526,0.11156474010297977,0.01725835686421833,0.13803522455567918,0.01544318943548209,0.030931894792469918,0.007714980305077413,0.023660510265941768,0.03815290021142397
684442,2026,"Drake, Kohl",L,382,5,5,2.114091957652201,1.976326764058971,1.973231305875113,0.09089496518849369,0.03888468033542509,0.046870228404736515,0.01736778633818618,0.004120087199420757,0.004143473950304716,-0.00017695716967397094,0.011137278921428665
684665,2026,"Murphy, Luke",R,381,22,4,1.6876657187514754,1.576121175477519,1.5718032427571846,0.09176748185365444,0.02005993439683088,0.01977706142030206,0.009543869091407002,0.0056533758297161035,0.004457098894157281,0.009491076646152313,0.000900530972437412
684974,2026,"Yoho, Craig",R,635,34,5,1.798761810474189,1.7954582597935569,1.7765470787185023,0.010442710487172891,0.011953450119836577,-0.00713915980654106,0.01381671925120628,0.02555021272906341,0.006870580308025374,0.016962168930339364,0.03539313050750969
685107,2025,"Veneziano, Anthony",L,481,26,5,2.1864085771280584,2.0839799143608095,2.0803186297987377,0.09007484574506051,0.022623666574030404,0.012353817022188542,0.013030012574257368,0.004838126028452326,0.004029579936571694,0.005845091616971312,0.004216045064878374
685126,2025,"Eisert, Brandon",L,1216,72,4,1.7477766238175216,1.4625784134427278,1.4575407529358935,0.2715699883573876,0.03472658868922983,0.013628222017406736,0.00858789139952184,0.006702182906247527,0.006915333011192527,0.004874669507097057,0.008777349990329603
685126,2026,"Eisert, Brandon",L,784,40,4,1.7849131270228376,1.649211743647657,1.6320025012942052,0.14277828218288416,0.027861543762880026,-0.0070768988077035775,0.012067005536302335,0.022675707571606956,0.007162407304372014,0.018570841827041582,0.027583369937803203
685299,2024,"Gordon, Tanner",R,607,8,4,1.687410681864839,1.5917306272378449,1.5927388331423533,0.09930398579230647,0.032310050016884743,-0.00362393116531235,0.01353589544567073,-0.0013690849754735752,0.005508254132799492,0.0029757765928399766,-0.006272571602570297
685299,2025,"Gordon, Tanner",R,1244,15,4,1.5067836154199865,1.3779057251806133,1.370224762272971,0.1227584650866623,0.026125290542846416,0.006119425152711085,0.009913806379322786,0.010534859820404325,0.0032605317613018012,0.005241004855785974,0.01612881994174707
685299,2026,"Gordon, Tanner",R,1692,24,6,2.065544163023999,2.047580804950739,2.044586844381146,0.017209836818734017,0.00789019313856383,0.0007535212545259008,0.007776643970303096,0.004148879020271638,0.0049642179025297245,0.007604492562952979,0.0006989211462362567
685314,2025,"Saalfrank, Andrew",L,427,28,3,1.3756838546091195,1.3278264308602166,1.3258675734694565,0.010925380786052772,0.0104565119394174,0.03693204296284994,0.013821846286891126,0.002655340018585618,0.005895599395949096,-0.012762133402592626,0.014369174573223837
685326,2025,"Brown, McCade",R,501,7,4,1.614991060555745,1.4551209318988976,1.4434666598771433,0.11213794184394496,0.04199099897245637,0.047732186812902394,0.016430172909672514,0.015570107421063682,0.007153909022419388,0.023434564556580613,0.0074930973899922405
685801,2024,"Bigge, Hunter",R,300,19,5,1.4962411610458064,1.290497161387796,1.2828544600536202,0.08568242037391258,0.027566970077949487,0.12006157928409768,0.027095991213420392,0.010100486344725835,0.006485614703271284,0.00728761723859418,0.012237394657911125
685801,2026,"Bigge, Hunter",R,319,18,4,1.385873077534519,1.2617652292597628,1.2652009801909843,0.05242950386976058,0.025313060260300783,0.07167834440499567,0.01295113411080715,-0.004663849136424127,0.004590489773129708,-0.0025687696605239665,-0.007302843476259905
686218,2025,"Sheehan, Emmet",R,1146,15,4,1.7193168273769341,1.5660624403478731,1.552771010856086,0.08117855107678633,0.02009714921993737,0.07207583595227478,0.010508741808224429,0.017836040044014078,0.009869504066609754,0.008990366088649074,0.02639636967823828
686218,2026,"Sheehan, Emmet",R,1954,23,4,1.8382909637335636,1.7225841173502334,1.706315042304896,0.07948707451039862,0.010410151223165943,0.03621977187293159,0.007081940340009413,0.021436124503431638,0.006873025530163544,0.022027980840306362,0.02075036374047344
686539,2024,"Cronin, Declan",R,1096,56,4,1.353889723809126,1.2586321311645359,1.2386549718908726,0.00751332697447755,0.006656855296138762,0.08774426567011256,0.014690457377046596,0.027680109436074598,0.008207212026855775,0.03901091553369129,0.016029716499807174
686560,2026,"Collyer, Gavin",R,480,24,4,1.988632471358233,1.7778478603532846,1.7751809060104988,0.09062635335063432,0.02723251185052798,0.12015825765431414,0.02466237015040273,0.0034786360992856533,0.0050625296849818105,0.01579315995188509,-0.00818432564471064
686563,2024,"Cannon, Jonathan",R,2028,23,5,2.2832352849693844,2.0112488516140137,2.004713733740463,0.17594360222745845,0.02308695076096427,0.09604283112791219,0.015649986504531567,0.008817843677685967,0.005328782157755824,0.0028408667671486966,0.015547226451077287
686563,2025,"Cannon, Jonathan",R,1793,22,6,2.349039903291672,2.127631825315657,2.1090113984344274,0.11414239627613022,0.03244490961999353,0.10726568169988437,0.015567957203831346,0.025140380570817477,0.005979243455408228,0.032279691184963724,0.01723047769990623
686580,2024,"Slaten, Justin",R,811,44,4,1.8613960029018781,1.6473348029420425,1.6384249242259379,0.07624638228583419,0.01874885462932408,0.1378148176740016,0.016283146564407408,0.012309900577104746,0.005302286237261664,0.00212226869865575,0.02057949065127785
686580,2025,"Slaten, Justin",R,499,36,4,1.881391182360362,1.661071749149368,1.6558466401164211,0.09425543436689708,0.031735819343483414,0.126063998844097,0.01889560271791621,0.0071827256403320565,0.006683525961717363,-0.0016705633470399852,0.016486181864350132
686580,2026,"Slaten, Justin",R,508,36,5,2.028218860131898,1.861333029678283,1.8519388263711478,0.06941063549437917,0.027357252212505297,0.09747519495923578,0.024671882344443553,0.012863221779041987,0.006885907104485423,0.024509448645447348,0.0015267349888708115
686613,2024,"Brown, Hunter",R,2889,31,6,2.4166439026503217,2.2247997070779206,2.187552179022605,0.19078282824440235,0.019681867642239666,0.0010613673279988316,0.006686246004556346,0.049520528555824055,0.008127200414029779,0.06748136617964282,0.031209154138231898
686613,2025,"Brown, Hunter",R,2962,31,6,2.22408442569372,1.9783310245063672,1.9372911234733587,0.20509104167791506,0.02026707599171245,0.04066235950943777,0.005561297169352435,0.054486860986002604,0.00894567405544645,0.045268726669195604,0.06447102140383279
686613,2026,"Brown, Hunter",R,1881,20,7,2.309083764182252,2.1935240826749287,2.171262551793178,0.08826105614025512,0.019012648652708502,0.02729862536706761,0.013853350676576556,0.029323487106844168,0.006589906538600686,0.03019712798553735,0.028414900593003257
686642,2024,"Ellard, Fraser",L,432,25,5,1.7874897770181803,1.7584611047478418,1.7558822377199224,0.021875430655495992,0.01665343045512615,0.0071532416148426614,0.013541783149007556,0.00334555722540862,0.003875794604553986,0.0013608633413769282,0.0051591568090927535
686642,2025,"Ellard, Fraser",L,329,18,5,1.7854076970343966,1.6169138408833774,1.6097668819803066,0.13166970143103632,0.03498943797271612,0.03682415471998262,0.01958225907584339,0.009257281413820382,0.004060172759557502,0.011521858893084122,0.005991063895651525
686701,2025,"Bergert, Ryan",R,1312,19,6,2.0743714438410303,1.9656330743972381,1.972524279995156,0.09531340786591858,0.020521550756326896,0.013424961577874123,0.015384196341864881,-0.009132587620674858,0.007677470938903542,-0.009590762507494856,-0.00860254216337329
686730,2024,"Spiers, Carson",R,1554,22,6,2.314320969106165,2.1636705605273114,2.1586887699508592,0.0880780753080048,0.017028537737123203,0.06257233327084877,0.01631129489054572,0.006767222513817062,0.006056060419947793,0.01296172680515011,0.0007224989825507919
686747,2024,"La Sorsa, Joe",L,271,16,5,1.7341065773821585,1.4137898789052148,1.4134037065990066,0.179009274979697,0.02819342980197005,0.14130742349724668,0.024149810304207688,0.0005312319542256751,0.009183011841750636,0.007171668501586037,-0.005653488359492308
686751,2026,"Johnson, Seth",R,605,28,6,1.8796774002081842,1.8067624597343217,1.8040543066995176,0.029909891374566924,0.020938939843072813,0.04300504909929521,0.025005703560185468,0.0036653972842430583,0.007158744277882067,0.011360946213350187,-0.00509795508478803
686752,2024,"Pepiot, Ryan",R,2149,26,6,1.8436794349207781,1.7571194694990053,1.7506586007234484,0.04125693378972142,0.01318009543796562,0.045303031632051245,0.008041252518402894,0.008623855278678275,0.004849919579166704,0.007252230318571541,0.009890600910891547
686752,2025,"Pepiot, Ryan",R,2698,31,6,2.0245671511936556,1.8761096638360617,1.8621167033811044,0.052018035420305433,0.009436230345976649,0.09643945193728831,0.009526016652184747,0.01872669013267608,0.0036964791153396136,0.02211690732933846,0.015302672166356033
686753,2026,"Jameson, Drey",R,306,12,5,2.23484286427184,1.9244029580878503,1.9207728791940022,0.1999348627884531,0.043133830798983405,0.11050504339553617,0.021696629505684763,0.005049109734170614,0.005232873977995601,0.007960065351479998,0.0014912750907924751
686790,2026,"McDonald, Trevor",R,1137,14,5,1.5206414770735432,1.4513963916366122,1.4541183104327664,0.02896841398460601,0.02913032778784695,0.04027667145232499,0.012152268272298778,-0.003742226930141775,0.002200131824865725,-0.005650933199377469,-0.0018381310625225926
686796,2024,"Walston, Blake",L,343,7,6,2.5022949508996555,2.2959657453479867,2.290302925532798,0.1412820536398555,0.06604939485518624,0.06504715191181323,0.015408614910826896,0.007470566140806628,0.009184515454414644,0.01284533300928748,-0.011248449504592195
686799,2024,"Kochanowicz, Jack",R,859,11,5,1.3563192768802848,1.3062194233410072,1.3106567584888789,0.02275008981546184,0.01208177309065361,0.027349763723815708,0.01986839153962569,-0.006416954363673337,0.010303805823107302,-0.0006823148379546031,-0.013345422192143925
686799,2025,"Kochanowicz, Jack",R,1858,23,5,2.0140427998914188,1.9112472725675662,1.8942136243267291,0.050052835412781424,0.013122780898959137,0.052742691911071164,0.015197896825295858,0.023530496975074183,0.007869310278858638,0.03586867179926813,0.010610155606664073
686799,2026,"Kochanowicz, Jack",R,1106,13,4,1.9446752805437049,1.8655037813582773,1.8654735740518225,0.05587680140054114,0.01598309919189683,0.023294697784886412,0.00763702725186598,4.119516761900133e-05,0.004198935725549913,0.006636935127450111,-0.0074769042061198915
686826,2024,"Jarvis, Bryce",R,1006,44,6,2.268830789126845,1.836193286230291,1.8084798676316032,0.33863129830047334,0.029223235960869988,0.09400620459608118,0.014127369690136896,0.03707406796579738,0.007839098297148265,0.041269265586962846,0.033362527213237465
686826,2025,"Jarvis, Bryce",R,409,12,6,2.248094077862606,1.831661040700655,1.8261634470078942,0.34145334933292865,0.06329809855037306,0.07497968782902255,0.01751072265469183,0.007253276839803889,0.004671128322275606,0.005856026532824089,0.009293705859520421
686930,2025,"Barnett, Mason",R,431,5,4,1.7216839022993613,1.629290374208488,1.6232866228241,0.036200215331584476,0.009052513431593578,0.056193312759288704,0.014293186960389342,0.00791320136596681,0.003819562645712093,0.006333177136738674,0.009777629956456013
686930,2026,"Barnett, Mason",R,909,20,5,1.9977095658285122,1.8402498878792934,1.83739181801016,0.1421811599016021,0.017568290857437663,0.015278518047616709,0.018269962951150086,0.0038205669280034897,0.004780859699020934,0.0036827656939428083,0.003933985101881854
686934,2026,"McFarlane, Alex",R,312,19,4,1.8527590081654108,1.5146758872737365,1.4905439541316536,0.2774869457193218,0.05406615142259688,0.06059617517235239,0.017999608157954636,0.032314004894119466,0.01130026152693142,0.044185988979519725,0.02223224063112084
686973,2024,"Varland, Louis",R,901,16,5,1.9975945879931232,1.9187462688648838,1.9061402288347715,0.06072736186615591,0.013690427285155281,0.018120957262083282,0.01939485151948246,0.017105485040860447,0.008271106326904839,0.008614524606828069,0.026860471947273045
686973,2025,"Varland, Louis",R,1066,74,5,1.7622917250681502,1.5939618177757569,1.5922014816485444,0.12833736906091361,0.01574627424616056,0.039992538231479954,0.012083799311357774,0.0024338758905427292,0.006853394895017827,0.006538189051297104,-0.0013139832736200755
686973,2026,"Varland, Louis",R,1236,71,5,1.9229028305610445,1.6888339065395106,1.6871443643963675,0.217579321186341,0.018770798007008635,0.016489602835192817,0.00936540645979392,0.0022478730774216672,0.004031783085628469,-0.001901384113939715,0.00674135115685563
686993,2025,"Sterner, Justin",R,1092,59,3,1.4395353139477212,1.3712368493454898,1.3463972147444718,0.0021460226195272217,0.0028527187492622575,0.06615244198270417,0.013256331404469579,0.03279913057353269,0.005849251487726519,0.03170383205894901,0.03408754751042454
686993,2026,"Sterner, Justin",R,726,46,3,1.5779603282618686,1.5025958398674226,1.493925841311578,0.00025384554753075966,0.001342475811267931,0.075110642846915,0.013043074579515514,0.011591931770798323,0.003305105655337358,0.007258558021896645,0.015428773110971683
687064,2025,"Young, Brandon",R,939,12,6,2.25595960387223,2.0447566378541255,2.033686795749691,0.12286351028959495,0.02322799305920255,0.08833945572850946,0.022913364995008487,0.01521900693420782,0.00909441066642709,0.015378993968117528,0.015068564581298405
687064,2026,"Young, Brandon",R,2530,28,5,2.1624767793908704,1.7975373222809423,1.7966759787150381,0.25432015016779014,0.017018402762496908,0.11061930694213792,0.010785514089087738,0.0011728736392557998,0.006766143629282366,0.009667304925310533,-0.006946014368889147
687075,2025,"Sproat, Brandon",R,290,4,6,2.4339936819268218,2.2816933004631275,2.2733620891483457,0.1218586048872247,0.031140834787824718,0.030441776576469844,0.015495518421894028,0.011728404278090195,0.006209015025175177,0.010042675467535046,0.013988813364970966
687075,2026,"Sproat, Brandon",R,1727,22,6,2.448029785475824,2.2213206658221822,2.206665658648186,0.14297583313033696,0.025067213517709862,0.08373328652330482,0.014892887395213689,0.01936434383281655,0.008294136981709466,0.02887226405131893,0.009986471155296724
687134,2024,"Blalock, Bradley",R,551,7,5,1.9732266373763037,1.877798648399626,1.874352748870869,0.10288319709948054,0.026110725594861557,-0.007455208122803365,0.008877355587895892,0.004699729307785385,0.007223819490994582,-0.005197379242999847,0.013399978219871002
687134,2025,"Blalock, Bradley",R,1033,14,5,2.0778360650243592,1.8446855473392376,1.8438705703527993,0.20401402744770067,0.025588941561241425,0.0291364902374208,0.013701429504702685,0.001110648056716032,0.006061817085032087,-0.01042784472937773,0.012957656692705351
687209,2026,"Maxwell, Zach",R,291,12,3,1.4302656876448245,1.4412283458983692,1.4412363395671595,-0.0006272645409289765,0.007182719593053452,-0.010335393712615451,0.01442477386689397,-1.0384632222893767e-05,0.00393038903499379,0.0013013104173175542,-0.002115197618694775
687223,2025,"Palmquist, Carson",L,705,9,4,1.5816230439438441,1.4578541677928947,1.4497041651524545,0.02488523038436861,0.01060064503208498,0.09888364576658093,0.02336255639517831,0.010841041248132741,0.005285407006895294,0.0043851867306109495,0.018350912829739722
687223,2026,"Palmquist, Carson",L,313,11,4,1.8432517823251062,1.757613155916269,1.7527813733781687,0.041780334574584264,0.016975589785303936,0.04385829183425249,0.016643084015346966,0.006463025360792898,0.005622794668555429,0.008528384854951554,0.00270556411238378
687239,2026,"Peoples, Ben",R,282,16,3,1.2024147607962703,1.1613776660058892,1.1639085268260267,0.04879628994356096,0.015412134670611411,-0.007759195153179834,0.010631133712321031,-0.0033350595854149596,0.0023428915461288814,0.0018621855054099753,-0.01077656960182339
687273,2026,"Mathews, Quinn",L,867,9,5,2.1649944327095256,1.9063057309124978,1.9073132187457613,0.21081078365569159,0.039027197943939544,0.04787791814133646,0.019200474061489024,-0.001333575498381115,0.004446075104384878,0.00282830928322895,-0.006319457602524719
687309,2026,"Hjerpe, Cooper",L,254,4,4,1.7893297966734178,1.6673410718546018,1.66782195297568,0.1027819822718895,0.019381562865028852,0.019206742546926295,0.013252578605871077,-0.0006137879635869915,0.0031974856461279787,-0.0042618118019364356,0.003071084600402346
687312,2026,"Hughes, Gabriel",R,1142,14,6,2.181865170333535,2.1243185610798316,2.1242489736941894,0.04705389361803015,0.019274832299246467,0.010492715635673472,0.009469619490147942,9.251314831624351e-05,0.007955461840142753,-0.0022236835786853364,0.002139502799591764
687330,2024,"Kelly, Kevin",R,1033,68,4,1.3771994716234932,1.158463893283723,1.1579780855063342,0.10761073844779366,0.014331820675117976,0.11112483989197654,0.012224360691744884,0.0006655695411705347,0.0047024809728747185,-0.002649184377550601,0.004745266671904242
687330,2025,"Kelly, Kevin",R,588,41,4,1.6060820657173513,1.3083536858295466,1.296626026097143,0.11228795671606968,0.024250152478000535,0.18544042317173498,0.02084037343091351,0.016497282111611028,0.005609181833775314,0.01566460328372318,0.01755623236012058
687330,2026,"Kelly, Kevin",R,987,71,5,1.546160127437137,1.2201897586981854,1.2013828020087187,0.03837759342829076,0.01452759282164735,0.28759277531066096,0.0212262096629394,0.02614431866549781,0.008974078907312584,0.023886483806396797,0.028818984575509767
687362,2025,"Gillispie, Connor",R,471,6,5,2.0449901628636766,1.9615940152822848,1.9481264710168584,0.08107795257823978,0.024558920024870864,0.0023181950031522644,0.0054049219282691656,0.01828015374356125,0.004577121600523182,0.01967730354516353,0.016684643167657425
687377,2025,"Ribalta, Orlando",R,501,22,4,1.968366238362177,1.8135215383163221,1.8069970556128092,0.08441160338602513,0.02492141404035852,0.07043309665982944,0.01431726254398227,0.008579437885721745,0.005432172741615956,-0.004038637636380561,0.01732797024771268
687377,2026,"Ribalta, Orlando",R,750,45,4,1.9111141633182818,1.595782879460238,1.593335450874432,0.2527016865741186,0.023437410494585115,0.06262959728392535,0.01228377621476637,0.003209040977891808,0.005776817786167498,-0.0008455198291161884,0.006783456426175174
687396,2025,"Headrick, Brent",L,366,17,3,1.2799047100275347,1.1054883873030124,1.1040825453163192,0.12085144871917139,0.016696901894862875,0.053564874005351246,0.014938909484037451,0.0018710478804713046,0.007644214231584205,0.00148847530040695,0.002245363498376
687396,2026,"Headrick, Brent",L,1282,81,4,1.7192247588643408,1.4652246121833998,1.4511897081737293,0.16554892743673955,0.022645163477746203,0.08845121924420163,0.012990679765318947,0.018820865000415604,0.007759997448614771,0.01632687912807218,0.021936880290331737
687424,2024,"Maldonado, Anthony",R,297,16,3,1.1959094672020105,1.165461055996214,1.1684739114412401,0.043594172413995165,0.02153543981316341,-0.01314576120819857,0.006911339749106542,-0.004123585563008106,0.002512322357851921,0.0006417583429291812,-0.008196529072356214
687473,2025,"Gusto, Ryan",R,1760,27,6,2.297818118662685,2.1182947733443016,2.1176877297026793,0.17957429537489436,0.04082317072636053,-5.095005651095158e-05,0.00876988654344442,0.0008180680009611711,0.007115159170074696,-3.8798803776414096e-05,0.0017042978426212328
687473,2026,"Gusto, Ryan",R,1436,23,7,2.7120432570406323,2.5963307429228895,2.5819400474745593,0.09887993409411766,0.011201929811229024,0.016832580023625143,0.01235940965645819,0.01983209084817844,0.00551520264750116,0.021989593085095693,0.017879689372357534
687562,2026,"Bennett, Jake",L,1618,20,6,2.1349081317567884,1.996848000857837,1.999363572014105,0.0885589939775145,0.018860947003332528,0.04950113692143664,0.01292990205675981,-0.0034937288676748102,0.005534360141390353,-0.008383687427053543,0.0011586940162902164
687570,2026,"Prielipp, Connor",L,2067,24,5,2.234636233484847,2.0963894579330753,2.0866040361153835,0.05468072324052743,0.006371601230465504,0.08356605231124471,0.012394732612120147,0.013211278182343245,0.005970198683248671,0.012544131328484809,0.01387408163220521
687606,2025,"Schultz, Paxton",R,448,13,4,1.930309356689418,1.824022588662282,1.8213771676010178,0.04724569155710768,0.018143633331024343,0.059041076470028216,0.019479069759643714,0.0035063569096047405,0.004411517375277149,0.011477116158838913,-0.0047525020715294625
687606,2026,"Schultz, Paxton",R,610,27,4,1.7387598415694927,1.59177100719538,1.589578664308436,0.03588277358277127,0.009083205699472586,0.11110606079134129,0.01382402951211942,0.002932739388236771,0.005647788021559852,0.009673125054548655,-0.007497913290916256
687765,2024,"Spence, Mitch",R,2480,35,5,1.9104099825564136,1.6248728877428513,1.6214580557111715,0.13018772281209168,0.010145206387616887,0.15534937200147067,0.014813083108778508,0.0046404292814059,0.004321724284614705,0.005820442389615715,0.0033870820252282414
687765,2025,"Spence, Mitch",R,1353,32,5,1.878797522295828,1.7321571834545222,1.7302198831877011,0.0485375407351705,0.018928934696570608,0.09810279810613573,0.017968742549503054,0.002677392503583602,0.005720445837236501,0.005654953220364393,-0.0004819561306427532
687792,2024,"Herz, DJ",L,1586,19,4,1.5920874621573309,1.4660861014065827,1.4666679076599332,0.08393590285642487,0.0150217336928185,0.042065457894323276,0.008238802533115666,-0.0007663992672872911,0.003498200278396877,-0.0004976048921360379,-0.0010604369402788356
687830,2025,"Gipson-Long, Sawyer",R,463,8,5,2.2931157074712516,2.0107510927182597,2.009751264264286,0.23591185047796484,0.050970350393775,0.04645276427502749,0.01134904816464927,0.001407053416990015,0.004868316148394691,-0.006854145880583484,0.014379717938960899
687849,2025,"Kent, Zak",R,308,12,5,1.9174012976228685,1.8252371667700673,1.8165465726755112,0.05675780422778413,0.043386219422071624,0.0354063266250169,0.015365309903549132,0.011537512849669253,0.007374545299674127,0.006520795655430669,0.02415531670184509
687849,2026,"Kent, Zak",R,294,11,5,1.666267696294403,1.6047018715856836,1.6056816816373116,0.031283472165129396,0.01096997793566074,0.030282352543590258,0.018600137278483843,-0.0013336303480495307,0.004615961948895603,0.0012935621327693728,-0.003865288556838656
687863,2024,"Hodge, Porter",R,642,39,4,1.070332143100044,1.0347981292306727,1.0366668571934607,0.02123006343741524,0.012726392261317266,0.014303950431956165,0.008600690541001935,-0.0025098814897699193,0.0034134998955714264,-0.002144197102233045,-0.0028755658773067946
687863,2025,"Hodge, Porter",R,624,36,4,1.5332947921315163,1.5045703957320888,1.429163272424791,0.012224863903982442,0.018511483106976385,0.016499532495445075,0.011828283174371922,0.09843942456852271,0.013960800974746052,0.08707759235168167,0.10788585212045568
687888,2025,"Walter, Brandon",L,814,9,5,2.2986378197413897,2.047820287801099,2.0467164499700385,0.1088592440482691,0.03185684098000151,0.1419582878920214,0.025642298320107317,0.0014950482437325005,0.00505556649434253,-0.0022099775927900377,0.005857850406304331
687911,2024,"King, Bryan",L,416,28,4,1.5487410597341245,1.422314088341562,1.4019078149062867,0.09543966375763667,0.02653895174364255,0.030987307634925684,0.01197504965762802,0.027651497553988946,0.0058018655722660885,0.017316735835369426,0.03587095716645826
687911,2025,"King, Bryan",L,1046,68,5,1.2867734811617553,1.2736166583885122,1.262406325927036,0.020411036228434792,0.010687376828531221,-0.007254213455191704,0.011252838540101817,0.015208829772638455,0.006406885337802044,0.011180468029025382,0.019552076935563607
687911,2026,"King, Bryan",L,1067,60,5,1.5053472049796683,1.3584645431917362,1.3253561601513453,0.10932365209100625,0.021845980462425595,0.03755900969692583,0.009988124955419217,0.044717271777338335,0.010115317349672673,0.03894331296652676,0.05113964307492554
687922,2025,"Lucas, Easton",L,438,6,5,2.032564655047465,1.896667829693602,1.883215706930141,0.13476088971135633,0.034007201070652304,0.0011359356425069626,0.01722857379596885,0.017854635667866162,0.009464861526020597,0.009871132135270305,0.026545538247654064
687924,2024,"Aguiar, Julian",R,530,7,5,2.2138787667252577,1.8282669730468424,1.8159552861747195,0.32771403585232156,0.06742832465314169,0.057897757826093466,0.037555439239247944,0.01673126677493628,0.004847891576270849,0.011219917649171976,0.023863600937690087
687931,2025,"Whisenhunt, Carson",L,408,5,4,1.5190112781344394,1.4709903215743523,1.467923244172608,0.03694318419903463,0.012636146727567318,0.011077772361052774,0.013741207924896512,0.004089436535658894,0.0028188179903676945,0.006455567903389984,0.000663278315184276
687931,2026,"Whisenhunt, Carson",L,617,8,5,2.0776784138650384,2.0219873962342825,2.0093191713186647,0.0619800017693668,0.02378215347075528,-0.0062889841386103975,0.007995270752871972,0.01729268755074408,0.006608523349850975,0.017367660333496827,0.017216375968299325
687941,2026,"Gamboa, Alec",L,466,21,5,1.7504145717369908,1.6871999680604393,1.687739386702759,0.08194478432846636,0.03559444721570388,-0.018730180651914955,0.018130925732071552,-0.0007526020578475731,0.008601661978953817,-0.010017090955417368,0.018901967846342547
688107,2024,"Gasser, Robert",L,399,5,5,2.2692028289552924,2.234522087546282,2.2333498868193296,0.023000429173470272,0.014710938741048124,0.011680312235540214,0.02206506414188861,0.0016410810177331342,0.002947245733082331,-0.0037941452521891134,0.009114517138876224
688107,2026,"Gasser, Robert",L,1817,21,6,2.3144245302718662,2.193242200082533,2.1961316211345268,0.04421834542894919,0.010416440498819277,0.07696398476038438,0.01528232272528655,-0.0038774579405265186,0.005743055820603016,0.0023509052723224293,-0.010161266523222785
688138,2025,"Evans, Logan",R,1338,16,6,2.493003013715009,2.2440018202314764,2.23886739776855,0.13584206860682732,0.019540643953613657,0.1131591248767052,0.016614945729879458,0.0069603416974627404,0.004943233128814274,0.010390865634445218,0.0035781349990293143
688158,2025,"Morgan, David",R,766,41,5,1.9760438173271546,1.8482379641973854,1.8411114577781944,0.0839846719640253,0.0215889717000496,0.043821181165743975,0.015567445606952538,0.009510285569860817,0.00818429072901263,0.004784039014630723,0.014269582800302312
688158,2026,"Morgan, David",R,597,32,4,1.988771402499452,1.8972925554364057,1.8769349005260954,0.060304711211928305,0.020389871647141244,0.031174135851117904,0.01231981741235831,0.027875045829026262,0.0070398473074385634,0.026066086978886273,0.030029434007333683
688297,2024,"Roycroft, Chris",R,596,27,3,1.5232067914689187,1.3796768343412567,1.3815545397978417,0.13148570299247175,0.023047896210442446,0.012044254135190216,0.013648190223574766,-0.0025376699594666574,0.0033548033444617434,-0.00675198315029608,0.0026344416838239987
688297,2025,"Roycroft, Chris",R,394,20,3,1.531992953692736,1.3799319620033237,1.3847472551255697,0.14159110763104807,0.026634420750966465,0.0104698840583641,0.00812720937459058,-0.006497347569058053,0.0025055209428304546,-0.007044358839227482,-0.005986562210820373
688297,2026,"Roycroft, Chris",R,695,27,5,1.7777473180843342,1.648549135507724,1.6431788610045208,0.08025958206753962,0.02386065074908009,0.04893860050907094,0.018974094067842593,0.007376167548866035,0.00493249589426606,0.007120131392715221,0.00766909026988604
688497,2025,"Rashi, Taylor",R,319,10,4,1.6427746804088814,1.4154961245796356,1.4068380815229142,0.08363596808027676,0.01579976427557794,0.14364258774896912,0.029101331593983853,0.011227299736154703,0.006549380122733883,0.016500218133240725,0.004708055172484712
688642,2025,"Agnos, Zach",R,527,30,5,2.0031232746747256,1.7575563886953853,1.745728468837515,0.13748993146211563,0.03420306729107361,0.10807695451722432,0.024356501296163506,0.016023942840867982,0.007340749868717806,0.017358089909570922,0.014442453899877424
688642,2026,"Agnos, Zach",R,1502,41,6,2.5298312087200516,2.388889608517285,2.3926619513374217,0.027736546216850597,0.010444347365616568,0.11320505398591563,0.013979087095788809,-0.0051650491484456695,0.004785836002756826,-0.010440220597102859,0.0001973953572665094
688883,2026,"Pallette, Peyton",R,442,16,4,1.568672513630739,1.4811731013770024,1.4794128763591976,0.06997508161017246,0.026425305728844203,0.01752433064356393,0.012613315374216092,0.0022551288633906722,0.004654092713476423,-0.005825655410467868,0.0077076968928389104
689017,2024,"Knack, Landon",R,1149,15,5,1.9117150317154896,1.8154737781737826,1.806938820275489,0.061767335380810195,0.030243098906878683,0.03447391816089652,0.021305940920156776,0.011363460747554274,0.008597518051820479,0.01135906724183764,0.011368890027934665
689017,2025,"Knack, Landon",R,773,10,4,1.7795620383056874,1.6722985761982747,1.6525691458323089,0.06239671993706838,0.028865279945694437,0.04486674217034445,0.007719111140983415,0.02593681917158424,0.006583929208748189,0.041991756843679055,0.011831043261596784
689147,2024,"Kerkering, Orion",R,1087,64,3,1.4081330668870085,1.3096305508193413,1.306686827251071,0.09211315909541638,0.014832617113556398,0.00638935697225051,0.006791038295012334,0.0038598643168999257,0.0045076541902230455,-0.005991994861686571,0.013179815605562736
689147,2025,"Kerkering, Orion",R,1073,69,3,1.4955411958238558,1.3562098373114548,1.357834452733716,0.12476228894876198,0.01619756554430192,0.014569069563638909,0.007539625595948055,-0.002154774225075781,0.005365134949270514,0.0043432769568416815,-0.008965389894224718
689147,2026,"Kerkering, Orion",R,1093,62,4,1.7514529392834703,1.5077597569093106,1.5062121840983131,0.19294787840700744,0.020497030106211726,0.050745303967152065,0.011363084294659629,0.002047817291065711,0.004938710722998195,-0.003370851993387887,0.006423066669541375
689149,2026,"Dallas, Chad",R,260,6,5,1.7213089332217832,1.5438987159428752,1.5421861390157325,0.21756804698547522,0.03015249991006449,-0.0401578297065671,0.010576680328728136,0.0022717857196789845,0.005559642209362417,0.006360300574052216,-0.005968144217596297
689225,2024,"Brieske, Beau",R,1152,46,4,1.9118458106507754,1.6760946639489858,1.6725263397509669,0.2083041721262521,0.024364736252589884,0.027446974575537755,0.011559809990684948,0.0047303906514585435,0.0061139083182493205,0.008481626455472034,0.001123107462948959
689225,2025,"Brieske, Beau",R,405,22,4,1.7864281350386457,1.550263365233905,1.549364447417778,0.22411138138015155,0.026948940034857045,0.012053388424589046,0.016410410469700085,0.0012015238136350913,0.005639592004007811,-0.0034096179353879387,0.006094980363618715
689225,2026,"Brieske, Beau",R,387,18,5,2.16997911439229,1.9100267252253853,1.9065522195706675,0.22732477865562598,0.029193677987383617,0.03262761051127851,0.013753169714568322,0.004718012941669469,0.006944295080623607,0.008696473253279473,-0.00023156760348313913
689254,2025,"Fluharty, Mason",L,859,55,3,0.9998010168259049,0.9709675795853773,0.9611756904377862,0.02214780618714529,0.01125133222622732,0.006685631053382211,0.006428825657069649,0.013000359780186715,0.005307501751751511,0.005692670424565639,0.01935762710978771
689254,2026,"Fluharty, Mason",L,1034,83,3,1.3730279955124671,1.2221740979629456,1.2225132704270372,0.12589905366601062,0.013297467478869115,0.02495484388351052,0.008380602597177834,-0.0004548694265505308,0.0038110809560130757,-0.0037225163721682397,0.0031422133146744133
689266,2025,"Dodd, Dylan",L,536,28,4,1.4563318594241896,1.4299379585784908,1.4120891135805353,0.011136438166678473,0.007129235839975693,0.01525746267902036,0.01446843183092484,0.024037640499759323,0.007961771450014593,0.03221683979977752,0.013290553047409845
689266,2026,"Dodd, Dylan",L,779,48,4,1.1996033331670017,1.1785831501816917,1.1657319037720857,0.012775897791150391,0.01140512261454336,0.008244285194159644,0.010042977509585091,0.017083824152019023,0.004872831633451627,0.01329296295608694,0.020722543761492292
689296,2026,"Nunez, Anthony",R,993,52,5,2.135459219955106,1.7163463634427893,1.7053488516710336,0.3096059293113978,0.025286757921605913,0.10950692720091858,0.01672873525327336,0.014777441392900275,0.007951486217155383,0.016424552668027836,0.013043399244918756
689441,2026,"Crow, Coleman",R,295,5,5,2.194949114575337,1.941204552527979,1.9351760476998283,0.1983347647684967,0.025271441783456056,0.05540979727886036,0.016442119171267762,0.008468613925259959,0.0016571249038305732,0.0068719976524787936,0.010224891825319242
689520,2026,"Laweryson, Cody",R,296,15,3,1.226809952200691,1.0455733744477311,1.0393763684085868,0.19806213271356024,0.023042048592868482,-0.016825554960600484,0.010609241110239361,0.008414283429297039,0.003482920468836574,0.008098264894381861,0.008780364306376994
689546,2026,"Davila, Nick",R,446,24,4,1.2856534411372882,1.2259241607306932,1.2260760487029498,0.04624036487961214,0.020266113320518704,0.013488915526982758,0.011149345270865453,-0.0002071621884597698,0.0049535388364705234,0.0018559073348067886,-0.0024410591244808837
689672,2024,"Thorpe, Drew",R,721,9,5,2.0483739467919633,1.9104533746177386,1.9064878398444187,0.07175490666683886,0.018261815734032426,0.06616566550738581,0.01396631474115062,0.005384464353227014,0.003709662281943054,0.012012505181739951,-0.006609133336463061
689690,2025,"Jacob, Alek",R,586,29,4,1.8186687944710207,1.6890606991742851,1.689272718863916,0.12343469803115471,0.0200162861516125,0.0061733972655803005,0.015675746176852856,-0.0002869365776530605,0.004347423968124925,0.0014539228283099695,-0.0031991149666405956
689818,2026,"Sandlin, David",R,638,8,6,2.450246359574903,2.3405011428274647,2.3491989141913345,0.0848631631695614,0.034598662922377926,0.02488205357787771,0.019717055898551755,-0.011781694543841738,0.005374445709939132,-0.0063275891187626315,-0.017076056295382957
689981,2024,"Ryan, River",R,295,4,6,2.2788801890220776,1.9356184097591769,1.9329388230274902,0.3306054396038726,0.03211188068192935,0.012656339659028326,0.012549399651752146,0.0037111647222887617,0.00493565242939622,0.012776052947705042,-0.005101921052421511
690279,2026,"Adams, Mason",R,468,6,6,2.3559457238200334,2.279453295355542,2.2844617200635082,0.017421431639289938,0.017007054455881784,0.05907099682520145,0.01173005452425971,-0.0068137871026984365,0.004748344150001507,0.0025894441414218857,-0.016438270846680415
690544,2024,"Horn, Bailey",L,303,18,4,1.5483424367608953,1.5173634007737746,1.5110691795067206,0.019223765313139084,0.014602849427589933,0.011755270673981664,0.011846281855728533,0.00878870527150889,0.005489808992464223,0.012835065145578865,0.0050646218475860795
690829,2024,"Joyce, Ben",R,541,31,4,1.6637719496415757,1.4949209767329634,1.470556651892656,0.03386851821250921,0.01614117786564389,0.13498245469610295,0.02011786986061906,0.03311834105177459,0.012927041447325482,0.035334420483465336,0.030857265083399747
690829,2026,"Joyce, Ben",R,259,16,3,1.222141488958896,1.0634460063172304,1.064685609398426,0.09422196943198578,0.020265137693638986,0.06447351320967953,0.017735350743991254,-0.0016215010001496086,0.0068494487461440694,0.003517420549250739,-0.008045152936900042
690916,2024,"Fitts, Richard",R,314,4,4,1.8061168783642745,1.5851855564954926,1.5858816867164343,0.20062304956590546,0.036517558700463124,0.020308272302875845,0.021840367950773994,-0.0009545191675792804,0.004367533117362586,-0.008143768281591524,0.004922406695462474
690916,2025,"Fitts, Richard",R,735,11,6,2.2173006566449023,1.8290495695686995,1.8271433717966006,0.2923228888148419,0.02772342775172181,0.09592819826136094,0.017257874102880738,0.0026041921235926695,0.00977349524048015,-0.0023340940277463847,0.007120702945279987
690925,2025,"Beeter, Clayton",R,465,26,2,1.0071024859764888,0.9536766504159213,0.9418698187130502,0.0046150249161719835,0.004040782289837511,0.04881081064439557,0.010358035956816723,0.01520824582225788,0.003767119511960897,0.012115011342614937,0.01931925422746076
690925,2026,"Beeter, Clayton",R,796,50,2,1.0053422125949798,0.9517955625489603,0.9410801640856026,-0.00022185270652285826,0.0006437938155253645,0.05376850275254242,0.008446619092942555,0.014530591442645242,0.005148441114716369,0.00480089533910882,0.02429349470011865
690928,2025,"Dobbins, Hunter",R,931,13,6,2.166853640030791,1.9754339201907105,1.9806539379326187,0.12105097644277205,0.040422369544271655,0.07036874339730799,0.018556286242205424,-0.007189107274728007,0.005682681654900626,-0.002586618451043095,-0.012888878202072896
690928,2026,"Dobbins, Hunter",R,932,11,6,2.486136575493386,2.2463698527066183,2.246238176861815,0.20297008568479089,0.02050119897106536,0.036796637101976976,0.01661032223029858,0.00017531698193812617,0.006581304635024344,-0.008272944387492041,0.01038252235888372
690953,2025,"Abel, Mick",R,720,10,6,2.244582270823611,2.006393655688919,2.003950651121521,0.22924701635651165,0.045986099456271176,0.008941598778180479,0.012674829938613687,0.00322154448448075,0.006121590119224278,0.011571218146635047,-0.00623707021092841
690953,2026,"Abel, Mick",R,357,4,6,2.28950542363658,2.024687022714986,2.024051283319236,0.2288381973541057,0.04727032039057572,0.035980203567488184,0.010936386718966894,0.0008564489218218539,0.004445249928922776,0.0042143864899243,-0.0028479425223546526
690978,2026,"Fulton, Dax",L,479,16,5,2.15200041951158,2.1372558913891044,2.1406946765156856,0.004750017717153806,0.009199335356663606,0.009994510405322203,0.016370952829208984,-0.0046139441894465,0.005880681694866781,0.002680813773316619,-0.01162813453825719
690986,2024,"Harrison, Kyle",L,2078,24,6,1.4481412148569643,1.4148584157336568,1.4116626043172018,0.014745320706167419,0.011222838137823212,0.018537478417140124,0.009250525929601827,0.004306677122822955,0.0032007466536850457,-0.0005732379765650445,0.009406641444199277
690986,2025,"Harrison, Kyle",L,587,11,5,1.6126011178826782,1.502186219388352,1.4930330019891171,0.0627857582507304,0.015807800433726264,0.04762914024359591,0.01914304138016177,0.01243735790127475,0.004079557871522182,0.010634693531127242,0.014020567478534737
690986,2026,"Harrison, Kyle",L,2106,28,5,1.4153500180170886,1.3533502716587134,1.34990407896315,0.04244008277666025,0.006297084137163093,0.01955966358171539,0.008217007720857383,0.004538887940497703,0.004624167382366596,-0.005106378812941087,0.015375402779022565
690990,2025,"Horton, Cade",R,1788,23,6,1.9346173041538783,1.5262205310324852,1.5270426331343407,0.34598935232260436,0.02644672485325281,0.062407420798788804,0.011688920240307724,-0.0011246507713218107,0.005091346640670749,-0.001781566533166432,-0.00048067425933170607
690997,2025,"McLean, Nolan",R,738,8,6,2.4532211573887057,2.2733027863975397,2.266428233605132,0.07344987307210525,0.01566393802371266,0.10646849791906057,0.014899502345242743,0.009207658731029307,0.007550581153717681,0.023674969655791436,-0.005207234400527167
690997,2026,"McLean, Nolan",R,2914,31,7,2.524828307495134,2.3224278645846694,2.308193556359219,0.02113300443113228,0.006733418795670743,0.1812674384793325,0.011917768984178874,0.019158787145017002,0.004955394378159629,0.023576398230840137,0.014587556124818428
691172,2024,"Zulueta, Yosver",R,286,12,5,1.307713577884141,1.217190224134482,1.2153141976596216,0.025825539094115186,0.011429509844352257,0.06469781465554379,0.03290980828691409,0.0024725510221662956,0.0066572142526555925,-0.0022051949733150134,0.009462286417713078
691251,2025,"Lara, Andry",R,255,9,4,1.763425784049496,1.6820360934911567,1.6850052697804736,0.06069964287622655,0.030231925183311435,0.020690047682112574,0.017039544093523627,-0.0042776268574908505,0.005666855291088234,-0.0031987554341025614,-0.006381426133098015
691384,2026,"Perales, Luis",R,250,6,4,1.9526189206942268,1.8041124938265911,1.7958157269809878,0.03658249092511666,0.01087762992896377,0.11192393594251941,0.023008050875394866,0.010916798481056695,0.0034722772399741427,0.013141314844063253,0.008644951982667017
691587,2025,"Pérez, Eury",R,1673,20,7,2.0119046284168514,1.8232230569312353,1.8068916293892288,0.10707563486448135,0.026470184077863206,0.08160593662113522,0.011760487755345331,0.02124609508380763,0.004884528299665951,0.01702273514430276,0.025129064819233007
691587,2026,"Pérez, Eury",R,2673,30,6,2.3616022067739,2.2045101064411954,2.185753745439304,0.07615363961842185,0.012645236550076192,0.08093846071428291,0.010646001193486397,0.02493075731380185,0.006887021833415243,0.027299243137901646,0.022656918584037417
691725,2026,"Painter, Andrew",R,2126,25,7,2.600818825446384,2.389309477091675,2.372970503310159,0.1613249899673057,0.020005319863529124,0.05018435838740347,0.010599421945709208,0.022083063102036355,0.006343198606252625,0.019081737854909978,0.025444385582308618
691769,2026,"Abner, Philip",L,313,13,5,1.7208823674956553,1.6087723608653002,1.6060897161330694,0.10565683384355713,0.042147312868362964,0.006453172786797709,0.01898211879616778,0.0036989770977454155,0.005563724533763797,0.0050930825562001516,0.0020206365458193248
691799,2025,"Taylor, Grant",R,610,36,4,1.644534336420095,1.5038521958505897,1.4927595909076117,0.08178157610834758,0.01835709216683473,0.0589005644611578,0.014127970554919425,0.014937061843745282,0.005754529683940933,0.022024568401074217,0.008534482390696038
691799,2026,"Taylor, Grant",R,1333,60,5,1.867283324736825,1.6884085455541344,1.6681602746088882,0.15128621847051424,0.025956422802782278,0.027588560712175914,0.009320045243683584,0.02707216165497841,0.007129632635488004,0.022013182877327925,0.031458504677548016
691946,2026,"Klassen, George",R,491,6,5,2.0622725930814076,2.0117042586047322,2.006295850465509,0.03339117946725105,0.030908595917657173,0.01717715500942409,0.01023688755427522,0.007275420263996397,0.007166674296202816,-0.0016132143764934982,0.016019131513608738
691951,2025,"Aldegheri, Sam",L,303,4,4,1.8267151947670373,1.6604101374163929,1.653641202569472,0.10965013317402944,0.01623380957015936,0.05665492417661423,0.01990042354267824,0.008917335907030937,0.007143877303574729,-0.004045609837351163,0.02080003617271453
691951,2026,"Aldegheri, Sam",L,610,9,5,1.8928265315693837,1.7789567771345767,1.7749155041144866,0.09869667842335039,0.03920773300926922,0.015173076011456569,0.01950680673104865,0.005382481533308228,0.005653421362595337,0.010354316569533553,-0.0028081137575832055
692285,2025,"Guerrero, Luis",R,288,13,4,1.695973165469094,1.5503345239141104,1.546317160256498,0.07252511398826215,0.022967856323573975,0.07311352756672133,0.016544362155914687,0.005356484876816741,0.005128701031642769,0.008363614523321813,0.0024587053992754858
693308,2026,"Frasso, Nick",R,390,20,4,1.6298205868899185,1.5735073386792424,1.5701081112804791,0.02118711455089863,0.010279885757395947,0.03512613365977761,0.015252908414750603,0.004555665585971028,0.004945842720393299,0.0023255437085441394,0.007168569576687605
693312,2024,"Nicolas, Kyle",R,950,51,3,1.4500418427598945,1.375890326091847,1.3653470724783179,0.03374015995775831,0.010508696416871433,0.040411356710289226,0.011992777601126332,0.014207221181351372,0.004411199758602693,0.018765581706777876,0.010965474497006793
693312,2025,"Nicolas, Kyle",R,652,31,5,1.5429850823313833,1.4786520358624202,1.4736013537904684,0.03126459935076612,0.013494157565883428,0.03306844711819713,0.012455226535010348,0.006789782909098023,0.0063860760220319016,0.006419466422148298,0.007232151925182762
693313,2025,"Seymour, Carson",R,621,16,5,2.0639709287187324,2.0146614115661756,2.007845377634985,0.007374166879979918,0.017802327119004403,0.04193535027257711,0.0106399663552987,0.009102703379073178,0.006940575746604534,0.004337828676230762,0.013271968744060291
693313,2026,"Seymour, Carson",R,530,25,6,2.1268496999508333,1.8692479984318922,1.8515218314716217,0.18174571319543464,0.042509686873596526,0.07585598832350623,0.027613161449585664,0.02408940638190619,0.008470510513668839,0.026068424748743897,0.022321739491138533
693433,2024,"Woo, Bryan",R,1716,22,5,1.961505370947677,1.8259801956951596,1.8108192678069104,0.09537670531228971,0.01951517836998262,0.04014846994022816,0.009493391355392974,0.020930130535989865,0.006747278961728844,0.015556052319741361,0.025770087828605123
693433,2025,"Woo, Bryan",R,2714,30,5,1.956438084417605,1.7904498116645913,1.7799574858276992,0.11616252789437215,0.01167120348980678,0.049825744858641566,0.011643993497052498,0.014360147413679244,0.0059557407635577484,0.018232950385710597,0.010614132634184634
693433,2026,"Woo, Bryan",R,2667,30,6,2.110739465040838,1.91945196256383,1.9146428233417778,0.1518245922905871,0.020405361900598166,0.03946291018642093,0.010037907203322035,0.0065572465773075395,0.007310331454781023,0.0036926874986733097,0.009559784417844563
693645,2025,"Schlittler, Cam",R,1253,14,6,1.8129892723279002,1.714372077476606,1.7192909410931336,0.10392490800036325,0.019070558270197862,-0.0053077131490695826,0.009747101356573114,-0.006508274668964232,0.009896407450843072,-0.0037185667809100332,-0.009363552614216284
693645,2026,"Schlittler, Cam",R,3040,33,5,1.8760574104352303,1.8030230389797042,1.7899874006414258,0.03802124705940534,0.010674672426922565,0.035013124396121025,0.00651397298908088,0.017388477642986316,0.004936513502678469,0.025088538751143568,0.009293363894716584
693686,2026,"Miles, Spencer",R,1502,49,5,1.8623543891522598,1.7847898794371075,1.782135024770024,0.04648459189237607,0.008613561761122787,0.031079917822776172,0.008741056774118357,0.003582741877771072,0.005156389891979779,0.00583422154051305,0.0012277934805280874
693821,2024,"Elder, Bryce",R,864,10,5,1.838265700263692,1.7185221819910461,1.6925555449934593,0.08418420479427177,0.029554231673805043,0.03555931347837448,0.022855405253996354,0.03516485010331509,0.010624466422168662,0.0242014601054657,0.045206393494738706
693821,2025,"Elder, Bryce",R,2514,28,4,1.772836156506359,1.6167700906204578,1.5955395822297787,0.09268537154118284,0.012807902108134657,0.06338069434471831,0.007977625342767877,0.02907053273102824,0.006203108485488644,0.03132176780107231,0.0270518632673937
693821,2026,"Elder, Bryce",R,2245,26,5,2.2730666444285466,2.0710024237049014,2.0775547874837836,0.1281950289046708,0.017357982446788964,0.07386919181897438,0.011613178657010571,-0.009136681169931986,0.007543440600212644,-0.004286740662635323,-0.01420847410195886
693855,2025,"Seymour, Ian",L,995,19,7,2.240261084435137,1.9950367592429712,1.979025105656784,0.16628204442419986,0.021355233522008073,0.0789422807679666,0.02112306210017012,0.02115749710259772,0.0075117554564512945,0.01774696556387869,0.02534498405102493
693855,2026,"Seymour, Ian",L,2123,47,7,2.27382200299424,2.137108911927638,2.110833850028031,0.04226066132956363,0.011329632082446004,0.09445242973703803,0.011974905511051787,0.03543961652659821,0.007898561795382182,0.034833694237033246,0.036096901765212394
694037,2024,"Palencia, Daniel",R,263,10,4,1.6634993859140013,1.5473598979879792,1.5427993177824184,0.08387917233471198,0.032328330215690766,0.03226031559130998,0.015205475852582537,0.00618264223743559,0.005067741281217248,0.0068122894212458976,0.005498831855017945
694037,2025,"Palencia, Daniel",R,841,54,5,1.1074237105998421,1.0628667237530198,1.0542488610976588,0.03904072707616564,0.011238366587511818,0.005516259770656563,0.01076857778452674,0.011596195989053825,0.005559365246406951,0.023934658981883447,0.00013361154201148905
694037,2026,"Palencia, Daniel",R,477,32,4,1.3243129131627847,1.2972096213421695,1.2897224843090263,0.06053728681685256,0.027092950813389787,-0.03343399499623737,0.011294230893890627,0.010060181309322057,0.0064714947424569244,0.018191328593561512,0.0019747146278030476
694297,2024,"Pfaadt, Brandon",R,2792,32,6,2.1841696489676856,2.028433127776323,2.035332987032215,0.1310441605427234,0.04305125162432631,0.024692360648639177,0.022500506687281964,-0.009480515276796301,0.010628561606734192,-0.022682275268031883,0.0025301084746285622
694297,2025,"Pfaadt, Brandon",R,2918,33,6,2.5095467492070225,2.341274621277352,2.31230879983218,0.1274835535152519,0.0176359033036601,0.04078857441441849,0.007702877913220603,0.039276146364782834,0.00852154823820064,0.040101288329962695,0.038377302398829624
694297,2026,"Pfaadt, Brandon",R,2032,29,6,2.5427267830460085,2.2830052873878106,2.2806960844480746,0.19526674686739298,0.022089942435882245,0.06445474879080473,0.012111570072275457,0.0031898710901048684,0.007028793779253968,0.0011788564392757291,0.005620602011902849
694335,2025,"Svanson, Matt",R,964,39,4,1.5715818412383749,1.4281552064172516,1.4270021714489274,0.09863406633752463,0.016344148993411054,0.04479256848359853,0.010627430780610575,0.001522637958170532,0.004500722917031675,-0.0030977148048397926,0.006350065354817173
694335,2026,"Svanson, Matt",R,788,41,4,1.607725914957735,1.5522160707333998,1.5363899710331426,0.031126626764126707,0.008327719162821216,0.02438321746020862,0.008395614439629748,0.021464658457491705,0.006105037109708458,0.020360417012492978,0.022847100266540493
694346,2026,"Gibson, Trey",R,711,9,6,2.4299425328205575,2.2779021613976562,2.2741086477720205,0.07765828161772864,0.034569528679441,0.07438208980517236,0.01485173579409081,0.005137501310147157,0.008406348552346557,-0.011577029687547027,0.0331940354848481
694350,2025,"Brzykcy, Zach",R,459,26,3,1.4767231753791181,1.4002173204517299,1.396183543156644,0.06867200526183936,0.03395398244732296,0.007833849665549272,0.009311315209984098,0.005305168419611266,0.004577741521062042,0.011260718744646275,-0.0024135382516512153
694360,2026,"Way, Beck",R,389,19,5,2.031422870423472,1.8965647996367574,1.8913227278607738,0.04923594433137409,0.025329555414549336,0.08562212645534055,0.02432992420911839,0.007180161693160424,0.004895185714804407,0.010945763181191165,0.00302405338414872
694361,2025,"Klein, Will",R,305,14,4,1.599500939038948,1.5704997500779467,1.5672707785819773,0.03342303669936562,0.024690975063201347,-0.004421847738364239,0.016873569500011808,0.004190792792641452,0.005979174291181525,0.0065030473968282435,0.0019368303213333198
694361,2026,"Klein, Will",R,762,36,4,1.6493617109045369,1.4371111812128419,1.426657565032281,0.17859588038851684,0.02444420772830908,0.03365464930317823,0.011329389430242677,0.013901667590902996,0.00543565620461989,0.016970507510344613,0.010359810992148949
694363,2024,"Shuster, Jared",L,1290,39,4,1.7813190419643,1.5745051602836755,1.5774746995186166,0.19369279510821813,0.022602359353642503,0.013121086572406107,0.007215695207165427,-0.003957340509373798,0.005645207844598458,0.0013640500615396942,-0.010133954564898387
694363,2025,"Shuster, Jared",L,280,12,5,1.8422524129561992,1.6625254850086872,1.6610531121402057,0.14812301696016184,0.04371126713236183,0.0316039109873501,0.013690779086432767,0.0020613220158740967,0.004184063107467006,0.0021076936823374863,0.002024141130151199
694462,2025,"Waldrep, Hurston",R,862,10,6,2.3748486633207992,2.252508762453172,2.215536596813412,0.0016296958869029313,0.02450270440082882,0.12071020498072418,0.01784862845978936,0.04995298868569401,0.010542173339478956,0.04965718621355654,0.05022222207350775
694477,2025,"Patrick, Chad",R,2010,27,6,2.094607667458284,1.9874460168694918,1.972235635338405,0.06827872730049042,0.01238673013263686,0.03888292328830167,0.009857813589530962,0.020300708417984176,0.006689743088619517,0.014141708646192463,0.026508980187950216
694477,2026,"Patrick, Chad",R,1730,57,5,1.8622549383213376,1.7857475660241047,1.7738367968019357,0.028094366109084983,0.008873394103932435,0.04841300618814806,0.010756690361873843,0.015985749227581243,0.005811473036402533,0.01655186677340247,0.015371081147895083
694680,2026,"Martin, Trevor",R,265,8,5,1.9908727896397918,1.7544297873560666,1.740566364890426,0.15367573849132982,0.03287919845073713,0.08276726379239531,0.018666875203381762,0.019234591379029976,0.006916982511039399,0.02058126641199336,0.017754728705443843
694738,2024,"Roupp, Landen",R,906,23,5,1.7158292966639996,1.6250300887691038,1.6044720589183492,0.05113474971634396,0.010784234134538669,0.03966445817855189,0.01930034618742533,0.027032764941630448,0.0077743118887778255,0.02392275604107767,0.031548365053465074
694738,2025,"Roupp, Landen",R,1851,22,5,1.81695281235551,1.7442008976601968,1.7421245720218284,0.01692286082422144,0.01603148936406563,0.055829053871091765,0.012915170589952148,0.0027991833624326744,0.005031135143575274,0.009713417127521341,-0.0045621361949850356
694738,2026,"Roupp, Landen",R,2712,29,5,2.1409387078875004,1.9835236427673937,1.9794490000650187,0.03425861091670941,0.007760672024965899,0.12315645420339727,0.009043000148641445,0.00538257720839747,0.004225483142449016,0.009038802278180663,0.0016362085224953615
694753,2026,"Curtis, Khristian",R,349,6,5,2.0788807424702007,2.0030622116339067,2.002232299061683,0.05034489304305158,0.014457844801959803,0.025473637793242382,0.02136249253909711,0.0011054942278853285,0.005394058984812157,0.01150949780322289,-0.009458570940918965
694795,2026,"Ekness, Josh",R,549,30,4,1.6658843918471538,1.6403102196935713,1.635004590021957,0.012892591697993758,0.0073284200034894565,0.012681580455588865,0.012853992498886455,0.006985109567665034,0.005750306595725802,0.00384783360340554,0.010198533006785197
694813,2024,"Stone, Gavin",R,2153,25,7,2.431841260470435,2.159656273990911,2.1531304698842497,0.15518389547690117,0.027298259297412107,0.11700109100262315,0.011568521561071164,0.00893201286817666,0.006829529949854111,0.006023253522617594,0.012265379648899186
694819,2025,"Misiorowski, Jacob",R,1164,15,4,1.6260295591033176,1.528609123174178,1.5268639781989635,0.05936352184189955,0.014173304472298616,0.03805691408724015,0.009795025028160098,0.00227985269489324,0.003928114202046223,-7.385408344890896e-05,0.0048260354948287875
694819,2026,"Misiorowski, Jacob",R,2647,30,6,1.6015620261801227,1.540225797162547,1.5130610215399403,0.01951408968221345,0.013047888654214596,0.041822139335361934,0.009900003269642549,0.03631573791567686,0.006726474338232831,0.03388383744568305,0.03870865000138217
694918,2025,"Tidwell, Blade",R,309,4,6,2.1512490138412756,2.0708710067055085,2.064873189845967,0.07847623550788088,0.015612081667830157,0.0019017716278860676,0.005470789759668116,0.008023053721205159,0.004983345711730679,0.006524109104727092,0.009483563860337637
694918,2026,"Tidwell, Blade",R,959,17,6,2.205584770178598,2.100777495837258,2.093691793790018,0.039284851511436694,0.011249854824383202,0.06552242282990355,0.012278344689906299,0.009398600640806283,0.006406688193000818,0.017433133901270468,0.0012521658028983031
694973,2024,"Skenes, Paul",R,2125,23,6,2.2114473221815167,2.037350820581521,2.032827216215497,0.07480363722832463,0.01274689852230158,0.09929286437167101,0.01196637910489603,0.005970595824721313,0.005885442830489644,0.014786385434958289,-0.003022173250714895
694973,2025,"Skenes, Paul",R,2997,32,7,2.4819023962094833,2.2548112590422473,2.2522239125934704,0.15139012050071798,0.01684363030457236,0.07570101666651767,0.011400496338333926,0.003425034146194445,0.004916960654885784,0.007137110017680478,-0.00024141480500993097
694973,2026,"Skenes, Paul",R,2890,32,7,2.3677702437819725,2.2326124092746906,2.209199273602528,0.08624471446682222,0.013361161125394325,0.048913120040459016,0.013392908634487975,0.031095570814590637,0.0079414075653108,0.03752229379843878,0.02491224040542385
695034,2026,"Morris, Kade",R,322,6,6,2.401548415702298,2.280208699571901,2.2778226654302625,0.11582159994150595,0.029303870391086916,0.005518116188891141,0.025610853131525384,0.0032974377408049303,0.0034886342925964592,0.003926970998624525,0.002260138622806734
695076,2024,"Lowder, Rhett",R,498,6,4,1.9936366529869627,1.8296693709744276,1.8193133118129128,0.06548144560993419,0.029806222728279458,0.09848583640260093,0.015331823170078215,0.014014449626180415,0.004023617708246678,0.01604672214576396,0.01189185388350427
695076,2026,"Lowder, Rhett",R,2296,29,6,2.1252392259493043,1.9990753407399593,1.9976073375030658,0.06226800154155092,0.015521556964082734,0.0638958836677938,0.010345126567001631,0.001990865582934665,0.005282029351957565,0.006189986957274281,-0.0026632041843906917
695239,2026,"Ahlstrom, Robby",L,648,42,5,2.1283162870607764,1.7866894913317564,1.7868820097206943,0.29129816899904404,0.02748929483979813,0.05032862672997613,0.01112271270937499,-0.0002566911852506829,0.007171697008493201,0.0042875463175531285,-0.0040779818126084316
695243,2024,"Miller, Mason",R,1024,55,4,1.0806324578992876,0.9972938409584443,0.9777189391222684,0.03883494333800156,0.012584211514623285,0.04450367360284182,0.009547894769264778,0.025764395218822848,0.005538973185576999,0.026314269752282387,0.02511257765387925
695243,2025,"Miller, Mason",R,972,60,3,1.1358754871943526,1.0843829590882372,1.0718634980599226,0.020784162687734847,0.00639836076103154,0.030708365418380564,0.0091974100322739,0.01646673358527969,0.005218248958845247,0.02366180084315944,0.00876781007684814
695243,2026,"Miller, Mason",R,1149,66,4,1.1329136266291913,1.0864271096951332,1.0809228867219938,0.011303486076178359,0.005938229983421578,0.03518303085787991,0.01006041409718029,0.007211348000156554,0.004393743581795858,0.006189880204447743,0.008180607441862471
695380,2026,"Hoppe, Alex",R,733,42,4,1.6459044119572617,1.4586104075268445,1.4406359886356712,0.15378720047434405,0.03031816312572758,0.033506803956072945,0.009973414335032207,0.024263810400054923,0.0095862790422055,0.03321981002343641,0.014868459851752835
695418,2025,"Lord, Brad",R,2127,48,5,1.823120394836518,1.695930814432013,1.6843281742256844,0.10304777645027935,0.020698812190942696,0.024141803954225407,0.006911425775505842,0.015619503619532429,0.009936830710469293,0.018270525619059407,0.012737348922556607
695418,2026,"Lord, Brad",R,1467,40,5,2.10342590569599,1.9566437082965646,1.9538394485314547,0.09708155464000195,0.01589603240150613,0.04970064275942325,0.008317369172912535,0.003699504564223523,0.0062463935364852705,0.00861143220137047,-0.0009043579249490502
695445,2025,"Lee, Chase",R,600,32,4,1.7889405896717585,1.6109857176365854,1.6050703367387158,0.08698297335721276,0.016674092717992212,0.09097189867796045,0.013620516290657065,0.007834941586582425,0.004569255878762675,0.011993283777223281,0.003231753487175333
695505,2025,"Burns, Chase",R,764,13,5,1.41491950885145,1.3453488695865978,1.3424523347795432,0.06646545701523252,0.015995645675544845,0.0031051822496195917,0.02022723371668957,0.0038486132045042563,0.009226215588175086,0.010700770172117471,-0.0036264671238010735
695505,2026,"Burns, Chase",R,2569,29,5,1.274561052454905,1.206586181603044,1.2040345368834475,0.039773599794023624,0.007010880283723716,0.028201271057837228,0.006292150269126094,0.0033806989606206903,0.0034180673019323917,0.008983667196436321,-0.0021934474221300404
695534,2026,"Petty, Chase",R,477,16,5,2.233851222010757,2.074606067504292,2.074764510004535,0.10263512494299598,0.022357618315386015,0.056610029563468556,0.01899039243913281,-0.00022360080655560205,0.0045168021421084685,0.0021207754954401946,-0.0035799381022186493
695549,2025,"Jobe, Jackson",R,877,10,6,2.2088796409149296,2.001791292005403,1.999456426015546,0.15763831947830645,0.018093464919818777,0.0494500294312202,0.011919522684112125,0.0031072495798248824,0.0053368171819783055,0.003958682952092722,0.0022787590229774333
695549,2026,"Jobe, Jackson",R,771,9,6,2.3123033968869913,2.1822107735415917,2.180377519875514,0.021968795255972888,0.013979251993282562,0.10812382808942643,0.01560278974137353,0.002449633581534655,0.0031159432397825744,0.006268314639906353,-0.002141528759637423
695611,2026,"Jump, Gage",L,1756,20,6,2.1401842668801496,1.8867353170333756,1.8733492236043008,0.13872057970188967,0.017596502082240457,0.11472837014488414,0.013512286048048076,0.017834582747689825,0.005828201414127021,0.016657789438378194,0.019108047861241904
695684,2026,"Rodríguez, Elmer",R,497,6,6,2.101528707623637,1.8781483477807708,1.8605512848371826,0.18423476818099746,0.05391153279100416,0.03914559166186823,0.02099841505930211,0.023510054524095048,0.008206648677186384,0.02786257223188898,0.019847044571991244
696062,2026,"Dotel, Wilber",R,706,22,6,1.9679618972497157,1.930017738599556,1.9258494165415554,0.02678963404499421,0.024183309732070574,0.011154524605165467,0.014783001697705694,0.005605400710377666,0.006025218155522734,0.017989071298374168,-0.004585328210994456
696070,2026,"Rojas, Kendry",L,521,12,4,1.857913217430489,1.775738809899392,1.7741431069885776,0.06606034381079642,0.02463380785450944,0.016114063720300564,0.01971130167321436,0.002126243520548368,0.00465416616049471,0.0041374093345878495,-4.5387650994262794e-05
696131,2024,"Black, Mason",R,663,9,6,2.192234376903488,2.1548704466591464,2.1586874378080148,0.026847756022270682,0.01597151431048344,0.010516174222070684,0.01677221941261119,-0.005122803910323795,0.007405731486014944,0.0005650443316429338,-0.011598579181480719
696131,2026,"Black, Mason",R,556,17,7,2.620302484368689,2.3792339536920197,2.3715276124499085,0.11559581404133373,0.02209525631428322,0.12547271663533519,0.02514842092160296,0.010349579059454191,0.007329153381707326,0.01181566360655611,0.008137124197464018
696136,2024,"Wicks, Jordan",L,852,11,6,2.1138256727529137,1.8710292452897785,1.8705466140543052,0.19295661826363267,0.029652576621963852,0.04983980919950249,0.008685699015924699,0.0006435083139641719,0.003646502855705345,0.0021810186379531064,-0.0013277995657216388
696146,2026,"Smith, Hagen",L,469,18,4,1.630369339201937,1.592126703321476,1.5934776350903956,0.008388062548898657,0.00854016861475212,0.02985457333156216,0.011913380813645073,-0.0017648662942153662,0.004620308871100727,-0.0048872796590902715,0.002487367696107696
696147,2025,"Bachman, Sam",R,334,23,4,1.436081122600795,1.2838094975089693,1.2785532268379851,0.13167720251403175,0.020625588950701004,0.020594422577794154,0.012541373592402365,0.0073149766837864024,0.005781185924977593,0.006581129512277418,0.00786670119959243
696147,2026,"Bachman, Sam",R,830,44,5,1.6412874748594666,1.4838267757443213,1.4833421614090774,0.15693792665371448,0.02120759845070931,0.0005227724614305558,0.012241195535730852,0.0006583140724266597,0.0061343091555022015,-0.002991973188324799,0.0038917475410552653
696149,2025,"Chandler, Bubba",R,461,7,4,1.6645727653975295,1.5022481121306837,1.5034718231426745,0.15347422605207867,0.02307107276352971,0.008850427214767075,0.011339447170909562,-0.0016739785653643734,0.008757508504998244,0.0016994037678153776,-0.006538493669007636
696149,2026,"Chandler, Bubba",R,2685,31,6,2.0761508474390356,2.0249586723783914,2.0102147622829114,0.04415310523952569,0.010507105020396205,0.00703906982111828,0.007674881703837642,0.019675645430598757,0.008823376388075763,0.01236757332435442,0.027417564192075618
696270,2025,"Johnson, Ryan",R,274,14,6,2.109709794336321,2.0087535388697377,2.0057389198434445,0.05435191920799717,0.03867936893610882,0.046604336258586225,0.02125329846235705,0.004089136699031862,0.0070300524619057265,-0.004020351145812392,0.012695123799682908
696270,2026,"Johnson, Ryan",R,1722,22,5,1.9645042951644367,1.8641670764108134,1.8526287315916448,0.05918990432871353,0.010268986158190555,0.04114731442490961,0.00671027275634019,0.01547432225748293,0.00731110127168659,0.01737758660550954,0.01352909617579904
696519,2026,"Natera Jr., Samy",L,580,28,3,0.787310820133075,0.7457346466374394,0.7418909251694626,0.006290343631657686,0.004721086094057519,0.035285829863977984,0.0140695101600324,0.004976246543362771,0.004216624156024563,0.008896640356986228,0.001227048966142086
696522,2026,"Juenger, Hayden",R,292,15,4,2.0089505200110387,1.775244646327327,1.7607443654175903,0.16398604874447337,0.027092631993287434,0.06971982493923784,0.014310116929863781,0.020066739458024355,0.006117130297402482,0.015244696012861455,0.02937596222021385
699008,2026,"Kelly, Antwone",R,293,8,5,1.9957551191720433,1.8933116094906746,1.8885486199592119,0.04228614453623954,0.03211189263315236,0.06015736514512891,0.01683638686196643,0.00658281100338994,0.00809721591018572,0.0008943033594277059,0.012490107402889182
699134,2026,"Rodriguez, Bradgley",R,1183,68,4,1.783174890166702,1.6737081373756226,1.6682857683406782,0.07366563253320745,0.010617317687727461,0.0358011202578721,0.01018218428543581,0.007272860054806577,0.0059578418771126145,0.01081931248924183,0.004316254179113153
699823,2026,"Davis, Tyler",R,488,31,3,1.214362983727691,1.1159678427820927,1.1135951166233342,0.07274238528546402,0.016103547763763718,0.025652755660134176,0.01455889429588045,0.0032074525359396962,0.004712750821253224,0.008707734376523722,-0.0010256075080391867
700187,2024,"Taylor, Troy",R,328,21,4,1.2283529037066891,1.248591972339177,1.24603217241926,-0.01954420522383147,0.038405609445496536,-0.0006948634086564392,0.01674344549339781,0.003399248476650832,0.003018754500534642,0.004736520308765797,0.0021560035702314516
700241,2024,"McGreevy, Michael",R,311,4,6,2.425124221564535,2.1824364014566653,2.188546480187463,0.23564847377570136,0.03710055074386348,0.0070393463321687,0.014854811460251105,-0.008445486601235475,0.005281754730114255,-0.00787998306931579,-0.009293741899115002
700241,2025,"McGreevy, Michael",R,1465,17,7,2.5118022851366986,2.0495181253317525,2.0462903290556103,0.3834783273165024,0.039457597512224,0.07880583248844378,0.014503991275404292,0.00444011412633639,0.007616106523500016,-0.004438725908943449,0.013993953696462063
700241,2026,"McGreevy, Michael",R,2774,31,7,2.667014289367305,2.2513947088848214,2.2373432667241016,0.3478930242200284,0.018275391046222174,0.06772655626245531,0.012283312356464552,0.0188121141669099,0.00571189021872164,0.008777416757931757,0.029101847873672437
700249,2024,"Povich, Cade",L,1389,16,7,2.4593012061842847,2.250289116548632,2.2276278454374827,0.17119515535060967,0.038922243157205876,0.03781693428504311,0.012293069967866268,0.03035342871107666,0.010881021476746777,0.048025124485027264,0.01107845408666682
700249,2025,"Povich, Cade",L,1971,22,7,2.4051910730323884,2.2149746565947663,2.2152671168849305,0.17827813498605763,0.03038752136057437,0.01193828145156511,0.03908266504849433,-0.000388960345422182,0.009261141652838707,0.0039673922899866295,-0.004583752883093984
700249,2026,"Povich, Cade",L,611,8,5,2.049169757870885,1.7944326909944432,1.791601052409663,0.24965232101737228,0.044530314446061786,0.005084745859069953,0.019685890207766333,0.00383621103170898,0.006813642793415679,0.014673152873045572,-0.009642572353038028
700270,2024,"Díaz, Yilber",R,469,7,4,1.4388027845865365,1.3751888035276358,1.3696082182496205,0.0197070818539624,0.03467883692554935,0.04390689920493819,0.015416953451999093,0.007477984272540552,0.0036881976749902055,0.005483039832131957,0.010076661898862279
700363,2025,"Smith-Shawver, AJ",R,711,9,4,1.672981626830434,1.5246524785492557,1.4994477921110676,0.011837958917300865,0.008377650036318667,0.13649118936387758,0.013434873734222069,0.03452896350202651,0.008483561210318203,0.030362396736882534,0.03968329393994169
700363,2026,"Smith-Shawver, AJ",R,573,9,6,2.065381230834086,1.9933289581748102,1.9844440157602554,0.04328386384680001,0.01955356102114241,0.028768408812476134,0.01986997047936519,0.011895028045654484,0.007683291708492344,0.017141454307464648,0.006549612609093187
700669,2025,"Graceffo, Gordon",R,756,26,6,1.9499951610754827,1.8513021836270722,1.8445700100103593,0.0451136974346591,0.020596899870964518,0.05357928001375102,0.013072954116030447,0.009056091199706828,0.0051661102928442885,0.004434785330144149,0.013777137483720503
700669,2026,"Graceffo, Gordon",R,1222,62,6,2.3596462683203394,2.1498039252232743,2.1037011871886726,0.1451268608084774,0.016302342303456688,0.06471548228858764,0.010701029358203872,0.06273668806044962,0.006955054853410631,0.06437815165647347,0.06127492153177992
700712,2026,"Ureña, Walbert",R,2480,29,4,1.9119693065619032,1.7807947728554594,1.7749122003777797,0.06657728700137348,0.010728935486624678,0.06459724670507022,0.013013610597374489,0.007868813238751611,0.006900020296297037,0.003501315005626164,0.012051834249780947
701487,2025,"Ohl, Pierson",R,539,14,4,1.671130686085485,1.626727308571714,1.6253266789113288,0.035839839438560596,0.01242095291269381,0.008563538075210656,0.009426266894782796,0.0018594566180972687,0.003971570472013498,-0.0004057280601865443,0.005134422418025674
701519,2025,"Adams, Travis",R,663,18,6,2.4290607482065463,2.2532800463163385,2.2486914081151124,0.12773142555434744,0.03745851429409084,0.048049276335859974,0.01526911598378532,0.006036244300422451,0.006214149982281241,0.011553967942195147,0.00047455473321730645
701519,2026,"Adams, Travis",R,950,40,5,2.217862026664968,2.1022103258714915,2.095275657045159,0.07993612349019805,0.014627593503777025,0.03571557730327778,0.013601100357722476,0.009371174089638104,0.0047143259738157955,0.00979052553775759,0.008902561477432291
701542,2024,"Warren, Will",R,458,6,5,2.1536005629598263,1.9645623245104955,1.9663511457282439,0.143022201889333,0.033529425601059315,0.04601603655999786,0.019358220102407155,-0.00236786161193296,0.002398967656957559,0.00011240849863800343,-0.005888804496170061
701542,2025,"Warren, Will",R,2802,33,5,2.0718859562658833,1.7846927606602312,1.7833651162782398,0.19999781298730646,0.021831513521563643,0.08719538261834567,0.009580500009239606,0.0017799328030330497,0.0049437045569455254,-0.008395005461549202,0.01255634525074332
701542,2026,"Warren, Will",R,2642,32,6,2.1657705110434544,1.9899725388200529,1.9755270432804937,0.10509333968538198,0.010646408506333284,0.07070463253801995,0.00987632044230759,0.019422391458277483,0.005031210470586713,0.017530343287736703,0.0215847322246098
701552,2025,"Granillo, Andre",R,361,14,4,1.2537991632629484,1.1807260709261085,1.1905837877050154,0.08573105632090984,0.021425324827190124,-0.01265796398407001,0.014651931270270507,-0.013180132434019973,0.008515708671289276,-0.0031413979704924396,-0.022364506517672817
701581,2024,"Festa, David",R,1099,14,3,1.5739025520626946,1.517730373427073,1.5200703179322936,0.0445329448569899,0.01043212263673886,0.011639233778631589,0.005831614757129791,-0.0031284659504103147,0.0026647288264596085,-0.005763371839043406,-0.00025219463686426875
701581,2025,"Festa, David",R,882,11,4,1.9419981484624766,1.8553291787787434,1.8437376352857522,0.04214841609772189,0.016034260737816258,0.044520553586011334,0.012726975241455956,0.01568058490923044,0.006080228291526672,0.013169525706055608,0.01887409225821586
701656,2025,"Henderson, Logan",R,410,5,4,1.5095060224472159,1.4393359103354197,1.4384028245223357,0.07175888847185338,0.007479625551958427,-0.0015887763600574382,0.004858257838609036,0.001230113129789298,0.0035479589158692345,-0.0005224216948344701,0.004019564392315463
701656,2026,"Henderson, Logan",R,1505,18,4,1.6210676556929016,1.5464216865024634,1.5544842755343258,0.03389557511267634,0.008545126071007953,0.04075039407776194,0.008963811234176403,-0.01071925485243192,0.005790442649285893,-0.0120601160851418,-0.009406523575653015
701719,2026,"Samaniego, Tyler",L,314,20,5,2.060583733935244,1.9066979527917651,1.8920851337033013,0.08833816638749227,0.034279780351978595,0.06554761475598646,0.01750286968431557,0.020484041043649804,0.0087031318172284,0.015566275400534275,0.024039963893287185
702021,2026,"Dion, Will",L,792,27,5,1.9928830961261044,1.8656293688150258,1.8567651318894611,0.07387891454624677,0.01925686429347266,0.05337481276483173,0.016005561783868964,0.011899111262791771,0.006762897480463547,0.007554275052580048,0.016580519292104405
702056,2026,"Yesavage, Trey",R,1619,20,3,1.532698838019433,1.381090614396202,1.3734707359420815,0.10987254829648294,0.01674181961008725,0.04173567532674801,0.008545575799301491,0.01013688021135695,0.006515176503748018,-0.002583172518420579,0.02486417530452135
702070,2025,"Cameron, Noah",L,2164,24,5,2.2995323927995712,2.154170976464629,2.146359253789587,0.06339445134066417,0.012090901611797055,0.08196696499427832,0.015143081008335288,0.010525882857279633,0.005203772442208417,0.017148216603508785,0.004018009200491483
702070,2026,"Cameron, Noah",L,2892,31,6,2.472952762561593,2.2751758918936704,2.262619271044286,0.08290429066875817,0.011766790273339224,0.11487257999916439,0.011229022429331128,0.016929486012316964,0.005530621748016916,0.018449624535170104,0.015373495165811631
702193,2026,"Morris, Andrew",R,1295,64,6,2.119717778171014,1.989199119329435,1.9766525869275924,0.07530567437703918,0.013953548985212966,0.05521298446453952,0.018309668025164382,0.016613250981989965,0.007838084419636524,0.006556770453984336,0.025434386493119666
702273,2026,"Schultz, Noah",L,1262,19,6,2.4092738831669602,2.26084115990194,2.24209454626372,0.045763643618231785,0.013561075657489563,0.10266907964678931,0.014806325190553856,0.02524890758957578,0.006484608075914357,0.024024836590336555,0.026643454230261574
702275,2026,"Ritchie, JR",R,1278,17,6,2.456870503229191,2.270129339458836,2.2716207331896556,0.09238520622815947,0.02582027471314012,0.09435595754219545,0.011939236276340158,-0.002002102088221697,0.007492541064880447,0.0130649436191421,-0.019460742352309907
702352,2024,"Bivens, Spencer",R,768,27,6,2.0044663607286344,1.846445528888119,1.8437205700055834,0.09005293509571223,0.020907647384515723,0.0679678967448034,0.013627352989573661,0.003697470709871238,0.008340333717810575,-0.004666778821141923,0.011273171463549822
702352,2025,"Bivens, Spencer",R,1294,54,5,2.111137781363664,1.9555056318866515,1.954236888305865,0.07512175325072698,0.012580085152839345,0.08051039622628493,0.013773468228386465,0.0017263451036143487,0.005570842392183649,-0.006566937906923673,0.012763729110286275
702474,2026,"Paredes, Mike",R,551,9,4,1.948159109796585,1.888811840189566,1.890549523311945,0.03873126938350803,0.014829465697749922,0.020616000223511424,0.016782315220754792,-0.0024117466005817542,0.005135881432175753,-0.0005297583411935069,-0.005319177180790524
702674,2025,"Dana, Caden",R,562,7,4,1.8003416378440429,1.6999481901063103,1.6905127235481279,0.06831921424560877,0.038406841836309866,0.032074233492123676,0.018455462111288828,0.012625552870710596,0.004516688954450262,0.018006382347721825,0.005985380324611639
702752,2026,"Pintaro, Jonathan",R,523,22,5,1.8576133150706138,1.7303137099984855,1.7175677681937953,0.03523260919905184,0.016470096910903936,0.09206699587307622,0.014021220545864153,0.017005427458808772,0.0060576627872084695,0.02117197530415789,0.013912923058038536
702885,2026,"Perdomo, Cesar",L,375,5,3,1.5572371540941845,1.4561732002168628,1.458365113825846,0.08941289817915972,0.010953918149586541,0.011651055698162376,0.01720719901455412,-0.003044324456921267,0.0025350271391925954,-0.005468747304893805,-0.00014684349227116008
703615,2026,"Cabrera, Jose",R,463,8,6,2.531858924260867,2.2792503129130264,2.2794216087377026,0.09557734353809996,0.025425865466498523,0.15703126780973997,0.04207320626837039,-0.00023745499049425436,0.004304624675866469,0.00431082322230004,-0.005303891480695494
703725,2026,"Gastelum, Luis",R,599,34,4,1.8533248369575486,1.701591516820749,1.691717473095628,0.08704306828003794,0.018237511403373576,0.06469025185676165,0.016579668591400885,0.013231660383327737,0.00604808826882707,0.01793278358757482,0.008952432851256673
800048,2025,"Messick, Parker",L,625,7,5,2.215032754190673,2.0885150369942256,2.074258319767883,0.08923949432807027,0.02021387880174875,0.03727822286837702,0.008530571555509955,0.019370539709704256,0.00487460303850874,0.012800132959472289,0.027401036848876664
800048,2026,"Messick, Parker",L,2948,32,6,2.2040587678712233,1.9901971099264038,1.9871057375067496,0.0883635864842145,0.013360704036979053,0.1254980714606049,0.014155473570283001,0.004140556970986257,0.007824863108814398,0.005716325473296921,0.0026361598662047615
800049,2024,"Mazur, Adam",R,584,8,6,2.0115457331020883,1.9101114526090235,1.915210278637169,0.0973061371666129,0.027474813912429633,0.004128143326451971,0.023559589978730693,-0.006989939907129477,0.005352066542158629,-0.010347584078814883,-0.003536363044824487
800049,2025,"Mazur, Adam",R,489,6,6,2.4844437126723755,2.4392063263250394,2.443732338396704,0.08275382944415555,0.03287461698454526,-0.03751644309681893,0.016728652513118804,-0.006323485437268422,0.00762782305529273,0.009042391822060982,-0.02499594387898517
800311,2025,"Fuentes, Didier",R,293,4,4,1.545947876339295,1.463765586594085,1.460979703578481,0.05987481213723324,0.016057611102954634,0.022307477607976803,0.01196921715185839,0.0036603754420268474,0.0011590676975048251,0.0033864454243254464,0.004105108882530297
800311,2026,"Fuentes, Didier",R,1231,58,4,1.1669051155042331,1.086618563552426,1.075431161458725,0.0599470145858621,0.009686757355216472,0.020339537365945203,0.007398539852154629,0.01476065592427204,0.005552048001988642,0.013313345565691448,0.016186410596661007
800600,2026,"Kent, Jackson",L,677,8,5,2.3046239888250604,2.155668912724425,2.153416455331117,0.09400432112775481,0.014299908635493132,0.054950754972880655,0.011903804330064674,0.0030077192411629874,0.006494485129747612,8.502956788078721e-05,0.00603604830022647
801139,2025,"Tolle, Payton",L,304,7,5,1.7252771289844533,1.5241664094698695,1.5270322485360106,0.1031333842409055,0.02248555208939719,0.09797733527367812,0.032907723883354514,-0.003787891635247425,0.011894208620763817,-0.005374491876390989,-0.002281965982636581
801139,2026,"Tolle, Payton",L,2282,26,5,1.9423576125573538,1.8397809179866051,1.8348915640161472,0.023761158385507027,0.01033710305195657,0.07881553618524191,0.010168880749766079,0.006645328028936859,0.00553604111737902,0.006353187218187523,0.006935734036772006
801403,2025,"Dollander, Chase",R,1778,21,5,1.9872173017985952,1.8616910140488678,1.8539579389878627,0.06156695603430681,0.013855108851455028,0.06395933171542037,0.01280825256433839,0.01029918161682955,0.006278435363998761,0.004026806385361641,0.016969033485840248
801403,2026,"Dollander, Chase",R,743,10,6,2.306000527841879,2.214060251728429,2.2097379394401573,0.01264223094075758,0.017168389012399223,0.07929804517269241,0.011835123306305232,0.005807374376465869,0.0028206076709680118,0.004095126775594388,0.008284829975956904
802408,2026,"Mautz, Brycen",L,302,8,5,1.9986132638249912,1.7821845887175571,1.7905305279408346,0.20552513731561062,0.048090191425573796,0.01090353779182296,0.011727171928109983,-0.01110340812964626,0.0022608016168377543,-0.010494140223559415,-0.011707331580416553
804267,2026,"Thornton, Zac",L,1257,15,7,2.4816921631176108,2.441750780867,2.4334238910103188,0.01888676719132978,0.007212703253573225,0.02105461505928124,0.014857492143819965,0.01138944564727769,0.005976481285275327,0.010421854657160952,0.01249461950545298
804636,2025,"Tong, Jonah",R,371,5,4,1.5178045370136684,1.4941510906952562,1.4959964769670333,0.024603464131390834,0.008882782158466634,-0.0009500178129786717,0.007297891961670332,-0.002419216631905539,0.007517622347661631,0.010167546359126136,-0.016024026629564782
804636,2026,"Tong, Jonah",R,539,7,4,1.8160162363219126,1.813964677934756,1.8066049462743563,-0.0016904741084160508,0.014013110835299608,0.0037420324955725615,0.006621930051687048,0.009794803370260445,0.00730336951644607,0.01826270856022112,0.0006755208579951007
805074,2026,"Marte, Yunior",R,381,5,3,1.4672271483640822,1.418340405174985,1.4108351111986202,0.013721630080559892,0.0065479807837116,0.03516511310853726,0.014764157009005045,0.010286032392068599,0.006480231546375081,0.003185795691393375,0.020500407996548745
805123,2025,"Blubaugh, AJ",R,507,11,5,1.7055345309132033,1.6455856811091567,1.6517626740066071,0.057044931229684015,0.030991838907530052,0.00290391857436251,0.012499528030927028,-0.008198260206825373,0.012274454285903902,-0.01853090793498998,0.011146320878234686
805123,2026,"Blubaugh, AJ",R,1640,64,5,1.7045412230054175,1.6343540777335825,1.6270856795547157,0.04265280400813925,0.01097520333435444,0.027534341263695944,0.009665155870428573,0.009620801463552243,0.005235386985921578,-3.756282970939525e-05,0.019807732956942624
805299,2025,"Garcia, Brandyn",L,277,14,4,1.597933503064453,1.4713359654125917,1.4702347331475867,0.07716025229082754,0.025812511602674382,0.04943728536103361,0.01542729630451093,0.0014456935422105968,0.008144939635993935,0.006480537237681127,-0.003541651627830964
805299,2026,"Garcia, Brandyn",L,705,57,3,1.504418539253527,1.257744797148068,1.2541777886509167,0.1229235459007421,0.028186920200175953,0.12375019620471693,0.016490943848628127,0.00490202922123116,0.004904560276172349,0.006480470184737433,0.0030493675818615063
805326,2026,"Schweitzer, Tyler",L,566,18,6,2.049450548585116,1.9325431487675648,1.9393745484630147,0.10194287696042892,0.012415151060608571,0.014964522857122377,0.016219840055898306,-0.009407718315387937,0.004582049581089878,-0.008388368110479202,-0.010640803240680766
805345,2026,"Harris, Trent",R,368,22,6,2.06283813531937,2.0095894294316397,2.0087810175994445,0.004777750364510875,0.02949344308983032,0.04847095552321948,0.022410227140541153,0.0010857501979849133,0.005597105327801248,0.004272954960968058,-0.002009736442322458
805427,2026,"Sommers, Drew",L,642,43,4,1.709390646083888,1.5257908249500216,1.519900288560698,0.07756299887464667,0.013514978851627965,0.10603682225921947,0.016430504731069148,0.007978321438704222,0.007477305108476194,0.012403585400566807,0.003735919624026044
805673,2024,"Matthews, Zebby",R,717,9,5,2.0348000147037273,1.9466974507211088,1.9480091842986051,0.05730602961342602,0.02187581310723744,0.030796534369192215,0.017169266302068734,-0.0017416906945645278,0.005047326828459223,-0.008409583926795144,0.006977861993737047
805673,2025,"Matthews, Zebby",R,1353,16,6,2.199810247027335,2.0202559862315805,2.0134186606500193,0.06346250502896172,0.017424852294578054,0.11609175576679273,0.01643841911844618,0.009260161673525084,0.00781867801968917,-0.0018237218412025297,0.01926732507539345
805673,2026,"Matthews, Zebby",R,2117,23,6,2.3447944997126164,2.1667931236405535,2.1574693258141493,0.09499518276854244,0.014770364828539374,0.08300619330352103,0.011033905167441528,0.012564277529279076,0.006422598590248374,0.009840692083304415,0.01531224289612563
806185,2024,"Birdsong, Hayden",R,1388,16,4,1.8811994527902773,1.786462342770398,1.777420261773094,0.03014644159973813,0.010006766308893399,0.06459066842014131,0.014137017911972858,0.011718401890062966,0.005672116944571184,0.010175139874649101,0.013191259616452476
806185,2025,"Birdsong, Hayden",R,1194,21,5,1.953901176075642,1.8880881847389284,1.881773684968423,0.02985109092754746,0.007819125662777952,0.035961900409165866,0.01316744802689682,0.008414634738820967,0.007363992784004587,0.009724488990859372,0.0070692188328810674
806188,2025,"Gibson, Cade",L,908,44,6,2.473360545698017,2.236605960385205,2.2234814307230706,0.16489180014531696,0.02690218354575523,0.0718627851674957,0.015772284176540717,0.01755091742741926,0.006987986667253377,0.020660094105825935,0.014812085893531933
806188,2026,"Gibson, Cade",L,877,47,6,2.421600951522594,2.33300399318952,2.3275887002230777,0.07356593133318122,0.014265717285080156,0.015031026999892923,0.008634015461510993,0.0072507052390384675,0.005883974184276084,0.006686935945848197,0.007782689319853023
806960,2025,"Morales, Luis",R,821,10,5,1.7820086771686723,1.6857007895818874,1.6797916295252553,0.06638437652470873,0.035470066566655724,0.029923511062075903,0.01591879433192026,0.00781227118598217,0.006874380177736734,0.017943896370428918,-0.0012968964110433487
806960,2026,"Morales, Luis",R,346,5,5,2.0805806679510512,2.0604648444567206,2.0552768132027155,-0.013100075058173104,0.026587901734222964,0.0332158985525036,0.01717318517002438,0.007011948491741558,0.0029391932026523538,0.0031607862275317244,0.01130869977825666
807739,2026,"Anderson, Kade",L,541,7,5,2.017995341610394,1.8942698779515281,1.8854674801647406,0.0628541001247753,0.031484176344121054,0.060871363534090686,0.012369933806595904,0.01205594228519538,0.0031844763693424753,0.011352676832825898,0.012870654175372045
807743,2026,"Sullivan, Sean",L,412,5,5,2.0786483069922994,1.976429454384444,1.976418240506008,0.07402110274926967,0.023382488706646862,0.028197749858585402,0.014370673266707186,1.5503751394882787e-05,0.0049540873283443415,-0.0002633497657850783,0.000440873523364315
808825,2026,"Sears, Andrew",L,364,6,4,1.8248878732795841,1.7352951412030193,1.7310096287567225,0.095159611929685,0.02393368572908458,-0.0055668798531199075,0.008499129390028785,0.005735024009014632,0.005408070254747678,0.0030407215419353843,0.009251317059270599
808963,2025,"Sasaki, Roki",R,621,10,4,1.5082905853414157,1.387309814594377,1.3839926039753052,0.004134683946828736,0.018726140394068353,0.11684608680020984,0.016507074856602303,0.004478234335747037,0.005763377132826832,-0.005672113357392988,0.0148968731573401
808963,2026,"Sasaki, Roki",R,2100,26,3,1.5381747518553692,1.470146544168627,1.458784766048584,0.011449154727530818,0.00443045853670897,0.05657905295921162,0.009208142321903767,0.015139425159955661,0.005279706363478395,0.020884505226564383,0.008812176979930586
808967,2024,"Yamamoto, Yoshinobu",R,1469,18,7,2.091840565358314,1.9661797894226762,1.9665056394443121,0.04217702692188667,0.01588342590776726,0.08348374901375076,0.014737620357032303,-0.0004351578925298277,0.00540667930433535,0.005107661204669363,-0.0061623961094140174
808967,2025,"Yamamoto, Yoshinobu",R,2789,30,7,2.266029961368218,2.0732262412579208,2.0586283785235135,0.07758560442769992,0.007729811436199026,0.11521811568259745,0.014947703662058786,0.01936890540735558,0.005713593910317965,0.02646240487075413,0.011986156451274758
808967,2026,"Yamamoto, Yoshinobu",R,2734,28,6,2.442071721407649,2.3084923682070198,2.2953081095009855,0.08754357519172853,0.008002075377332373,0.04603577800890097,0.0086312228886773,0.01779159096855732,0.005730143149494751,0.018584642479220575,0.01694177707983024
813349,2025,"Early, Connelly",L,323,4,6,2.5087177773184663,2.2875349284934146,2.2908290131805265,0.1511753489912668,0.08381343876738141,0.07000749983378547,0.01628310769317875,-0.00436061210629983,0.006162750970950516,0.004513444135168559,-0.012808713648177737
813349,2026,"Early, Connelly",L,1562,18,6,2.385346585901901,2.1011612021257435,2.10660980633924,0.1671006450739536,0.021973192016936226,0.11708473870220353,0.016544943852726417,-0.007324199467712345,0.006451406742584294,0.0015667211846072775,-0.016558278460998693
814305,2026,"Tur, Yunior",R,294,8,4,1.660537072861247,1.5376947301865567,1.532429257560024,0.005774775150172139,0.018526176200847334,0.1170675675245181,0.016343902593634406,0.007166893297225079,0.0030997101541846385,0.0034362000198257486,0.010567436727066948
814490,2026,"Pecko, Ethan",R,572,8,6,2.520090972452734,2.323628207863426,2.3255563377874675,0.17023096112644406,0.02505544684874424,0.026231803462863357,0.01613083548847772,-0.0025589102472198676,0.005905951862592874,0.0013852709833229984,-0.006988828082509393
815081,2026,"Manfredi, Mark",L,298,14,5,1.5723807319822203,1.5511014385834352,1.5588432909757493,0.05288883979168302,0.01487964784351921,-0.031609546392898036,0.010460953803041408,-0.010345614407666242,0.004957314037781008,-0.005950975161779396,-0.015196301122465878
815083,2025,"Farris, Mitch",L,405,5,3,1.5121778364175298,1.4407266382143062,1.4313162439859477,0.006345721447670149,0.010448067901502345,0.06510547675555346,0.010013492498173402,0.012789294169413176,0.005170713659321082,0.013029793571574284,0.012437489258813864
815083,2026,"Farris, Mitch",L,961,33,4,1.8490618764506739,1.6993223290078376,1.6948214373253765,0.05392393897241324,0.016137431009609206,0.09581560847042309,0.020725026974480285,0.0060834836945778655,0.005040832535863106,0.010477539403283831,0.0014219637253419719
820862,2025,"Fermin, José",R,645,40,4,1.2309574359076112,1.2462547177768522,1.2185533988405146,0.0034660799393325505,0.004430288563746615,-0.018763361808573298,0.006089041535777281,0.036168726141574396,0.009496121186789505,0.03314809917758404,0.03895428485933983
820862,2026,"Fermin, José",R,981,53,4,1.4627852119593248,1.3952754140608645,1.3844735643444395,0.06547028667981292,0.01285298074544036,0.0020395112186471264,0.008145317330745633,0.014242761521254253,0.005506204385134347,0.02879613436725154,0.0023870870564662154
829272,2025,"Ogasawara, Shinnosuke",L,674,23,6,2.0359534213633528,1.7514925425983898,1.7519881199403093,0.2529560442057432,0.02657623818509153,0.031504834559219895,0.013669554725488971,-0.0006680382569080857,0.007028314516076244,0.0008537127914261768,-0.00237033603979048
837227,2026,"Imai, Tatsuya",R,1451,23,6,1.6523707003921468,1.6387057618349128,1.5914145167705478,0.000991215191653686,0.020371584624196193,0.012673723365580498,0.017338508260775418,0.06165282712344384,0.02295960669285414,0.052926387539438804,0.06978841402728188
